{
"type": "FeatureCollection",
"name": "slick_geometry",
"crs": { "type": "name", "properties": { "name": "urn:ogc:def:crs:OGC:1.3:CRS84" } },
"features": [
{ "type": "Feature", "properties": { "slick_id": 1, "centroid": [ -121.828272, 47.68145 ], "bounding_box": [ -121.82946000000001, 47.68098, -121.82716, 47.68188 ], "area_km2": 0.0195, "perimeter_m": 712.45, "orientation": 0.0, "compactness": 0.4817, "confidence": 0.3145 }, "geometry": { "type": "Polygon", "coordinates": [ [ [ -121.82876, 47.68188 ], [ -121.82776, 47.68188 ], [ -121.82776, 47.68178 ], [ -121.82726, 47.68178 ], [ -121.82726, 47.68168 ], [ -121.82716, 47.68168 ], [ -121.82716, 47.68148 ], [ -121.82726, 47.68148 ], [ -121.82726, 47.68128 ], [ -121.82736, 47.68128 ], [ -121.82736, 47.68118 ], [ -121.82756, 47.68118 ], [ -121.82756, 47.68108 ], [ -121.82786, 47.68108 ], [ -121.82786, 47.68098 ], [ -121.82896, 47.68098 ], [ -121.82896, 47.68108 ], [ -121.82906, 47.68108 ], [ -121.82906, 47.68128 ], [ -121.82916, 47.68128 ], [ -121.82916, 47.68148 ], [ -121.82926, 47.68148 ], [ -121.82926, 47.68158 ], [ -121.82946, 47.68158 ], [ -121.82946, 47.68178 ], [ -121.82876, 47.68178 ], [ -121.82876, 47.68188 ] ] ] } },
{ "type": "Feature", "properties": { "slick_id": 2, "centroid": [ -121.923969, 47.681545 ], "bounding_box": [ -121.92526000000001, 47.68008, -121.92256, 47.68288 ], "area_km2": 0.0584, "perimeter_m": 1291.31, "orientation": 27.9, "compactness": 0.4399, "confidence": 0.33 }, "geometry": { "type": "Polygon", "coordinates": [ [ [ -121.92416, 47.68288 ], [ -121.92366, 47.68288 ], [ -121.92366, 47.68278 ], [ -121.92356, 47.68278 ], [ -121.92356, 47.68268 ], [ -121.92336, 47.68268 ], [ -121.92336, 47.68258 ], [ -121.92326, 47.68258 ], [ -121.92326, 47.68248 ], [ -121.92306, 47.68248 ], [ -121.92306, 47.68238 ], [ -121.92296, 47.68238 ], [ -121.92296, 47.68228 ], [ -121.92286, 47.68228 ], [ -121.92286, 47.68218 ], [ -121.92276, 47.68218 ], [ -121.92276, 47.68208 ], [ -121.92266, 47.68208 ], [ -121.92266, 47.68168 ], [ -121.92256, 47.68168 ], [ -121.92256, 47.68128 ], [ -121.92266, 47.68128 ], [ -121.92266, 47.68108 ], [ -121.92276, 47.68108 ], [ -121.92276, 47.68098 ], [ -121.92326, 47.68098 ], [ -121.92326, 47.68088 ], [ -121.92356, 47.68088 ], [ -121.92356, 47.68078 ], [ -121.92376, 47.68078 ], [ -121.92376, 47.68068 ], [ -121.92386, 47.68068 ], [ -121.92386, 47.68058 ], [ -121.92396, 47.68058 ], [ -121.92396, 47.68048 ], [ -121.92416, 47.68048 ], [ -121.92416, 47.68038 ], [ -121.92426, 47.68038 ], [ -121.92426, 47.68028 ], [ -121.92436, 47.68028 ], [ -121.92436, 47.68018 ], [ -121.92446, 47.68018 ], [ -121.92446, 47.68008 ], [ -121.92496, 47.68008 ], [ -121.92496, 47.68078 ], [ -121.92506, 47.68078 ], [ -121.92506, 47.68098 ], [ -121.92516, 47.68098 ], [ -121.92516, 47.68128 ], [ -121.92526, 47.68128 ], [ -121.92526, 47.68158 ], [ -121.92516, 47.68158 ], [ -121.92516, 47.68178 ], [ -121.92496, 47.68178 ], [ -121.92496, 47.68188 ], [ -121.92476, 47.68188 ], [ -121.92476, 47.68198 ], [ -121.92466, 47.68198 ], [ -121.92466, 47.68228 ], [ -121.92476, 47.68228 ], [ -121.92476, 47.68238 ], [ -121.92496, 47.68238 ], [ -121.92496, 47.68248 ], [ -121.92456, 47.68248 ], [ -121.92456, 47.68258 ], [ -121.92436, 47.68258 ], [ -121.92436, 47.68268 ], [ -121.92426, 47.68268 ], [ -121.92426, 47.68278 ], [ -121.92416, 47.68278 ], [ -121.92416, 47.68288 ] ] ] } },
{ "type": "Feature", "properties": { "slick_id": 3, "centroid": [ -121.862425, 47.680762 ], "bounding_box": [ -121.86476, 47.67828, -121.86026000000001, 47.68298 ], "area_km2": 0.2016, "perimeter_m": 2115.08, "orientation": 90.0, "compactness": 0.5664, "confidence": 0.3724 }, "geometry": { "type": "Polygon", "coordinates": [ [ [ -121.86306, 47.68298 ], [ -121.86186, 47.68298 ], [ -121.86186, 47.68288 ], [ -121.86156, 47.68288 ], [ -121.86156, 47.68278 ], [ -121.86136, 47.68278 ], [ -121.86136, 47.68268 ], [ -121.86066, 47.68268 ], [ -121.86066, 47.68258 ], [ -121.86046, 47.68258 ], [ -121.86046, 47.68248 ], [ -121.86036, 47.68248 ], [ -121.86036, 47.68228 ], [ -121.86026, 47.68228 ], [ -121.86026, 47.68148 ], [ -121.86036, 47.68148 ], [ -121.86036, 47.68128 ], [ -121.86046, 47.68128 ], [ -121.86046, 47.68118 ], [ -121.86056, 47.68118 ], [ -121.86056, 47.68098 ], [ -121.86066, 47.68098 ], [ -121.86066, 47.68068 ], [ -121.86056, 47.68068 ], [ -121.86056, 47.67978 ], [ -121.86046, 47.67978 ], [ -121.86046, 47.67968 ], [ -121.86056, 47.67968 ], [ -121.86056, 47.67928 ], [ -121.86066, 47.67928 ], [ -121.86066, 47.67898 ], [ -121.86076, 47.67898 ], [ -121.86076, 47.67888 ], [ -121.86086, 47.67888 ], [ -121.86086, 47.67878 ], [ -121.86096, 47.67878 ], [ -121.86096, 47.67868 ], [ -121.86116, 47.67868 ], [ -121.86116, 47.67858 ], [ -121.86126, 47.67858 ], [ -121.86126, 47.67848 ], [ -121.86196, 47.67848 ], [ -121.86196, 47.67858 ], [ -121.86206, 47.67858 ], [ -121.86206, 47.67848 ], [ -121.86226, 47.67848 ], [ -121.86226, 47.67838 ], [ -121.86236, 47.67838 ], [ -121.86236, 47.67828 ], [ -121.86296, 47.67828 ], [ -121.86296, 47.67838 ], [ -121.86326, 47.67838 ], [ -121.86326, 47.67848 ], [ -121.86336, 47.67848 ], [ -121.86336, 47.67868 ], [ -121.86346, 47.67868 ], [ -121.86346, 47.67878 ], [ -121.86356, 47.67878 ], [ -121.86356, 47.67888 ], [ -121.86366, 47.67888 ], [ -121.86366, 47.67898 ], [ -121.86376, 47.67898 ], [ -121.86376, 47.67918 ], [ -121.86386, 47.67918 ], [ -121.86386, 47.67938 ], [ -121.86396, 47.67938 ], [ -121.86396, 47.67948 ], [ -121.86406, 47.67948 ], [ -121.86406, 47.67958 ], [ -121.86416, 47.67958 ], [ -121.86416, 47.67978 ], [ -121.86426, 47.67978 ], [ -121.86426, 47.67998 ], [ -121.86436, 47.67998 ], [ -121.86436, 47.68008 ], [ -121.86446, 47.68008 ], [ -121.86446, 47.68028 ], [ -121.86456, 47.68028 ], [ -121.86456, 47.68068 ], [ -121.86466, 47.68068 ], [ -121.86466, 47.68118 ], [ -121.86476, 47.68118 ], [ -121.86476, 47.68148 ], [ -121.86466, 47.68148 ], [ -121.86466, 47.68188 ], [ -121.86456, 47.68188 ], [ -121.86456, 47.68208 ], [ -121.86446, 47.68208 ], [ -121.86446, 47.68218 ], [ -121.86436, 47.68218 ], [ -121.86436, 47.68228 ], [ -121.86416, 47.68228 ], [ -121.86416, 47.68238 ], [ -121.86396, 47.68238 ], [ -121.86396, 47.68248 ], [ -121.86386, 47.68248 ], [ -121.86386, 47.68258 ], [ -121.86376, 47.68258 ], [ -121.86376, 47.68268 ], [ -121.86356, 47.68268 ], [ -121.86356, 47.68278 ], [ -121.86336, 47.68278 ], [ -121.86336, 47.68288 ], [ -121.86306, 47.68288 ], [ -121.86306, 47.68298 ] ] ] } },
{ "type": "Feature", "properties": { "slick_id": 4, "centroid": [ -121.767846, 47.680997 ], "bounding_box": [ -121.76946000000001, 47.677879999999995, -121.76556000000001, 47.68398 ], "area_km2": 0.1657, "perimeter_m": 2449.04, "orientation": 90.0, "compactness": 0.3471, "confidence": 0.4026 }, "geometry": { "type": "Polygon", "coordinates": [ [ [ -121.76886, 47.68398 ], [ -121.76876, 47.68398 ], [ -121.76876, 47.68388 ], [ -121.76856, 47.68388 ], [ -121.76856, 47.68378 ], [ -121.76846, 47.68378 ], [ -121.76846, 47.68368 ], [ -121.76836, 47.68368 ], [ -121.76836, 47.68358 ], [ -121.76816, 47.68358 ], [ -121.76816, 47.68348 ], [ -121.76806, 47.68348 ], [ -121.76806, 47.68338 ], [ -121.76796, 47.68338 ], [ -121.76796, 47.68328 ], [ -121.76786, 47.68328 ], [ -121.76786, 47.68318 ], [ -121.76776, 47.68318 ], [ -121.76776, 47.68308 ], [ -121.76766, 47.68308 ], [ -121.76766, 47.68298 ], [ -121.76756, 47.68298 ], [ -121.76756, 47.68288 ], [ -121.76746, 47.68288 ], [ -121.76746, 47.68278 ], [ -121.76736, 47.68278 ], [ -121.76736, 47.68268 ], [ -121.76726, 47.68268 ], [ -121.76726, 47.68258 ], [ -121.76716, 47.68258 ], [ -121.76716, 47.68248 ], [ -121.76706, 47.68248 ], [ -121.76706, 47.68238 ], [ -121.76696, 47.68238 ], [ -121.76696, 47.68228 ], [ -121.76686, 47.68228 ], [ -121.76686, 47.68218 ], [ -121.76676, 47.68218 ], [ -121.76676, 47.68208 ], [ -121.76666, 47.68208 ], [ -121.76666, 47.68198 ], [ -121.76646, 47.68198 ], [ -121.76646, 47.68188 ], [ -121.76626, 47.68188 ], [ -121.76626, 47.68178 ], [ -121.76616, 47.68178 ], [ -121.76616, 47.68188 ], [ -121.76596, 47.68188 ], [ -121.76596, 47.68198 ], [ -121.76586, 47.68198 ], [ -121.76586, 47.68208 ], [ -121.76576, 47.68208 ], [ -121.76576, 47.68218 ], [ -121.76566, 47.68218 ], [ -121.76566, 47.68198 ], [ -121.76556, 47.68198 ], [ -121.76556, 47.68038 ], [ -121.76566, 47.68038 ], [ -121.76566, 47.67988 ], [ -121.76576, 47.67988 ], [ -121.76576, 47.68008 ], [ -121.76586, 47.68008 ], [ -121.76586, 47.68028 ], [ -121.76596, 47.68028 ], [ -121.76596, 47.68038 ], [ -121.76616, 47.68038 ], [ -121.76616, 47.68048 ], [ -121.76626, 47.68048 ], [ -121.76626, 47.68038 ], [ -121.76646, 47.68038 ], [ -121.76646, 47.68028 ], [ -121.76656, 47.68028 ], [ -121.76656, 47.68018 ], [ -121.76666, 47.68018 ], [ -121.76666, 47.68008 ], [ -121.76676, 47.68008 ], [ -121.76676, 47.67988 ], [ -121.76686, 47.67988 ], [ -121.76686, 47.67978 ], [ -121.76696, 47.67978 ], [ -121.76696, 47.67958 ], [ -121.76706, 47.67958 ], [ -121.76706, 47.67948 ], [ -121.76716, 47.67948 ], [ -121.76716, 47.67928 ], [ -121.76726, 47.67928 ], [ -121.76726, 47.67918 ], [ -121.76736, 47.67918 ], [ -121.76736, 47.67898 ], [ -121.76746, 47.67898 ], [ -121.76746, 47.67888 ], [ -121.76756, 47.67888 ], [ -121.76756, 47.67868 ], [ -121.76766, 47.67868 ], [ -121.76766, 47.67858 ], [ -121.76776, 47.67858 ], [ -121.76776, 47.67838 ], [ -121.76786, 47.67838 ], [ -121.76786, 47.67828 ], [ -121.76796, 47.67828 ], [ -121.76796, 47.67808 ], [ -121.76806, 47.67808 ], [ -121.76806, 47.67798 ], [ -121.76826, 47.67798 ], [ -121.76826, 47.67788 ], [ -121.76846, 47.67788 ], [ -121.76846, 47.67798 ], [ -121.76856, 47.67798 ], [ -121.76856, 47.67818 ], [ -121.76866, 47.67818 ], [ -121.76866, 47.67838 ], [ -121.76876, 47.67838 ], [ -121.76876, 47.67858 ], [ -121.76886, 47.67858 ], [ -121.76886, 47.67878 ], [ -121.76896, 47.67878 ], [ -121.76896, 47.67908 ], [ -121.76906, 47.67908 ], [ -121.76906, 47.67948 ], [ -121.76916, 47.67948 ], [ -121.76916, 47.68028 ], [ -121.76926, 47.68028 ], [ -121.76926, 47.68058 ], [ -121.76936, 47.68058 ], [ -121.76936, 47.68078 ], [ -121.76946, 47.68078 ], [ -121.76946, 47.68208 ], [ -121.76936, 47.68208 ], [ -121.76936, 47.68238 ], [ -121.76926, 47.68238 ], [ -121.76926, 47.68298 ], [ -121.76916, 47.68298 ], [ -121.76916, 47.68328 ], [ -121.76906, 47.68328 ], [ -121.76906, 47.68358 ], [ -121.76896, 47.68358 ], [ -121.76896, 47.68388 ], [ -121.76886, 47.68388 ], [ -121.76886, 47.68398 ] ] ] } },
{ "type": "Feature", "properties": { "slick_id": 5, "centroid": [ -121.846784, 47.681074 ], "bounding_box": [ -121.84996000000001, 47.67758, -121.84356000000001, 47.684279999999994 ], "area_km2": 0.3827, "perimeter_m": 2938.85, "orientation": 153.43, "compactness": 0.5568, "confidence": 0.393 }, "geometry": { "type": "Polygon", "coordinates": [ [ [ -121.84756, 47.68428 ], [ -121.84686, 47.68428 ], [ -121.84686, 47.68418 ], [ -121.84656, 47.68418 ], [ -121.84656, 47.68408 ], [ -121.84626, 47.68408 ], [ -121.84626, 47.68398 ], [ -121.84596, 47.68398 ], [ -121.84596, 47.68388 ], [ -121.84566, 47.68388 ], [ -121.84566, 47.68378 ], [ -121.84546, 47.68378 ], [ -121.84546, 47.68368 ], [ -121.84526, 47.68368 ], [ -121.84526, 47.68358 ], [ -121.84496, 47.68358 ], [ -121.84496, 47.68348 ], [ -121.84486, 47.68348 ], [ -121.84486, 47.68338 ], [ -121.84466, 47.68338 ], [ -121.84466, 47.68328 ], [ -121.84456, 47.68328 ], [ -121.84456, 47.68318 ], [ -121.84436, 47.68318 ], [ -121.84436, 47.68308 ], [ -121.84426, 47.68308 ], [ -121.84426, 47.68298 ], [ -121.84416, 47.68298 ], [ -121.84416, 47.68278 ], [ -121.84406, 47.68278 ], [ -121.84406, 47.68268 ], [ -121.84396, 47.68268 ], [ -121.84396, 47.68258 ], [ -121.84386, 47.68258 ], [ -121.84386, 47.68198 ], [ -121.84376, 47.68198 ], [ -121.84376, 47.68168 ], [ -121.84366, 47.68168 ], [ -121.84366, 47.68128 ], [ -121.84356, 47.68128 ], [ -121.84356, 47.68078 ], [ -121.84366, 47.68078 ], [ -121.84366, 47.68058 ], [ -121.84376, 47.68058 ], [ -121.84376, 47.68038 ], [ -121.84386, 47.68038 ], [ -121.84386, 47.68018 ], [ -121.84396, 47.68018 ], [ -121.84396, 47.67998 ], [ -121.84406, 47.67998 ], [ -121.84406, 47.67988 ], [ -121.84416, 47.67988 ], [ -121.84416, 47.67968 ], [ -121.84426, 47.67968 ], [ -121.84426, 47.67948 ], [ -121.84436, 47.67948 ], [ -121.84436, 47.67928 ], [ -121.84446, 47.67928 ], [ -121.84446, 47.67908 ], [ -121.84456, 47.67908 ], [ -121.84456, 47.67898 ], [ -121.84466, 47.67898 ], [ -121.84466, 47.67888 ], [ -121.84476, 47.67888 ], [ -121.84476, 47.67868 ], [ -121.84486, 47.67868 ], [ -121.84486, 47.67858 ], [ -121.84496, 47.67858 ], [ -121.84496, 47.67848 ], [ -121.84516, 47.67848 ], [ -121.84516, 47.67838 ], [ -121.84526, 47.67838 ], [ -121.84526, 47.67828 ], [ -121.84536, 47.67828 ], [ -121.84536, 47.67808 ], [ -121.84546, 47.67808 ], [ -121.84546, 47.67798 ], [ -121.84556, 47.67798 ], [ -121.84556, 47.67778 ], [ -121.84566, 47.67778 ], [ -121.84566, 47.67768 ], [ -121.84596, 47.67768 ], [ -121.84596, 47.67758 ], [ -121.84626, 47.67758 ], [ -121.84626, 47.67768 ], [ -121.84646, 47.67768 ], [ -121.84646, 47.67778 ], [ -121.84666, 47.67778 ], [ -121.84666, 47.67788 ], [ -121.84706, 47.67788 ], [ -121.84706, 47.67778 ], [ -121.84746, 47.67778 ], [ -121.84746, 47.67788 ], [ -121.84776, 47.67788 ], [ -121.84776, 47.67798 ], [ -121.84796, 47.67798 ], [ -121.84796, 47.67808 ], [ -121.84816, 47.67808 ], [ -121.84816, 47.67818 ], [ -121.84826, 47.67818 ], [ -121.84826, 47.67828 ], [ -121.84836, 47.67828 ], [ -121.84836, 47.67838 ], [ -121.84846, 47.67838 ], [ -121.84846, 47.67848 ], [ -121.84856, 47.67848 ], [ -121.84856, 47.67868 ], [ -121.84866, 47.67868 ], [ -121.84866, 47.67878 ], [ -121.84876, 47.67878 ], [ -121.84876, 47.67898 ], [ -121.84886, 47.67898 ], [ -121.84886, 47.67908 ], [ -121.84896, 47.67908 ], [ -121.84896, 47.67928 ], [ -121.84906, 47.67928 ], [ -121.84906, 47.67938 ], [ -121.84916, 47.67938 ], [ -121.84916, 47.67948 ], [ -121.84926, 47.67948 ], [ -121.84926, 47.67958 ], [ -121.84936, 47.67958 ], [ -121.84936, 47.67988 ], [ -121.84946, 47.67988 ], [ -121.84946, 47.68078 ], [ -121.84956, 47.68078 ], [ -121.84956, 47.68108 ], [ -121.84966, 47.68108 ], [ -121.84966, 47.68128 ], [ -121.84976, 47.68128 ], [ -121.84976, 47.68148 ], [ -121.84986, 47.68148 ], [ -121.84986, 47.68188 ], [ -121.84996, 47.68188 ], [ -121.84996, 47.68258 ], [ -121.84986, 47.68258 ], [ -121.84986, 47.68288 ], [ -121.84976, 47.68288 ], [ -121.84976, 47.68298 ], [ -121.84966, 47.68298 ], [ -121.84966, 47.68308 ], [ -121.84956, 47.68308 ], [ -121.84956, 47.68318 ], [ -121.84946, 47.68318 ], [ -121.84946, 47.68328 ], [ -121.84926, 47.68328 ], [ -121.84926, 47.68338 ], [ -121.84906, 47.68338 ], [ -121.84906, 47.68348 ], [ -121.84896, 47.68348 ], [ -121.84896, 47.68358 ], [ -121.84876, 47.68358 ], [ -121.84876, 47.68368 ], [ -121.84856, 47.68368 ], [ -121.84856, 47.68378 ], [ -121.84836, 47.68378 ], [ -121.84836, 47.68388 ], [ -121.84816, 47.68388 ], [ -121.84816, 47.68398 ], [ -121.84796, 47.68398 ], [ -121.84796, 47.68408 ], [ -121.84776, 47.68408 ], [ -121.84776, 47.68418 ], [ -121.84756, 47.68418 ], [ -121.84756, 47.68428 ] ] ] } },
{ "type": "Feature", "properties": { "slick_id": 6, "centroid": [ -122.129606, 47.680598 ], "bounding_box": [ -122.14176, 47.67678, -122.11656, 47.682779999999994 ], "area_km2": 0.9675, "perimeter_m": 8081.83, "orientation": 179.52, "compactness": 0.1861, "confidence": 0.4888 }, "geometry": { "type": "Polygon", "coordinates": [ [ [ -122.14136, 47.68278 ], [ -122.14106, 47.68278 ], [ -122.14106, 47.68268 ], [ -122.13966, 47.68268 ], [ -122.13966, 47.68258 ], [ -122.13916, 47.68258 ], [ -122.13916, 47.68248 ], [ -122.13896, 47.68248 ], [ -122.13896, 47.68238 ], [ -122.13876, 47.68238 ], [ -122.13876, 47.68228 ], [ -122.13856, 47.68228 ], [ -122.13856, 47.68218 ], [ -122.13836, 47.68218 ], [ -122.13836, 47.68208 ], [ -122.13826, 47.68208 ], [ -122.13826, 47.68198 ], [ -122.13806, 47.68198 ], [ -122.13806, 47.68188 ], [ -122.13776, 47.68188 ], [ -122.13776, 47.68178 ], [ -122.13726, 47.68178 ], [ -122.13726, 47.68188 ], [ -122.13706, 47.68188 ], [ -122.13706, 47.68198 ], [ -122.13676, 47.68198 ], [ -122.13676, 47.68208 ], [ -122.13646, 47.68208 ], [ -122.13646, 47.68218 ], [ -122.13626, 47.68218 ], [ -122.13626, 47.68228 ], [ -122.13606, 47.68228 ], [ -122.13606, 47.68238 ], [ -122.13586, 47.68238 ], [ -122.13586, 47.68248 ], [ -122.13576, 47.68248 ], [ -122.13576, 47.68258 ], [ -122.13536, 47.68258 ], [ -122.13536, 47.68268 ], [ -122.13406, 47.68268 ], [ -122.13406, 47.68278 ], [ -122.13396, 47.68278 ], [ -122.13396, 47.68268 ], [ -122.13326, 47.68268 ], [ -122.13326, 47.68258 ], [ -122.13296, 47.68258 ], [ -122.13296, 47.68248 ], [ -122.13086, 47.68248 ], [ -122.13086, 47.68258 ], [ -122.13056, 47.68258 ], [ -122.13056, 47.68268 ], [ -122.12946, 47.68268 ], [ -122.12946, 47.68258 ], [ -122.12616, 47.68258 ], [ -122.12616, 47.68248 ], [ -122.12416, 47.68248 ], [ -122.12416, 47.68258 ], [ -122.12256, 47.68258 ], [ -122.12256, 47.68268 ], [ -122.12206, 47.68268 ], [ -122.12206, 47.68258 ], [ -122.12176, 47.68258 ], [ -122.12176, 47.68248 ], [ -122.12166, 47.68248 ], [ -122.12166, 47.68238 ], [ -122.12146, 47.68238 ], [ -122.12146, 47.68228 ], [ -122.12136, 47.68228 ], [ -122.12136, 47.68218 ], [ -122.12116, 47.68218 ], [ -122.12116, 47.68208 ], [ -122.12076, 47.68208 ], [ -122.12076, 47.68198 ], [ -122.12026, 47.68198 ], [ -122.12026, 47.68188 ], [ -122.11946, 47.68188 ], [ -122.11946, 47.68178 ], [ -122.11906, 47.68178 ], [ -122.11906, 47.68168 ], [ -122.11866, 47.68168 ], [ -122.11866, 47.68158 ], [ -122.11836, 47.68158 ], [ -122.11836, 47.68148 ], [ -122.11786, 47.68148 ], [ -122.11786, 47.68158 ], [ -122.11746, 47.68158 ], [ -122.11746, 47.68148 ], [ -122.11716, 47.68148 ], [ -122.11716, 47.68138 ], [ -122.11676, 47.68138 ], [ -122.11676, 47.68128 ], [ -122.11666, 47.68128 ], [ -122.11666, 47.68108 ], [ -122.11656, 47.68108 ], [ -122.11656, 47.68088 ], [ -122.11676, 47.68088 ], [ -122.11676, 47.68078 ], [ -122.11706, 47.68078 ], [ -122.11706, 47.68068 ], [ -122.11756, 47.68068 ], [ -122.11756, 47.68058 ], [ -122.11786, 47.68058 ], [ -122.11786, 47.68068 ], [ -122.11846, 47.68068 ], [ -122.11846, 47.68058 ], [ -122.11866, 47.68058 ], [ -122.11866, 47.68048 ], [ -122.11876, 47.68048 ], [ -122.11876, 47.68038 ], [ -122.11896, 47.68038 ], [ -122.11896, 47.68028 ], [ -122.11926, 47.68028 ], [ -122.11926, 47.68018 ], [ -122.11946, 47.68018 ], [ -122.11946, 47.68008 ], [ -122.11966, 47.68008 ], [ -122.11966, 47.67978 ], [ -122.11976, 47.67978 ], [ -122.11976, 47.67968 ], [ -122.11996, 47.67968 ], [ -122.11996, 47.67958 ], [ -122.12036, 47.67958 ], [ -122.12036, 47.67948 ], [ -122.12056, 47.67948 ], [ -122.12056, 47.67928 ], [ -122.12066, 47.67928 ], [ -122.12066, 47.67918 ], [ -122.12076, 47.67918 ], [ -122.12076, 47.67908 ], [ -122.12086, 47.67908 ], [ -122.12086, 47.67898 ], [ -122.12096, 47.67898 ], [ -122.12096, 47.67888 ], [ -122.12126, 47.67888 ], [ -122.12126, 47.67878 ], [ -122.12176, 47.67878 ], [ -122.12176, 47.67888 ], [ -122.12206, 47.67888 ], [ -122.12206, 47.67898 ], [ -122.12246, 47.67898 ], [ -122.12246, 47.67908 ], [ -122.12266, 47.67908 ], [ -122.12266, 47.67918 ], [ -122.12296, 47.67918 ], [ -122.12296, 47.67928 ], [ -122.12306, 47.67928 ], [ -122.12306, 47.67938 ], [ -122.12326, 47.67938 ], [ -122.12326, 47.67948 ], [ -122.12336, 47.67948 ], [ -122.12336, 47.67958 ], [ -122.12346, 47.67958 ], [ -122.12346, 47.67968 ], [ -122.12366, 47.67968 ], [ -122.12366, 47.67978 ], [ -122.12446, 47.67978 ], [ -122.12446, 47.67968 ], [ -122.12466, 47.67968 ], [ -122.12466, 47.67958 ], [ -122.12476, 47.67958 ], [ -122.12476, 47.67948 ], [ -122.12486, 47.67948 ], [ -122.12486, 47.67938 ], [ -122.12496, 47.67938 ], [ -122.12496, 47.67928 ], [ -122.12506, 47.67928 ], [ -122.12506, 47.67918 ], [ -122.12516, 47.67918 ], [ -122.12516, 47.67908 ], [ -122.12526, 47.67908 ], [ -122.12526, 47.67898 ], [ -122.12536, 47.67898 ], [ -122.12536, 47.67888 ], [ -122.12556, 47.67888 ], [ -122.12556, 47.67878 ], [ -122.12566, 47.67878 ], [ -122.12566, 47.67868 ], [ -122.12866, 47.67868 ], [ -122.12866, 47.67858 ], [ -122.12886, 47.67858 ], [ -122.12886, 47.67848 ], [ -122.12896, 47.67848 ], [ -122.12896, 47.67838 ], [ -122.12916, 47.67838 ], [ -122.12916, 47.67828 ], [ -122.12936, 47.67828 ], [ -122.12936, 47.67818 ], [ -122.12956, 47.67818 ], [ -122.12956, 47.67808 ], [ -122.12966, 47.67808 ], [ -122.12966, 47.67798 ], [ -122.12986, 47.67798 ], [ -122.12986, 47.67788 ], [ -122.12996, 47.67788 ], [ -122.12996, 47.67778 ], [ -122.13016, 47.67778 ], [ -122.13016, 47.67768 ], [ -122.13026, 47.67768 ], [ -122.13026, 47.67758 ], [ -122.13046, 47.67758 ], [ -122.13046, 47.67748 ], [ -122.13066, 47.67748 ], [ -122.13066, 47.67738 ], [ -122.13096, 47.67738 ], [ -122.13096, 47.67728 ], [ -122.13196, 47.67728 ], [ -122.13196, 47.67718 ], [ -122.13286, 47.67718 ], [ -122.13286, 47.67708 ], [ -122.13306, 47.67708 ], [ -122.13306, 47.67698 ], [ -122.13316, 47.67698 ], [ -122.13316, 47.67688 ], [ -122.13326, 47.67688 ], [ -122.13326, 47.67678 ], [ -122.13346, 47.67678 ], [ -122.13346, 47.67688 ], [ -122.13356, 47.67688 ], [ -122.13356, 47.67728 ], [ -122.13366, 47.67728 ], [ -122.13366, 47.67738 ], [ -122.13376, 47.67738 ], [ -122.13376, 47.67758 ], [ -122.13386, 47.67758 ], [ -122.13386, 47.67768 ], [ -122.13396, 47.67768 ], [ -122.13396, 47.67788 ], [ -122.13406, 47.67788 ], [ -122.13406, 47.67798 ], [ -122.13416, 47.67798 ], [ -122.13416, 47.67808 ], [ -122.13426, 47.67808 ], [ -122.13426, 47.67828 ], [ -122.13436, 47.67828 ], [ -122.13436, 47.67838 ], [ -122.13446, 47.67838 ], [ -122.13446, 47.67858 ], [ -122.13456, 47.67858 ], [ -122.13456, 47.67878 ], [ -122.13466, 47.67878 ], [ -122.13466, 47.67888 ], [ -122.13476, 47.67888 ], [ -122.13476, 47.67898 ], [ -122.13486, 47.67898 ], [ -122.13486, 47.67908 ], [ -122.13496, 47.67908 ], [ -122.13496, 47.67918 ], [ -122.13506, 47.67918 ], [ -122.13506, 47.67928 ], [ -122.13516, 47.67928 ], [ -122.13516, 47.67938 ], [ -122.13526, 47.67938 ], [ -122.13526, 47.67948 ], [ -122.13536, 47.67948 ], [ -122.13536, 47.67958 ], [ -122.13546, 47.67958 ], [ -122.13546, 47.67968 ], [ -122.13556, 47.67968 ], [ -122.13556, 47.67978 ], [ -122.13566, 47.67978 ], [ -122.13566, 47.67988 ], [ -122.13586, 47.67988 ], [ -122.13586, 47.67998 ], [ -122.13596, 47.67998 ], [ -122.13596, 47.68008 ], [ -122.13606, 47.68008 ], [ -122.13606, 47.68018 ], [ -122.13616, 47.68018 ], [ -122.13616, 47.68028 ], [ -122.13626, 47.68028 ], [ -122.13626, 47.68038 ], [ -122.13646, 47.68038 ], [ -122.13646, 47.68048 ], [ -122.13656, 47.68048 ], [ -122.13656, 47.68058 ], [ -122.13666, 47.68058 ], [ -122.13666, 47.68068 ], [ -122.13676, 47.68068 ], [ -122.13676, 47.68078 ], [ -122.13686, 47.68078 ], [ -122.13686, 47.68088 ], [ -122.13696, 47.68088 ], [ -122.13696, 47.68098 ], [ -122.13716, 47.68098 ], [ -122.13716, 47.68108 ], [ -122.13766, 47.68108 ], [ -122.13766, 47.68098 ], [ -122.13786, 47.68098 ], [ -122.13786, 47.68088 ], [ -122.13806, 47.68088 ], [ -122.13806, 47.68078 ], [ -122.13826, 47.68078 ], [ -122.13826, 47.68068 ], [ -122.13836, 47.68068 ], [ -122.13836, 47.68058 ], [ -122.13846, 47.68058 ], [ -122.13846, 47.68048 ], [ -122.13856, 47.68048 ], [ -122.13856, 47.68038 ], [ -122.13866, 47.68038 ], [ -122.13866, 47.68028 ], [ -122.13876, 47.68028 ], [ -122.13876, 47.68018 ], [ -122.13886, 47.68018 ], [ -122.13886, 47.68028 ], [ -122.13896, 47.68028 ], [ -122.13896, 47.68048 ], [ -122.13906, 47.68048 ], [ -122.13906, 47.68058 ], [ -122.13916, 47.68058 ], [ -122.13916, 47.68068 ], [ -122.13936, 47.68068 ], [ -122.13936, 47.68078 ], [ -122.14006, 47.68078 ], [ -122.14006, 47.68068 ], [ -122.14026, 47.68068 ], [ -122.14026, 47.68048 ], [ -122.14036, 47.68048 ], [ -122.14036, 47.68038 ], [ -122.14046, 47.68038 ], [ -122.14046, 47.68018 ], [ -122.14066, 47.68018 ], [ -122.14066, 47.67998 ], [ -122.14076, 47.67998 ], [ -122.14076, 47.67948 ], [ -122.14086, 47.67948 ], [ -122.14086, 47.67928 ], [ -122.14116, 47.67928 ], [ -122.14116, 47.67938 ], [ -122.14126, 47.67938 ], [ -122.14126, 47.67948 ], [ -122.14136, 47.67948 ], [ -122.14136, 47.67958 ], [ -122.14146, 47.67958 ], [ -122.14146, 47.67968 ], [ -122.14156, 47.67968 ], [ -122.14156, 47.67998 ], [ -122.14166, 47.67998 ], [ -122.14166, 47.68018 ], [ -122.14176, 47.68018 ], [ -122.14176, 47.68118 ], [ -122.14166, 47.68118 ], [ -122.14166, 47.68148 ], [ -122.14156, 47.68148 ], [ -122.14156, 47.68198 ], [ -122.14166, 47.68198 ], [ -122.14166, 47.68258 ], [ -122.14146, 47.68258 ], [ -122.14146, 47.68268 ], [ -122.14136, 47.68268 ], [ -122.14136, 47.68278 ] ] ] } },
{ "type": "Feature", "properties": { "slick_id": 7, "centroid": [ -121.847074, 47.67643 ], "bounding_box": [ -121.84826000000001, 47.67558, -121.84626, 47.677279999999996 ], "area_km2": 0.026, "perimeter_m": 868.3, "orientation": 45.0, "compactness": 0.4338, "confidence": 0.3041 }, "geometry": { "type": "Polygon", "coordinates": [ [ [ -121.84736, 47.67728 ], [ -121.84716, 47.67728 ], [ -121.84716, 47.67718 ], [ -121.84696, 47.67718 ], [ -121.84696, 47.67708 ], [ -121.84666, 47.67708 ], [ -121.84666, 47.67718 ], [ -121.84636, 47.67718 ], [ -121.84636, 47.67628 ], [ -121.84626, 47.67628 ], [ -121.84626, 47.67608 ], [ -121.84636, 47.67608 ], [ -121.84636, 47.67588 ], [ -121.84646, 47.67588 ], [ -121.84646, 47.67578 ], [ -121.84656, 47.67578 ], [ -121.84656, 47.67568 ], [ -121.84676, 47.67568 ], [ -121.84676, 47.67558 ], [ -121.84736, 47.67558 ], [ -121.84736, 47.67568 ], [ -121.84746, 47.67568 ], [ -121.84746, 47.67588 ], [ -121.84756, 47.67588 ], [ -121.84756, 47.67608 ], [ -121.84766, 47.67608 ], [ -121.84766, 47.67628 ], [ -121.84786, 47.67628 ], [ -121.84786, 47.67638 ], [ -121.84796, 47.67638 ], [ -121.84796, 47.67628 ], [ -121.84806, 47.67628 ], [ -121.84806, 47.67638 ], [ -121.84826, 47.67638 ], [ -121.84826, 47.67648 ], [ -121.84806, 47.67648 ], [ -121.84806, 47.67658 ], [ -121.84786, 47.67658 ], [ -121.84786, 47.67688 ], [ -121.84776, 47.67688 ], [ -121.84776, 47.67698 ], [ -121.84756, 47.67698 ], [ -121.84756, 47.67708 ], [ -121.84746, 47.67708 ], [ -121.84746, 47.67718 ], [ -121.84736, 47.67718 ], [ -121.84736, 47.67728 ] ] ] } },
{ "type": "Feature", "properties": { "slick_id": 8, "centroid": [ -121.801581, 47.66209 ], "bounding_box": [ -121.80356, 47.658879999999996, -121.79916, 47.665679999999995 ], "area_km2": 0.1908, "perimeter_m": 2716.21, "orientation": 76.83, "compactness": 0.3251, "confidence": 0.3884 }, "geometry": { "type": "Polygon", "coordinates": [ [ [ -121.79976, 47.66568 ], [ -121.79926, 47.66568 ], [ -121.79926, 47.66558 ], [ -121.79916, 47.66558 ], [ -121.79916, 47.66468 ], [ -121.79926, 47.66468 ], [ -121.79926, 47.66448 ], [ -121.79936, 47.66448 ], [ -121.79936, 47.66418 ], [ -121.79946, 47.66418 ], [ -121.79946, 47.66378 ], [ -121.79956, 47.66378 ], [ -121.79956, 47.66358 ], [ -121.79966, 47.66358 ], [ -121.79966, 47.66338 ], [ -121.79976, 47.66338 ], [ -121.79976, 47.66328 ], [ -121.79986, 47.66328 ], [ -121.79986, 47.66308 ], [ -121.79996, 47.66308 ], [ -121.79996, 47.66298 ], [ -121.80006, 47.66298 ], [ -121.80006, 47.66258 ], [ -121.80016, 47.66258 ], [ -121.80016, 47.66248 ], [ -121.80036, 47.66248 ], [ -121.80036, 47.66238 ], [ -121.80046, 47.66238 ], [ -121.80046, 47.66228 ], [ -121.80056, 47.66228 ], [ -121.80056, 47.66188 ], [ -121.80066, 47.66188 ], [ -121.80066, 47.66158 ], [ -121.80076, 47.66158 ], [ -121.80076, 47.66138 ], [ -121.80086, 47.66138 ], [ -121.80086, 47.66078 ], [ -121.80066, 47.66078 ], [ -121.80066, 47.66068 ], [ -121.80056, 47.66068 ], [ -121.80056, 47.66058 ], [ -121.80046, 47.66058 ], [ -121.80046, 47.66048 ], [ -121.80036, 47.66048 ], [ -121.80036, 47.66038 ], [ -121.80026, 47.66038 ], [ -121.80026, 47.65998 ], [ -121.80036, 47.65998 ], [ -121.80036, 47.65978 ], [ -121.80046, 47.65978 ], [ -121.80046, 47.65968 ], [ -121.80076, 47.65968 ], [ -121.80076, 47.65958 ], [ -121.80116, 47.65958 ], [ -121.80116, 47.65948 ], [ -121.80146, 47.65948 ], [ -121.80146, 47.65958 ], [ -121.80176, 47.65958 ], [ -121.80176, 47.65948 ], [ -121.80196, 47.65948 ], [ -121.80196, 47.65938 ], [ -121.80216, 47.65938 ], [ -121.80216, 47.65918 ], [ -121.80226, 47.65918 ], [ -121.80226, 47.65898 ], [ -121.80246, 47.65898 ], [ -121.80246, 47.65888 ], [ -121.80256, 47.65888 ], [ -121.80256, 47.65898 ], [ -121.80286, 47.65898 ], [ -121.80286, 47.65908 ], [ -121.80296, 47.65908 ], [ -121.80296, 47.65918 ], [ -121.80306, 47.65918 ], [ -121.80306, 47.65938 ], [ -121.80316, 47.65938 ], [ -121.80316, 47.65948 ], [ -121.80326, 47.65948 ], [ -121.80326, 47.65978 ], [ -121.80336, 47.65978 ], [ -121.80336, 47.65998 ], [ -121.80346, 47.65998 ], [ -121.80346, 47.66038 ], [ -121.80356, 47.66038 ], [ -121.80356, 47.66058 ], [ -121.80346, 47.66058 ], [ -121.80346, 47.66098 ], [ -121.80336, 47.66098 ], [ -121.80336, 47.66118 ], [ -121.80326, 47.66118 ], [ -121.80326, 47.66148 ], [ -121.80316, 47.66148 ], [ -121.80316, 47.66178 ], [ -121.80306, 47.66178 ], [ -121.80306, 47.66218 ], [ -121.80316, 47.66218 ], [ -121.80316, 47.66288 ], [ -121.80326, 47.66288 ], [ -121.80326, 47.66338 ], [ -121.80316, 47.66338 ], [ -121.80316, 47.66348 ], [ -121.80306, 47.66348 ], [ -121.80306, 47.66368 ], [ -121.80296, 47.66368 ], [ -121.80296, 47.66378 ], [ -121.80286, 47.66378 ], [ -121.80286, 47.66388 ], [ -121.80276, 47.66388 ], [ -121.80276, 47.66398 ], [ -121.80246, 47.66398 ], [ -121.80246, 47.66408 ], [ -121.80226, 47.66408 ], [ -121.80226, 47.66418 ], [ -121.80186, 47.66418 ], [ -121.80186, 47.66428 ], [ -121.80096, 47.66428 ], [ -121.80096, 47.66418 ], [ -121.80086, 47.66418 ], [ -121.80086, 47.66428 ], [ -121.80046, 47.66428 ], [ -121.80046, 47.66438 ], [ -121.80026, 47.66438 ], [ -121.80026, 47.66448 ], [ -121.80016, 47.66448 ], [ -121.80016, 47.66458 ], [ -121.80006, 47.66458 ], [ -121.80006, 47.66468 ], [ -121.79996, 47.66468 ], [ -121.79996, 47.66528 ], [ -121.79986, 47.66528 ], [ -121.79986, 47.66548 ], [ -121.79976, 47.66548 ], [ -121.79976, 47.66568 ] ] ] } },
{ "type": "Feature", "properties": { "slick_id": 9, "centroid": [ -121.847343, 47.660056 ], "bounding_box": [ -121.84806, 47.65868, -121.84666, 47.66108 ], "area_km2": 0.0242, "perimeter_m": 890.56, "orientation": 98.13, "compactness": 0.3829, "confidence": 0.3091 }, "geometry": { "type": "Polygon", "coordinates": [ [ [ -121.84776, 47.66108 ], [ -121.84706, 47.66108 ], [ -121.84706, 47.66098 ], [ -121.84696, 47.66098 ], [ -121.84696, 47.66088 ], [ -121.84686, 47.66088 ], [ -121.84686, 47.66028 ], [ -121.84696, 47.66028 ], [ -121.84696, 47.65998 ], [ -121.84706, 47.65998 ], [ -121.84706, 47.65958 ], [ -121.84686, 47.65958 ], [ -121.84686, 47.65948 ], [ -121.84666, 47.65948 ], [ -121.84666, 47.65918 ], [ -121.84676, 47.65918 ], [ -121.84676, 47.65898 ], [ -121.84686, 47.65898 ], [ -121.84686, 47.65888 ], [ -121.84696, 47.65888 ], [ -121.84696, 47.65878 ], [ -121.84716, 47.65878 ], [ -121.84716, 47.65868 ], [ -121.84726, 47.65868 ], [ -121.84726, 47.65878 ], [ -121.84736, 47.65878 ], [ -121.84736, 47.65908 ], [ -121.84746, 47.65908 ], [ -121.84746, 47.65968 ], [ -121.84766, 47.65968 ], [ -121.84766, 47.65978 ], [ -121.84786, 47.65978 ], [ -121.84786, 47.65988 ], [ -121.84796, 47.65988 ], [ -121.84796, 47.65998 ], [ -121.84806, 47.65998 ], [ -121.84806, 47.66028 ], [ -121.84796, 47.66028 ], [ -121.84796, 47.66088 ], [ -121.84786, 47.66088 ], [ -121.84786, 47.66098 ], [ -121.84776, 47.66098 ], [ -121.84776, 47.66108 ] ] ] } },
{ "type": "Feature", "properties": { "slick_id": 10, "centroid": [ -122.062526, 47.659482 ], "bounding_box": [ -122.06446000000001, 47.65788, -122.06086, 47.661179999999995 ], "area_km2": 0.1055, "perimeter_m": 1803.38, "orientation": 3.01, "compactness": 0.4075, "confidence": 0.319 }, "geometry": { "type": "Polygon", "coordinates": [ [ [ -122.06176, 47.66118 ], [ -122.06136, 47.66118 ], [ -122.06136, 47.66108 ], [ -122.06126, 47.66108 ], [ -122.06126, 47.66068 ], [ -122.06116, 47.66068 ], [ -122.06116, 47.66048 ], [ -122.06106, 47.66048 ], [ -122.06106, 47.66028 ], [ -122.06096, 47.66028 ], [ -122.06096, 47.66008 ], [ -122.06086, 47.66008 ], [ -122.06086, 47.65948 ], [ -122.06096, 47.65948 ], [ -122.06096, 47.65918 ], [ -122.06106, 47.65918 ], [ -122.06106, 47.65878 ], [ -122.06116, 47.65878 ], [ -122.06116, 47.65858 ], [ -122.06126, 47.65858 ], [ -122.06126, 47.65838 ], [ -122.06146, 47.65838 ], [ -122.06146, 47.65828 ], [ -122.06156, 47.65828 ], [ -122.06156, 47.65818 ], [ -122.06186, 47.65818 ], [ -122.06186, 47.65808 ], [ -122.06206, 47.65808 ], [ -122.06206, 47.65798 ], [ -122.06216, 47.65798 ], [ -122.06216, 47.65788 ], [ -122.06306, 47.65788 ], [ -122.06306, 47.65798 ], [ -122.06426, 47.65798 ], [ -122.06426, 47.65808 ], [ -122.06436, 47.65808 ], [ -122.06436, 47.65818 ], [ -122.06426, 47.65818 ], [ -122.06426, 47.65838 ], [ -122.06416, 47.65838 ], [ -122.06416, 47.65848 ], [ -122.06406, 47.65848 ], [ -122.06406, 47.65858 ], [ -122.06376, 47.65858 ], [ -122.06376, 47.65868 ], [ -122.06356, 47.65868 ], [ -122.06356, 47.65898 ], [ -122.06366, 47.65898 ], [ -122.06366, 47.65918 ], [ -122.06376, 47.65918 ], [ -122.06376, 47.65928 ], [ -122.06386, 47.65928 ], [ -122.06386, 47.65938 ], [ -122.06406, 47.65938 ], [ -122.06406, 47.65948 ], [ -122.06416, 47.65948 ], [ -122.06416, 47.65958 ], [ -122.06426, 47.65958 ], [ -122.06426, 47.65968 ], [ -122.06436, 47.65968 ], [ -122.06436, 47.65998 ], [ -122.06446, 47.65998 ], [ -122.06446, 47.66018 ], [ -122.06436, 47.66018 ], [ -122.06436, 47.66028 ], [ -122.06426, 47.66028 ], [ -122.06426, 47.66038 ], [ -122.06416, 47.66038 ], [ -122.06416, 47.66048 ], [ -122.06396, 47.66048 ], [ -122.06396, 47.66038 ], [ -122.06366, 47.66038 ], [ -122.06366, 47.66028 ], [ -122.06326, 47.66028 ], [ -122.06326, 47.66038 ], [ -122.06306, 47.66038 ], [ -122.06306, 47.66068 ], [ -122.06316, 47.66068 ], [ -122.06316, 47.66098 ], [ -122.06306, 47.66098 ], [ -122.06306, 47.66108 ], [ -122.06216, 47.66108 ], [ -122.06216, 47.66098 ], [ -122.06206, 47.66098 ], [ -122.06206, 47.66108 ], [ -122.06176, 47.66108 ], [ -122.06176, 47.66118 ] ] ] } },
{ "type": "Feature", "properties": { "slick_id": 11, "centroid": [ -121.802223, 47.656888 ], "bounding_box": [ -121.80446, 47.65548, -121.79996000000001, 47.65848 ], "area_km2": 0.1134, "perimeter_m": 1692.06, "orientation": 18.43, "compactness": 0.4977, "confidence": 0.3305 }, "geometry": { "type": "Polygon", "coordinates": [ [ [ -121.80166, 47.65848 ], [ -121.80126, 47.65848 ], [ -121.80126, 47.65838 ], [ -121.80116, 47.65838 ], [ -121.80116, 47.65828 ], [ -121.80106, 47.65828 ], [ -121.80106, 47.65818 ], [ -121.80086, 47.65818 ], [ -121.80086, 47.65808 ], [ -121.80076, 47.65808 ], [ -121.80076, 47.65788 ], [ -121.80066, 47.65788 ], [ -121.80066, 47.65778 ], [ -121.80056, 47.65778 ], [ -121.80056, 47.65768 ], [ -121.80046, 47.65768 ], [ -121.80046, 47.65758 ], [ -121.80036, 47.65758 ], [ -121.80036, 47.65748 ], [ -121.80026, 47.65748 ], [ -121.80026, 47.65738 ], [ -121.80016, 47.65738 ], [ -121.80016, 47.65728 ], [ -121.80006, 47.65728 ], [ -121.80006, 47.65708 ], [ -121.79996, 47.65708 ], [ -121.79996, 47.65668 ], [ -121.80006, 47.65668 ], [ -121.80006, 47.65648 ], [ -121.80016, 47.65648 ], [ -121.80016, 47.65638 ], [ -121.80036, 47.65638 ], [ -121.80036, 47.65628 ], [ -121.80056, 47.65628 ], [ -121.80056, 47.65618 ], [ -121.80076, 47.65618 ], [ -121.80076, 47.65608 ], [ -121.80096, 47.65608 ], [ -121.80096, 47.65588 ], [ -121.80126, 47.65588 ], [ -121.80126, 47.65578 ], [ -121.80156, 47.65578 ], [ -121.80156, 47.65568 ], [ -121.80206, 47.65568 ], [ -121.80206, 47.65558 ], [ -121.80236, 47.65558 ], [ -121.80236, 47.65548 ], [ -121.80306, 47.65548 ], [ -121.80306, 47.65558 ], [ -121.80326, 47.65558 ], [ -121.80326, 47.65568 ], [ -121.80366, 47.65568 ], [ -121.80366, 47.65578 ], [ -121.80396, 47.65578 ], [ -121.80396, 47.65588 ], [ -121.80406, 47.65588 ], [ -121.80406, 47.65598 ], [ -121.80416, 47.65598 ], [ -121.80416, 47.65618 ], [ -121.80426, 47.65618 ], [ -121.80426, 47.65628 ], [ -121.80436, 47.65628 ], [ -121.80436, 47.65648 ], [ -121.80446, 47.65648 ], [ -121.80446, 47.65698 ], [ -121.80436, 47.65698 ], [ -121.80436, 47.65718 ], [ -121.80426, 47.65718 ], [ -121.80426, 47.65728 ], [ -121.80416, 47.65728 ], [ -121.80416, 47.65738 ], [ -121.80396, 47.65738 ], [ -121.80396, 47.65748 ], [ -121.80376, 47.65748 ], [ -121.80376, 47.65758 ], [ -121.80356, 47.65758 ], [ -121.80356, 47.65768 ], [ -121.80346, 47.65768 ], [ -121.80346, 47.65778 ], [ -121.80336, 47.65778 ], [ -121.80336, 47.65788 ], [ -121.80326, 47.65788 ], [ -121.80326, 47.65798 ], [ -121.80306, 47.65798 ], [ -121.80306, 47.65808 ], [ -121.80276, 47.65808 ], [ -121.80276, 47.65818 ], [ -121.80236, 47.65818 ], [ -121.80236, 47.65808 ], [ -121.80206, 47.65808 ], [ -121.80206, 47.65818 ], [ -121.80186, 47.65818 ], [ -121.80186, 47.65828 ], [ -121.80176, 47.65828 ], [ -121.80176, 47.65838 ], [ -121.80166, 47.65838 ], [ -121.80166, 47.65848 ] ] ] } },
{ "type": "Feature", "properties": { "slick_id": 12, "centroid": [ -122.050929, 47.652215 ], "bounding_box": [ -122.05226, 47.651579999999996, -122.04946000000001, 47.652879999999996 ], "area_km2": 0.0296, "perimeter_m": 979.62, "orientation": 4.09, "compactness": 0.3878, "confidence": 0.3118 }, "geometry": { "type": "Polygon", "coordinates": [ [ [ -122.05016, 47.65288 ], [ -122.04996, 47.65288 ], [ -122.04996, 47.65278 ], [ -122.04976, 47.65278 ], [ -122.04976, 47.65268 ], [ -122.04966, 47.65268 ], [ -122.04966, 47.65258 ], [ -122.04946, 47.65258 ], [ -122.04946, 47.65238 ], [ -122.04956, 47.65238 ], [ -122.04956, 47.65228 ], [ -122.04966, 47.65228 ], [ -122.04966, 47.65218 ], [ -122.04976, 47.65218 ], [ -122.04976, 47.65198 ], [ -122.04986, 47.65198 ], [ -122.04986, 47.65188 ], [ -122.04996, 47.65188 ], [ -122.04996, 47.65178 ], [ -122.05006, 47.65178 ], [ -122.05006, 47.65168 ], [ -122.05016, 47.65168 ], [ -122.05016, 47.65178 ], [ -122.05126, 47.65178 ], [ -122.05126, 47.65168 ], [ -122.05146, 47.65168 ], [ -122.05146, 47.65158 ], [ -122.05186, 47.65158 ], [ -122.05186, 47.65168 ], [ -122.05206, 47.65168 ], [ -122.05206, 47.65178 ], [ -122.05216, 47.65178 ], [ -122.05216, 47.65198 ], [ -122.05226, 47.65198 ], [ -122.05226, 47.65248 ], [ -122.05216, 47.65248 ], [ -122.05216, 47.65258 ], [ -122.05206, 47.65258 ], [ -122.05206, 47.65268 ], [ -122.05196, 47.65268 ], [ -122.05196, 47.65258 ], [ -122.05146, 47.65258 ], [ -122.05146, 47.65268 ], [ -122.05096, 47.65268 ], [ -122.05096, 47.65258 ], [ -122.05056, 47.65258 ], [ -122.05056, 47.65268 ], [ -122.05036, 47.65268 ], [ -122.05036, 47.65278 ], [ -122.05016, 47.65278 ], [ -122.05016, 47.65288 ] ] ] } },
{ "type": "Feature", "properties": { "slick_id": 13, "centroid": [ -122.038174, 47.648624 ], "bounding_box": [ -122.03896, 47.64778, -122.03746000000001, 47.64938 ], "area_km2": 0.0191, "perimeter_m": 690.18, "orientation": 135.0, "compactness": 0.5034, "confidence": 0.3321 }, "geometry": { "type": "Polygon", "coordinates": [ [ [ -122.03876, 47.64938 ], [ -122.03836, 47.64938 ], [ -122.03836, 47.64928 ], [ -122.03806, 47.64928 ], [ -122.03806, 47.64918 ], [ -122.03796, 47.64918 ], [ -122.03796, 47.64908 ], [ -122.03786, 47.64908 ], [ -122.03786, 47.64898 ], [ -122.03776, 47.64898 ], [ -122.03776, 47.64888 ], [ -122.03766, 47.64888 ], [ -122.03766, 47.64878 ], [ -122.03756, 47.64878 ], [ -122.03756, 47.64858 ], [ -122.03746, 47.64858 ], [ -122.03746, 47.64798 ], [ -122.03756, 47.64798 ], [ -122.03756, 47.64788 ], [ -122.03766, 47.64788 ], [ -122.03766, 47.64778 ], [ -122.03786, 47.64778 ], [ -122.03786, 47.64788 ], [ -122.03816, 47.64788 ], [ -122.03816, 47.64798 ], [ -122.03826, 47.64798 ], [ -122.03826, 47.64808 ], [ -122.03836, 47.64808 ], [ -122.03836, 47.64818 ], [ -122.03846, 47.64818 ], [ -122.03846, 47.64828 ], [ -122.03856, 47.64828 ], [ -122.03856, 47.64838 ], [ -122.03866, 47.64838 ], [ -122.03866, 47.64858 ], [ -122.03876, 47.64858 ], [ -122.03876, 47.64868 ], [ -122.03886, 47.64868 ], [ -122.03886, 47.64878 ], [ -122.03896, 47.64878 ], [ -122.03896, 47.64928 ], [ -122.03876, 47.64928 ], [ -122.03876, 47.64938 ] ] ] } },
{ "type": "Feature", "properties": { "slick_id": 14, "centroid": [ -122.07451, 47.644043 ], "bounding_box": [ -122.07486, 47.64398, -122.07416, 47.64418 ], "area_km2": 0.001, "perimeter_m": 200.38, "orientation": 0.0, "compactness": 0.3103, "confidence": 0.3027 }, "geometry": { "type": "Polygon", "coordinates": [ [ [ -122.07456, 47.64418 ], [ -122.07446, 47.64418 ], [ -122.07446, 47.64408 ], [ -122.07416, 47.64408 ], [ -122.07416, 47.64398 ], [ -122.07486, 47.64398 ], [ -122.07486, 47.64408 ], [ -122.07456, 47.64408 ], [ -122.07456, 47.64418 ] ] ] } },
{ "type": "Feature", "properties": { "slick_id": 15, "centroid": [ -122.070439, 47.641794 ], "bounding_box": [ -122.07846, 47.63288, -122.06126, 47.649879999999996 ], "area_km2": 1.632, "perimeter_m": 8861.07, "orientation": 41.44, "compactness": 0.2612, "confidence": 0.4856 }, "geometry": { "type": "Polygon", "coordinates": [ [ [ -122.06366, 47.64988 ], [ -122.06326, 47.64988 ], [ -122.06326, 47.64978 ], [ -122.06276, 47.64978 ], [ -122.06276, 47.64968 ], [ -122.06266, 47.64968 ], [ -122.06266, 47.64958 ], [ -122.06246, 47.64958 ], [ -122.06246, 47.64948 ], [ -122.06156, 47.64948 ], [ -122.06156, 47.64938 ], [ -122.06136, 47.64938 ], [ -122.06136, 47.64928 ], [ -122.06126, 47.64928 ], [ -122.06126, 47.64878 ], [ -122.06136, 47.64878 ], [ -122.06136, 47.64858 ], [ -122.06146, 47.64858 ], [ -122.06146, 47.64838 ], [ -122.06156, 47.64838 ], [ -122.06156, 47.64828 ], [ -122.06166, 47.64828 ], [ -122.06166, 47.64818 ], [ -122.06226, 47.64818 ], [ -122.06226, 47.64808 ], [ -122.06246, 47.64808 ], [ -122.06246, 47.64778 ], [ -122.06256, 47.64778 ], [ -122.06256, 47.64728 ], [ -122.06266, 47.64728 ], [ -122.06266, 47.64708 ], [ -122.06276, 47.64708 ], [ -122.06276, 47.64698 ], [ -122.06286, 47.64698 ], [ -122.06286, 47.64658 ], [ -122.06296, 47.64658 ], [ -122.06296, 47.64628 ], [ -122.06286, 47.64628 ], [ -122.06286, 47.64538 ], [ -122.06266, 47.64538 ], [ -122.06266, 47.64528 ], [ -122.06256, 47.64528 ], [ -122.06256, 47.64538 ], [ -122.06226, 47.64538 ], [ -122.06226, 47.64528 ], [ -122.06206, 47.64528 ], [ -122.06206, 47.64518 ], [ -122.06196, 47.64518 ], [ -122.06196, 47.64468 ], [ -122.06206, 47.64468 ], [ -122.06206, 47.64458 ], [ -122.06216, 47.64458 ], [ -122.06216, 47.64438 ], [ -122.06226, 47.64438 ], [ -122.06226, 47.64418 ], [ -122.06236, 47.64418 ], [ -122.06236, 47.64398 ], [ -122.06246, 47.64398 ], [ -122.06246, 47.64348 ], [ -122.06236, 47.64348 ], [ -122.06236, 47.64278 ], [ -122.06246, 47.64278 ], [ -122.06246, 47.64268 ], [ -122.06256, 47.64268 ], [ -122.06256, 47.64258 ], [ -122.06276, 47.64258 ], [ -122.06276, 47.64248 ], [ -122.06296, 47.64248 ], [ -122.06296, 47.64238 ], [ -122.06306, 47.64238 ], [ -122.06306, 47.64228 ], [ -122.06326, 47.64228 ], [ -122.06326, 47.64218 ], [ -122.06366, 47.64218 ], [ -122.06366, 47.64228 ], [ -122.06376, 47.64228 ], [ -122.06376, 47.64248 ], [ -122.06386, 47.64248 ], [ -122.06386, 47.64278 ], [ -122.06396, 47.64278 ], [ -122.06396, 47.64298 ], [ -122.06416, 47.64298 ], [ -122.06416, 47.64308 ], [ -122.06436, 47.64308 ], [ -122.06436, 47.64318 ], [ -122.06446, 47.64318 ], [ -122.06446, 47.64308 ], [ -122.06466, 47.64308 ], [ -122.06466, 47.64298 ], [ -122.06476, 47.64298 ], [ -122.06476, 47.64278 ], [ -122.06486, 47.64278 ], [ -122.06486, 47.64268 ], [ -122.06496, 47.64268 ], [ -122.06496, 47.64258 ], [ -122.06506, 47.64258 ], [ -122.06506, 47.64228 ], [ -122.06516, 47.64228 ], [ -122.06516, 47.64208 ], [ -122.06526, 47.64208 ], [ -122.06526, 47.64198 ], [ -122.06546, 47.64198 ], [ -122.06546, 47.64188 ], [ -122.06556, 47.64188 ], [ -122.06556, 47.64178 ], [ -122.06576, 47.64178 ], [ -122.06576, 47.64168 ], [ -122.06596, 47.64168 ], [ -122.06596, 47.64158 ], [ -122.06666, 47.64158 ], [ -122.06666, 47.64148 ], [ -122.06686, 47.64148 ], [ -122.06686, 47.64138 ], [ -122.06696, 47.64138 ], [ -122.06696, 47.64128 ], [ -122.06706, 47.64128 ], [ -122.06706, 47.64118 ], [ -122.06786, 47.64118 ], [ -122.06786, 47.64108 ], [ -122.06806, 47.64108 ], [ -122.06806, 47.64098 ], [ -122.06816, 47.64098 ], [ -122.06816, 47.64078 ], [ -122.06826, 47.64078 ], [ -122.06826, 47.64068 ], [ -122.06836, 47.64068 ], [ -122.06836, 47.64048 ], [ -122.06846, 47.64048 ], [ -122.06846, 47.64028 ], [ -122.06856, 47.64028 ], [ -122.06856, 47.64008 ], [ -122.06866, 47.64008 ], [ -122.06866, 47.63988 ], [ -122.06876, 47.63988 ], [ -122.06876, 47.63958 ], [ -122.06886, 47.63958 ], [ -122.06886, 47.63928 ], [ -122.06896, 47.63928 ], [ -122.06896, 47.63908 ], [ -122.06906, 47.63908 ], [ -122.06906, 47.63888 ], [ -122.06916, 47.63888 ], [ -122.06916, 47.63868 ], [ -122.06926, 47.63868 ], [ -122.06926, 47.63858 ], [ -122.06936, 47.63858 ], [ -122.06936, 47.63838 ], [ -122.06946, 47.63838 ], [ -122.06946, 47.63828 ], [ -122.06956, 47.63828 ], [ -122.06956, 47.63808 ], [ -122.06966, 47.63808 ], [ -122.06966, 47.63798 ], [ -122.06976, 47.63798 ], [ -122.06976, 47.63788 ], [ -122.06986, 47.63788 ], [ -122.06986, 47.63778 ], [ -122.07006, 47.63778 ], [ -122.07006, 47.63768 ], [ -122.07016, 47.63768 ], [ -122.07016, 47.63758 ], [ -122.07026, 47.63758 ], [ -122.07026, 47.63748 ], [ -122.07036, 47.63748 ], [ -122.07036, 47.63738 ], [ -122.07046, 47.63738 ], [ -122.07046, 47.63728 ], [ -122.07056, 47.63728 ], [ -122.07056, 47.63708 ], [ -122.07066, 47.63708 ], [ -122.07066, 47.63688 ], [ -122.07076, 47.63688 ], [ -122.07076, 47.63668 ], [ -122.07086, 47.63668 ], [ -122.07086, 47.63648 ], [ -122.07096, 47.63648 ], [ -122.07096, 47.63628 ], [ -122.07106, 47.63628 ], [ -122.07106, 47.63598 ], [ -122.07116, 47.63598 ], [ -122.07116, 47.63578 ], [ -122.07126, 47.63578 ], [ -122.07126, 47.63558 ], [ -122.07136, 47.63558 ], [ -122.07136, 47.63538 ], [ -122.07146, 47.63538 ], [ -122.07146, 47.63518 ], [ -122.07156, 47.63518 ], [ -122.07156, 47.63498 ], [ -122.07166, 47.63498 ], [ -122.07166, 47.63468 ], [ -122.07176, 47.63468 ], [ -122.07176, 47.63448 ], [ -122.07186, 47.63448 ], [ -122.07186, 47.63438 ], [ -122.07196, 47.63438 ], [ -122.07196, 47.63428 ], [ -122.07216, 47.63428 ], [ -122.07216, 47.63418 ], [ -122.07226, 47.63418 ], [ -122.07226, 47.63488 ], [ -122.07246, 47.63488 ], [ -122.07246, 47.63498 ], [ -122.07266, 47.63498 ], [ -122.07266, 47.63488 ], [ -122.07296, 47.63488 ], [ -122.07296, 47.63478 ], [ -122.07336, 47.63478 ], [ -122.07336, 47.63468 ], [ -122.07356, 47.63468 ], [ -122.07356, 47.63458 ], [ -122.07366, 47.63458 ], [ -122.07366, 47.63448 ], [ -122.07376, 47.63448 ], [ -122.07376, 47.63438 ], [ -122.07396, 47.63438 ], [ -122.07396, 47.63428 ], [ -122.07406, 47.63428 ], [ -122.07406, 47.63418 ], [ -122.07426, 47.63418 ], [ -122.07426, 47.63408 ], [ -122.07436, 47.63408 ], [ -122.07436, 47.63398 ], [ -122.07456, 47.63398 ], [ -122.07456, 47.63388 ], [ -122.07536, 47.63388 ], [ -122.07536, 47.63378 ], [ -122.07556, 47.63378 ], [ -122.07556, 47.63368 ], [ -122.07576, 47.63368 ], [ -122.07576, 47.63358 ], [ -122.07586, 47.63358 ], [ -122.07586, 47.63348 ], [ -122.07596, 47.63348 ], [ -122.07596, 47.63338 ], [ -122.07606, 47.63338 ], [ -122.07606, 47.63328 ], [ -122.07616, 47.63328 ], [ -122.07616, 47.63318 ], [ -122.07626, 47.63318 ], [ -122.07626, 47.63308 ], [ -122.07636, 47.63308 ], [ -122.07636, 47.63298 ], [ -122.07656, 47.63298 ], [ -122.07656, 47.63288 ], [ -122.07796, 47.63288 ], [ -122.07796, 47.63298 ], [ -122.07806, 47.63298 ], [ -122.07806, 47.63308 ], [ -122.07816, 47.63308 ], [ -122.07816, 47.63318 ], [ -122.07826, 47.63318 ], [ -122.07826, 47.63398 ], [ -122.07816, 47.63398 ], [ -122.07816, 47.63428 ], [ -122.07806, 47.63428 ], [ -122.07806, 47.63508 ], [ -122.07816, 47.63508 ], [ -122.07816, 47.63568 ], [ -122.07806, 47.63568 ], [ -122.07806, 47.63708 ], [ -122.07816, 47.63708 ], [ -122.07816, 47.63738 ], [ -122.07826, 47.63738 ], [ -122.07826, 47.63758 ], [ -122.07836, 47.63758 ], [ -122.07836, 47.63868 ], [ -122.07846, 47.63868 ], [ -122.07846, 47.63888 ], [ -122.07836, 47.63888 ], [ -122.07836, 47.63908 ], [ -122.07826, 47.63908 ], [ -122.07826, 47.63928 ], [ -122.07816, 47.63928 ], [ -122.07816, 47.63938 ], [ -122.07796, 47.63938 ], [ -122.07796, 47.63948 ], [ -122.07776, 47.63948 ], [ -122.07776, 47.63958 ], [ -122.07756, 47.63958 ], [ -122.07756, 47.63968 ], [ -122.07746, 47.63968 ], [ -122.07746, 47.63988 ], [ -122.07736, 47.63988 ], [ -122.07736, 47.64008 ], [ -122.07726, 47.64008 ], [ -122.07726, 47.64048 ], [ -122.07716, 47.64048 ], [ -122.07716, 47.64088 ], [ -122.07706, 47.64088 ], [ -122.07706, 47.64098 ], [ -122.07696, 47.64098 ], [ -122.07696, 47.64108 ], [ -122.07686, 47.64108 ], [ -122.07686, 47.64118 ], [ -122.07666, 47.64118 ], [ -122.07666, 47.64128 ], [ -122.07646, 47.64128 ], [ -122.07646, 47.64138 ], [ -122.07626, 47.64138 ], [ -122.07626, 47.64148 ], [ -122.07606, 47.64148 ], [ -122.07606, 47.64158 ], [ -122.07586, 47.64158 ], [ -122.07586, 47.64168 ], [ -122.07576, 47.64168 ], [ -122.07576, 47.64178 ], [ -122.07556, 47.64178 ], [ -122.07556, 47.64188 ], [ -122.07536, 47.64188 ], [ -122.07536, 47.64198 ], [ -122.07516, 47.64198 ], [ -122.07516, 47.64208 ], [ -122.07506, 47.64208 ], [ -122.07506, 47.64218 ], [ -122.07496, 47.64218 ], [ -122.07496, 47.64228 ], [ -122.07456, 47.64228 ], [ -122.07456, 47.64238 ], [ -122.07446, 47.64238 ], [ -122.07446, 47.64228 ], [ -122.07346, 47.64228 ], [ -122.07346, 47.64238 ], [ -122.07296, 47.64238 ], [ -122.07296, 47.64248 ], [ -122.07246, 47.64248 ], [ -122.07246, 47.64258 ], [ -122.07226, 47.64258 ], [ -122.07226, 47.64328 ], [ -122.07246, 47.64328 ], [ -122.07246, 47.64338 ], [ -122.07276, 47.64338 ], [ -122.07276, 47.64328 ], [ -122.07306, 47.64328 ], [ -122.07306, 47.64338 ], [ -122.07336, 47.64338 ], [ -122.07336, 47.64348 ], [ -122.07366, 47.64348 ], [ -122.07366, 47.64358 ], [ -122.07386, 47.64358 ], [ -122.07386, 47.64368 ], [ -122.07396, 47.64368 ], [ -122.07396, 47.64388 ], [ -122.07416, 47.64388 ], [ -122.07416, 47.64398 ], [ -122.07406, 47.64398 ], [ -122.07406, 47.64408 ], [ -122.07386, 47.64408 ], [ -122.07386, 47.64418 ], [ -122.07356, 47.64418 ], [ -122.07356, 47.64428 ], [ -122.07336, 47.64428 ], [ -122.07336, 47.64438 ], [ -122.07306, 47.64438 ], [ -122.07306, 47.64448 ], [ -122.07266, 47.64448 ], [ -122.07266, 47.64438 ], [ -122.07256, 47.64438 ], [ -122.07256, 47.64448 ], [ -122.07236, 47.64448 ], [ -122.07236, 47.64458 ], [ -122.07226, 47.64458 ], [ -122.07226, 47.64598 ], [ -122.07206, 47.64598 ], [ -122.07206, 47.64608 ], [ -122.07196, 47.64608 ], [ -122.07196, 47.64618 ], [ -122.07186, 47.64618 ], [ -122.07186, 47.64638 ], [ -122.07176, 47.64638 ], [ -122.07176, 47.64648 ], [ -122.07166, 47.64648 ], [ -122.07166, 47.64668 ], [ -122.07156, 47.64668 ], [ -122.07156, 47.64678 ], [ -122.07136, 47.64678 ], [ -122.07136, 47.64688 ], [ -122.07056, 47.64688 ], [ -122.07056, 47.64698 ], [ -122.07036, 47.64698 ], [ -122.07036, 47.64718 ], [ -122.07026, 47.64718 ], [ -122.07026, 47.64748 ], [ -122.07036, 47.64748 ], [ -122.07036, 47.64778 ], [ -122.07026, 47.64778 ], [ -122.07026, 47.64798 ], [ -122.07016, 47.64798 ], [ -122.07016, 47.64808 ], [ -122.06956, 47.64808 ], [ -122.06956, 47.64818 ], [ -122.06936, 47.64818 ], [ -122.06936, 47.64828 ], [ -122.06896, 47.64828 ], [ -122.06896, 47.64838 ], [ -122.06826, 47.64838 ], [ -122.06826, 47.64848 ], [ -122.06776, 47.64848 ], [ -122.06776, 47.64858 ], [ -122.06716, 47.64858 ], [ -122.06716, 47.64868 ], [ -122.06666, 47.64868 ], [ -122.06666, 47.64878 ], [ -122.06636, 47.64878 ], [ -122.06636, 47.64888 ], [ -122.06606, 47.64888 ], [ -122.06606, 47.64898 ], [ -122.06586, 47.64898 ], [ -122.06586, 47.64908 ], [ -122.06566, 47.64908 ], [ -122.06566, 47.64918 ], [ -122.06546, 47.64918 ], [ -122.06546, 47.64928 ], [ -122.06536, 47.64928 ], [ -122.06536, 47.64938 ], [ -122.06516, 47.64938 ], [ -122.06516, 47.64948 ], [ -122.06496, 47.64948 ], [ -122.06496, 47.64958 ], [ -122.06426, 47.64958 ], [ -122.06426, 47.64968 ], [ -122.06406, 47.64968 ], [ -122.06406, 47.64978 ], [ -122.06366, 47.64978 ], [ -122.06366, 47.64988 ] ] ] } },
{ "type": "Feature", "properties": { "slick_id": 16, "centroid": [ -121.991347, 47.618325 ], "bounding_box": [ -121.99416000000001, 47.61568, -121.98856, 47.622279999999996 ], "area_km2": 0.2043, "perimeter_m": 3206.02, "orientation": 154.32, "compactness": 0.2498, "confidence": 0.4006 }, "geometry": { "type": "Polygon", "coordinates": [ [ [ -121.99406, 47.62228 ], [ -121.99396, 47.62228 ], [ -121.99396, 47.62218 ], [ -121.99386, 47.62218 ], [ -121.99386, 47.62208 ], [ -121.99376, 47.62208 ], [ -121.99376, 47.62198 ], [ -121.99366, 47.62198 ], [ -121.99366, 47.62188 ], [ -121.99356, 47.62188 ], [ -121.99356, 47.62168 ], [ -121.99346, 47.62168 ], [ -121.99346, 47.62148 ], [ -121.99336, 47.62148 ], [ -121.99336, 47.62138 ], [ -121.99326, 47.62138 ], [ -121.99326, 47.62128 ], [ -121.99316, 47.62128 ], [ -121.99316, 47.62118 ], [ -121.99306, 47.62118 ], [ -121.99306, 47.62108 ], [ -121.99296, 47.62108 ], [ -121.99296, 47.62098 ], [ -121.99286, 47.62098 ], [ -121.99286, 47.62078 ], [ -121.99276, 47.62078 ], [ -121.99276, 47.61998 ], [ -121.99286, 47.61998 ], [ -121.99286, 47.61948 ], [ -121.99276, 47.61948 ], [ -121.99276, 47.61928 ], [ -121.99266, 47.61928 ], [ -121.99266, 47.61918 ], [ -121.99246, 47.61918 ], [ -121.99246, 47.61908 ], [ -121.99216, 47.61908 ], [ -121.99216, 47.61898 ], [ -121.99206, 47.61898 ], [ -121.99206, 47.61908 ], [ -121.99186, 47.61908 ], [ -121.99186, 47.61918 ], [ -121.99176, 47.61918 ], [ -121.99176, 47.61928 ], [ -121.99166, 47.61928 ], [ -121.99166, 47.61938 ], [ -121.99156, 47.61938 ], [ -121.99156, 47.61948 ], [ -121.99146, 47.61948 ], [ -121.99146, 47.61958 ], [ -121.99106, 47.61958 ], [ -121.99106, 47.61948 ], [ -121.99056, 47.61948 ], [ -121.99056, 47.61958 ], [ -121.99036, 47.61958 ], [ -121.99036, 47.61978 ], [ -121.99026, 47.61978 ], [ -121.99026, 47.61988 ], [ -121.99016, 47.61988 ], [ -121.99016, 47.61998 ], [ -121.99006, 47.61998 ], [ -121.99006, 47.62008 ], [ -121.98996, 47.62008 ], [ -121.98996, 47.61998 ], [ -121.98976, 47.61998 ], [ -121.98976, 47.61988 ], [ -121.98936, 47.61988 ], [ -121.98936, 47.61978 ], [ -121.98876, 47.61978 ], [ -121.98876, 47.61958 ], [ -121.98866, 47.61958 ], [ -121.98866, 47.61938 ], [ -121.98856, 47.61938 ], [ -121.98856, 47.61848 ], [ -121.98866, 47.61848 ], [ -121.98866, 47.61808 ], [ -121.98886, 47.61808 ], [ -121.98886, 47.61798 ], [ -121.98906, 47.61798 ], [ -121.98906, 47.61808 ], [ -121.98966, 47.61808 ], [ -121.98966, 47.61798 ], [ -121.98986, 47.61798 ], [ -121.98986, 47.61758 ], [ -121.98976, 47.61758 ], [ -121.98976, 47.61748 ], [ -121.98966, 47.61748 ], [ -121.98966, 47.61738 ], [ -121.98956, 47.61738 ], [ -121.98956, 47.61718 ], [ -121.98946, 47.61718 ], [ -121.98946, 47.61708 ], [ -121.98936, 47.61708 ], [ -121.98936, 47.61688 ], [ -121.98926, 47.61688 ], [ -121.98926, 47.61658 ], [ -121.98916, 47.61658 ], [ -121.98916, 47.61638 ], [ -121.98926, 47.61638 ], [ -121.98926, 47.61618 ], [ -121.98936, 47.61618 ], [ -121.98936, 47.61608 ], [ -121.98996, 47.61608 ], [ -121.98996, 47.61618 ], [ -121.99036, 47.61618 ], [ -121.99036, 47.61608 ], [ -121.99056, 47.61608 ], [ -121.99056, 47.61598 ], [ -121.99066, 47.61598 ], [ -121.99066, 47.61588 ], [ -121.99096, 47.61588 ], [ -121.99096, 47.61578 ], [ -121.99136, 47.61578 ], [ -121.99136, 47.61568 ], [ -121.99186, 47.61568 ], [ -121.99186, 47.61578 ], [ -121.99206, 47.61578 ], [ -121.99206, 47.61588 ], [ -121.99216, 47.61588 ], [ -121.99216, 47.61608 ], [ -121.99226, 47.61608 ], [ -121.99226, 47.61618 ], [ -121.99236, 47.61618 ], [ -121.99236, 47.61628 ], [ -121.99246, 47.61628 ], [ -121.99246, 47.61648 ], [ -121.99256, 47.61648 ], [ -121.99256, 47.61668 ], [ -121.99266, 47.61668 ], [ -121.99266, 47.61688 ], [ -121.99276, 47.61688 ], [ -121.99276, 47.61708 ], [ -121.99286, 47.61708 ], [ -121.99286, 47.61718 ], [ -121.99296, 47.61718 ], [ -121.99296, 47.61738 ], [ -121.99306, 47.61738 ], [ -121.99306, 47.61758 ], [ -121.99316, 47.61758 ], [ -121.99316, 47.61768 ], [ -121.99326, 47.61768 ], [ -121.99326, 47.61788 ], [ -121.99336, 47.61788 ], [ -121.99336, 47.61938 ], [ -121.99346, 47.61938 ], [ -121.99346, 47.61958 ], [ -121.99356, 47.61958 ], [ -121.99356, 47.61968 ], [ -121.99366, 47.61968 ], [ -121.99366, 47.61988 ], [ -121.99376, 47.61988 ], [ -121.99376, 47.62018 ], [ -121.99386, 47.62018 ], [ -121.99386, 47.62048 ], [ -121.99396, 47.62048 ], [ -121.99396, 47.62078 ], [ -121.99406, 47.62078 ], [ -121.99406, 47.62118 ], [ -121.99416, 47.62118 ], [ -121.99416, 47.62198 ], [ -121.99406, 47.62198 ], [ -121.99406, 47.62228 ] ] ] } },
{ "type": "Feature", "properties": { "slick_id": 17, "centroid": [ -121.862888, 47.604862 ], "bounding_box": [ -121.86356, 47.60418, -121.86216, 47.605579999999996 ], "area_km2": 0.0175, "perimeter_m": 623.39, "orientation": 0.0, "compactness": 0.565, "confidence": 0.3133 }, "geometry": { "type": "Polygon", "coordinates": [ [ [ -121.86296, 47.60558 ], [ -121.86276, 47.60558 ], [ -121.86276, 47.60548 ], [ -121.86256, 47.60548 ], [ -121.86256, 47.60538 ], [ -121.86236, 47.60538 ], [ -121.86236, 47.60528 ], [ -121.86226, 47.60528 ], [ -121.86226, 47.60508 ], [ -121.86216, 47.60508 ], [ -121.86216, 47.60478 ], [ -121.86226, 47.60478 ], [ -121.86226, 47.60458 ], [ -121.86246, 47.60458 ], [ -121.86246, 47.60448 ], [ -121.86256, 47.60448 ], [ -121.86256, 47.60428 ], [ -121.86266, 47.60428 ], [ -121.86266, 47.60418 ], [ -121.86326, 47.60418 ], [ -121.86326, 47.60428 ], [ -121.86336, 47.60428 ], [ -121.86336, 47.60448 ], [ -121.86346, 47.60448 ], [ -121.86346, 47.60458 ], [ -121.86356, 47.60458 ], [ -121.86356, 47.60508 ], [ -121.86346, 47.60508 ], [ -121.86346, 47.60518 ], [ -121.86336, 47.60518 ], [ -121.86336, 47.60538 ], [ -121.86316, 47.60538 ], [ -121.86316, 47.60548 ], [ -121.86296, 47.60548 ], [ -121.86296, 47.60558 ] ] ] } },
{ "type": "Feature", "properties": { "slick_id": 18, "centroid": [ -121.768095, 47.604747 ], "bounding_box": [ -121.76886, 47.60368, -121.76716, 47.605979999999995 ], "area_km2": 0.0314, "perimeter_m": 890.56, "orientation": 97.13, "compactness": 0.4968, "confidence": 0.3106 }, "geometry": { "type": "Polygon", "coordinates": [ [ [ -121.76856, 47.60598 ], [ -121.76836, 47.60598 ], [ -121.76836, 47.60588 ], [ -121.76826, 47.60588 ], [ -121.76826, 47.60578 ], [ -121.76816, 47.60578 ], [ -121.76816, 47.60568 ], [ -121.76806, 47.60568 ], [ -121.76806, 47.60558 ], [ -121.76796, 47.60558 ], [ -121.76796, 47.60548 ], [ -121.76776, 47.60548 ], [ -121.76776, 47.60538 ], [ -121.76756, 47.60538 ], [ -121.76756, 47.60528 ], [ -121.76746, 47.60528 ], [ -121.76746, 47.60508 ], [ -121.76736, 47.60508 ], [ -121.76736, 47.60498 ], [ -121.76726, 47.60498 ], [ -121.76726, 47.60478 ], [ -121.76716, 47.60478 ], [ -121.76716, 47.60448 ], [ -121.76726, 47.60448 ], [ -121.76726, 47.60428 ], [ -121.76736, 47.60428 ], [ -121.76736, 47.60418 ], [ -121.76746, 47.60418 ], [ -121.76746, 47.60408 ], [ -121.76756, 47.60408 ], [ -121.76756, 47.60398 ], [ -121.76766, 47.60398 ], [ -121.76766, 47.60388 ], [ -121.76786, 47.60388 ], [ -121.76786, 47.60378 ], [ -121.76806, 47.60378 ], [ -121.76806, 47.60368 ], [ -121.76846, 47.60368 ], [ -121.76846, 47.60378 ], [ -121.76856, 47.60378 ], [ -121.76856, 47.60398 ], [ -121.76866, 47.60398 ], [ -121.76866, 47.60428 ], [ -121.76876, 47.60428 ], [ -121.76876, 47.60508 ], [ -121.76886, 47.60508 ], [ -121.76886, 47.60538 ], [ -121.76876, 47.60538 ], [ -121.76876, 47.60558 ], [ -121.76866, 47.60558 ], [ -121.76866, 47.60578 ], [ -121.76856, 47.60578 ], [ -121.76856, 47.60598 ] ] ] } },
{ "type": "Feature", "properties": { "slick_id": 19, "centroid": [ -121.846877, 47.604106 ], "bounding_box": [ -121.84896, 47.60118, -121.84456, 47.60678 ], "area_km2": 0.2331, "perimeter_m": 2248.66, "orientation": 90.0, "compactness": 0.5793, "confidence": 0.3638 }, "geometry": { "type": "Polygon", "coordinates": [ [ [ -121.84746, 47.60678 ], [ -121.84696, 47.60678 ], [ -121.84696, 47.60668 ], [ -121.84636, 47.60668 ], [ -121.84636, 47.60658 ], [ -121.84606, 47.60658 ], [ -121.84606, 47.60648 ], [ -121.84586, 47.60648 ], [ -121.84586, 47.60638 ], [ -121.84576, 47.60638 ], [ -121.84576, 47.60628 ], [ -121.84566, 47.60628 ], [ -121.84566, 47.60618 ], [ -121.84556, 47.60618 ], [ -121.84556, 47.60608 ], [ -121.84546, 47.60608 ], [ -121.84546, 47.60598 ], [ -121.84526, 47.60598 ], [ -121.84526, 47.60588 ], [ -121.84506, 47.60588 ], [ -121.84506, 47.60578 ], [ -121.84496, 47.60578 ], [ -121.84496, 47.60568 ], [ -121.84486, 47.60568 ], [ -121.84486, 47.60558 ], [ -121.84476, 47.60558 ], [ -121.84476, 47.60538 ], [ -121.84466, 47.60538 ], [ -121.84466, 47.60518 ], [ -121.84456, 47.60518 ], [ -121.84456, 47.60438 ], [ -121.84466, 47.60438 ], [ -121.84466, 47.60418 ], [ -121.84476, 47.60418 ], [ -121.84476, 47.60388 ], [ -121.84486, 47.60388 ], [ -121.84486, 47.60328 ], [ -121.84496, 47.60328 ], [ -121.84496, 47.60248 ], [ -121.84506, 47.60248 ], [ -121.84506, 47.60238 ], [ -121.84516, 47.60238 ], [ -121.84516, 47.60228 ], [ -121.84526, 47.60228 ], [ -121.84526, 47.60218 ], [ -121.84536, 47.60218 ], [ -121.84536, 47.60208 ], [ -121.84546, 47.60208 ], [ -121.84546, 47.60198 ], [ -121.84566, 47.60198 ], [ -121.84566, 47.60188 ], [ -121.84586, 47.60188 ], [ -121.84586, 47.60178 ], [ -121.84626, 47.60178 ], [ -121.84626, 47.60168 ], [ -121.84676, 47.60168 ], [ -121.84676, 47.60158 ], [ -121.84696, 47.60158 ], [ -121.84696, 47.60148 ], [ -121.84716, 47.60148 ], [ -121.84716, 47.60138 ], [ -121.84726, 47.60138 ], [ -121.84726, 47.60128 ], [ -121.84746, 47.60128 ], [ -121.84746, 47.60118 ], [ -121.84816, 47.60118 ], [ -121.84816, 47.60138 ], [ -121.84826, 47.60138 ], [ -121.84826, 47.60178 ], [ -121.84836, 47.60178 ], [ -121.84836, 47.60198 ], [ -121.84846, 47.60198 ], [ -121.84846, 47.60218 ], [ -121.84856, 47.60218 ], [ -121.84856, 47.60238 ], [ -121.84866, 47.60238 ], [ -121.84866, 47.60278 ], [ -121.84876, 47.60278 ], [ -121.84876, 47.60318 ], [ -121.84886, 47.60318 ], [ -121.84886, 47.60358 ], [ -121.84876, 47.60358 ], [ -121.84876, 47.60458 ], [ -121.84886, 47.60458 ], [ -121.84886, 47.60468 ], [ -121.84896, 47.60468 ], [ -121.84896, 47.60548 ], [ -121.84886, 47.60548 ], [ -121.84886, 47.60558 ], [ -121.84876, 47.60558 ], [ -121.84876, 47.60578 ], [ -121.84866, 47.60578 ], [ -121.84866, 47.60618 ], [ -121.84856, 47.60618 ], [ -121.84856, 47.60638 ], [ -121.84846, 47.60638 ], [ -121.84846, 47.60648 ], [ -121.84816, 47.60648 ], [ -121.84816, 47.60658 ], [ -121.84776, 47.60658 ], [ -121.84776, 47.60668 ], [ -121.84746, 47.60668 ], [ -121.84746, 47.60678 ] ] ] } },
{ "type": "Feature", "properties": { "slick_id": 20, "centroid": [ -121.826855, 47.601462 ], "bounding_box": [ -121.83016, 47.59498, -121.82246, 47.60668 ], "area_km2": 0.777, "perimeter_m": 4386.01, "orientation": 83.29, "compactness": 0.5076, "confidence": 0.4365 }, "geometry": { "type": "Polygon", "coordinates": [ [ [ -121.82756, 47.60668 ], [ -121.82606, 47.60668 ], [ -121.82606, 47.60658 ], [ -121.82566, 47.60658 ], [ -121.82566, 47.60648 ], [ -121.82446, 47.60648 ], [ -121.82446, 47.60638 ], [ -121.82416, 47.60638 ], [ -121.82416, 47.60628 ], [ -121.82396, 47.60628 ], [ -121.82396, 47.60618 ], [ -121.82366, 47.60618 ], [ -121.82366, 47.60608 ], [ -121.82356, 47.60608 ], [ -121.82356, 47.60598 ], [ -121.82346, 47.60598 ], [ -121.82346, 47.60588 ], [ -121.82326, 47.60588 ], [ -121.82326, 47.60578 ], [ -121.82286, 47.60578 ], [ -121.82286, 47.60568 ], [ -121.82256, 47.60568 ], [ -121.82256, 47.60498 ], [ -121.82246, 47.60498 ], [ -121.82246, 47.60428 ], [ -121.82256, 47.60428 ], [ -121.82256, 47.60398 ], [ -121.82266, 47.60398 ], [ -121.82266, 47.60378 ], [ -121.82276, 47.60378 ], [ -121.82276, 47.60348 ], [ -121.82286, 47.60348 ], [ -121.82286, 47.60318 ], [ -121.82296, 47.60318 ], [ -121.82296, 47.60308 ], [ -121.82306, 47.60308 ], [ -121.82306, 47.60288 ], [ -121.82316, 47.60288 ], [ -121.82316, 47.60258 ], [ -121.82326, 47.60258 ], [ -121.82326, 47.60248 ], [ -121.82336, 47.60248 ], [ -121.82336, 47.60238 ], [ -121.82356, 47.60238 ], [ -121.82356, 47.60228 ], [ -121.82366, 47.60228 ], [ -121.82366, 47.60218 ], [ -121.82376, 47.60218 ], [ -121.82376, 47.60208 ], [ -121.82386, 47.60208 ], [ -121.82386, 47.60198 ], [ -121.82396, 47.60198 ], [ -121.82396, 47.60178 ], [ -121.82406, 47.60178 ], [ -121.82406, 47.60158 ], [ -121.82416, 47.60158 ], [ -121.82416, 47.60128 ], [ -121.82426, 47.60128 ], [ -121.82426, 47.60038 ], [ -121.82436, 47.60038 ], [ -121.82436, 47.59908 ], [ -121.82446, 47.59908 ], [ -121.82446, 47.59888 ], [ -121.82456, 47.59888 ], [ -121.82456, 47.59858 ], [ -121.82466, 47.59858 ], [ -121.82466, 47.59838 ], [ -121.82476, 47.59838 ], [ -121.82476, 47.59828 ], [ -121.82486, 47.59828 ], [ -121.82486, 47.59818 ], [ -121.82496, 47.59818 ], [ -121.82496, 47.59808 ], [ -121.82506, 47.59808 ], [ -121.82506, 47.59798 ], [ -121.82516, 47.59798 ], [ -121.82516, 47.59788 ], [ -121.82526, 47.59788 ], [ -121.82526, 47.59778 ], [ -121.82536, 47.59778 ], [ -121.82536, 47.59758 ], [ -121.82546, 47.59758 ], [ -121.82546, 47.59738 ], [ -121.82556, 47.59738 ], [ -121.82556, 47.59708 ], [ -121.82566, 47.59708 ], [ -121.82566, 47.59698 ], [ -121.82576, 47.59698 ], [ -121.82576, 47.59688 ], [ -121.82586, 47.59688 ], [ -121.82586, 47.59668 ], [ -121.82596, 47.59668 ], [ -121.82596, 47.59648 ], [ -121.82606, 47.59648 ], [ -121.82606, 47.59628 ], [ -121.82616, 47.59628 ], [ -121.82616, 47.59618 ], [ -121.82626, 47.59618 ], [ -121.82626, 47.59608 ], [ -121.82636, 47.59608 ], [ -121.82636, 47.59598 ], [ -121.82646, 47.59598 ], [ -121.82646, 47.59588 ], [ -121.82666, 47.59588 ], [ -121.82666, 47.59578 ], [ -121.82676, 47.59578 ], [ -121.82676, 47.59568 ], [ -121.82686, 47.59568 ], [ -121.82686, 47.59558 ], [ -121.82696, 47.59558 ], [ -121.82696, 47.59538 ], [ -121.82706, 47.59538 ], [ -121.82706, 47.59528 ], [ -121.82716, 47.59528 ], [ -121.82716, 47.59518 ], [ -121.82736, 47.59518 ], [ -121.82736, 47.59508 ], [ -121.82766, 47.59508 ], [ -121.82766, 47.59498 ], [ -121.82776, 47.59498 ], [ -121.82776, 47.59508 ], [ -121.82826, 47.59508 ], [ -121.82826, 47.59518 ], [ -121.82846, 47.59518 ], [ -121.82846, 47.59528 ], [ -121.82956, 47.59528 ], [ -121.82956, 47.59538 ], [ -121.82976, 47.59538 ], [ -121.82976, 47.59568 ], [ -121.82986, 47.59568 ], [ -121.82986, 47.59618 ], [ -121.82976, 47.59618 ], [ -121.82976, 47.59718 ], [ -121.82986, 47.59718 ], [ -121.82986, 47.59838 ], [ -121.82996, 47.59838 ], [ -121.82996, 47.59898 ], [ -121.82986, 47.59898 ], [ -121.82986, 47.59958 ], [ -121.82996, 47.59958 ], [ -121.82996, 47.59978 ], [ -121.83006, 47.59978 ], [ -121.83006, 47.59998 ], [ -121.83016, 47.59998 ], [ -121.83016, 47.60018 ], [ -121.83006, 47.60018 ], [ -121.83006, 47.60168 ], [ -121.82996, 47.60168 ], [ -121.82996, 47.60218 ], [ -121.82986, 47.60218 ], [ -121.82986, 47.60278 ], [ -121.82976, 47.60278 ], [ -121.82976, 47.60338 ], [ -121.82966, 47.60338 ], [ -121.82966, 47.60388 ], [ -121.82956, 47.60388 ], [ -121.82956, 47.60448 ], [ -121.82966, 47.60448 ], [ -121.82966, 47.60508 ], [ -121.82956, 47.60508 ], [ -121.82956, 47.60538 ], [ -121.82946, 47.60538 ], [ -121.82946, 47.60548 ], [ -121.82936, 47.60548 ], [ -121.82936, 47.60578 ], [ -121.82926, 47.60578 ], [ -121.82926, 47.60588 ], [ -121.82916, 47.60588 ], [ -121.82916, 47.60608 ], [ -121.82906, 47.60608 ], [ -121.82906, 47.60618 ], [ -121.82886, 47.60618 ], [ -121.82886, 47.60628 ], [ -121.82806, 47.60628 ], [ -121.82806, 47.60638 ], [ -121.82786, 47.60638 ], [ -121.82786, 47.60648 ], [ -121.82776, 47.60648 ], [ -121.82776, 47.60658 ], [ -121.82756, 47.60658 ], [ -121.82756, 47.60668 ] ] ] } },
{ "type": "Feature", "properties": { "slick_id": 22, "centroid": [ -122.045472, 47.588919 ], "bounding_box": [ -122.04676, 47.587779999999995, -122.04426000000001, 47.59018 ], "area_km2": 0.0478, "perimeter_m": 1625.27, "orientation": 0.0, "compactness": 0.2276, "confidence": 0.3618 }, "geometry": { "type": "Polygon", "coordinates": [ [ [ -122.04556, 47.59018 ], [ -122.04496, 47.59018 ], [ -122.04496, 47.59008 ], [ -122.04476, 47.59008 ], [ -122.04476, 47.58998 ], [ -122.04466, 47.58998 ], [ -122.04466, 47.58978 ], [ -122.04456, 47.58978 ], [ -122.04456, 47.58968 ], [ -122.04446, 47.58968 ], [ -122.04446, 47.58948 ], [ -122.04436, 47.58948 ], [ -122.04436, 47.58888 ], [ -122.04426, 47.58888 ], [ -122.04426, 47.58838 ], [ -122.04436, 47.58838 ], [ -122.04436, 47.58808 ], [ -122.04446, 47.58808 ], [ -122.04446, 47.58798 ], [ -122.04466, 47.58798 ], [ -122.04466, 47.58788 ], [ -122.04476, 47.58788 ], [ -122.04476, 47.58778 ], [ -122.04536, 47.58778 ], [ -122.04536, 47.58788 ], [ -122.04556, 47.58788 ], [ -122.04556, 47.58798 ], [ -122.04566, 47.58798 ], [ -122.04566, 47.58788 ], [ -122.04586, 47.58788 ], [ -122.04586, 47.58778 ], [ -122.04636, 47.58778 ], [ -122.04636, 47.58788 ], [ -122.04656, 47.58788 ], [ -122.04656, 47.58798 ], [ -122.04666, 47.58798 ], [ -122.04666, 47.58818 ], [ -122.04676, 47.58818 ], [ -122.04676, 47.58878 ], [ -122.04666, 47.58878 ], [ -122.04666, 47.58908 ], [ -122.04656, 47.58908 ], [ -122.04656, 47.58928 ], [ -122.04646, 47.58928 ], [ -122.04646, 47.58948 ], [ -122.04636, 47.58948 ], [ -122.04636, 47.58958 ], [ -122.04626, 47.58958 ], [ -122.04626, 47.58978 ], [ -122.04616, 47.58978 ], [ -122.04616, 47.58988 ], [ -122.04596, 47.58988 ], [ -122.04596, 47.58998 ], [ -122.04576, 47.58998 ], [ -122.04576, 47.59008 ], [ -122.04556, 47.59008 ], [ -122.04556, 47.59018 ] ], [ [ -122.04566, 47.58928 ], [ -122.04566, 47.58918 ], [ -122.04586, 47.58918 ], [ -122.04586, 47.58908 ], [ -122.04596, 47.58908 ], [ -122.04596, 47.58848 ], [ -122.04586, 47.58848 ], [ -122.04586, 47.58818 ], [ -122.04566, 47.58818 ], [ -122.04566, 47.58808 ], [ -122.04556, 47.58808 ], [ -122.04556, 47.58818 ], [ -122.04536, 47.58818 ], [ -122.04536, 47.58828 ], [ -122.04516, 47.58828 ], [ -122.04516, 47.58838 ], [ -122.04506, 47.58838 ], [ -122.04506, 47.58868 ], [ -122.04496, 47.58868 ], [ -122.04496, 47.58898 ], [ -122.04506, 47.58898 ], [ -122.04506, 47.58918 ], [ -122.04526, 47.58918 ], [ -122.04526, 47.58928 ], [ -122.04566, 47.58928 ] ] ] } },
{ "type": "Feature", "properties": { "slick_id": 23, "centroid": [ -121.993364, 47.5873 ], "bounding_box": [ -121.99536, 47.58408, -121.99116000000001, 47.58978 ], "area_km2": 0.1271, "perimeter_m": 3139.22, "orientation": 95.19, "compactness": 0.1621, "confidence": 0.3282 }, "geometry": { "type": "Polygon", "coordinates": [ [ [ -121.99206, 47.58978 ], [ -121.99196, 47.58978 ], [ -121.99196, 47.58958 ], [ -121.99186, 47.58958 ], [ -121.99186, 47.58928 ], [ -121.99176, 47.58928 ], [ -121.99176, 47.58878 ], [ -121.99166, 47.58878 ], [ -121.99166, 47.58858 ], [ -121.99156, 47.58858 ], [ -121.99156, 47.58818 ], [ -121.99166, 47.58818 ], [ -121.99166, 47.58788 ], [ -121.99176, 47.58788 ], [ -121.99176, 47.58718 ], [ -121.99186, 47.58718 ], [ -121.99186, 47.58708 ], [ -121.99196, 47.58708 ], [ -121.99196, 47.58698 ], [ -121.99206, 47.58698 ], [ -121.99206, 47.58708 ], [ -121.99216, 47.58708 ], [ -121.99216, 47.58718 ], [ -121.99236, 47.58718 ], [ -121.99236, 47.58728 ], [ -121.99276, 47.58728 ], [ -121.99276, 47.58718 ], [ -121.99296, 47.58718 ], [ -121.99296, 47.58698 ], [ -121.99306, 47.58698 ], [ -121.99306, 47.58678 ], [ -121.99316, 47.58678 ], [ -121.99316, 47.58658 ], [ -121.99326, 47.58658 ], [ -121.99326, 47.58628 ], [ -121.99316, 47.58628 ], [ -121.99316, 47.58608 ], [ -121.99306, 47.58608 ], [ -121.99306, 47.58598 ], [ -121.99296, 47.58598 ], [ -121.99296, 47.58588 ], [ -121.99286, 47.58588 ], [ -121.99286, 47.58578 ], [ -121.99276, 47.58578 ], [ -121.99276, 47.58568 ], [ -121.99266, 47.58568 ], [ -121.99266, 47.58558 ], [ -121.99256, 47.58558 ], [ -121.99256, 47.58548 ], [ -121.99246, 47.58548 ], [ -121.99246, 47.58538 ], [ -121.99226, 47.58538 ], [ -121.99226, 47.58528 ], [ -121.99206, 47.58528 ], [ -121.99206, 47.58468 ], [ -121.99196, 47.58468 ], [ -121.99196, 47.58438 ], [ -121.99176, 47.58438 ], [ -121.99176, 47.58428 ], [ -121.99146, 47.58428 ], [ -121.99146, 47.58418 ], [ -121.99116, 47.58418 ], [ -121.99116, 47.58408 ], [ -121.99266, 47.58408 ], [ -121.99266, 47.58418 ], [ -121.99256, 47.58418 ], [ -121.99256, 47.58428 ], [ -121.99246, 47.58428 ], [ -121.99246, 47.58438 ], [ -121.99226, 47.58438 ], [ -121.99226, 47.58478 ], [ -121.99236, 47.58478 ], [ -121.99236, 47.58488 ], [ -121.99256, 47.58488 ], [ -121.99256, 47.58498 ], [ -121.99286, 47.58498 ], [ -121.99286, 47.58508 ], [ -121.99306, 47.58508 ], [ -121.99306, 47.58518 ], [ -121.99326, 47.58518 ], [ -121.99326, 47.58528 ], [ -121.99376, 47.58528 ], [ -121.99376, 47.58538 ], [ -121.99396, 47.58538 ], [ -121.99396, 47.58548 ], [ -121.99406, 47.58548 ], [ -121.99406, 47.58558 ], [ -121.99416, 47.58558 ], [ -121.99416, 47.58568 ], [ -121.99426, 47.58568 ], [ -121.99426, 47.58578 ], [ -121.99436, 47.58578 ], [ -121.99436, 47.58588 ], [ -121.99446, 47.58588 ], [ -121.99446, 47.58608 ], [ -121.99456, 47.58608 ], [ -121.99456, 47.58618 ], [ -121.99466, 47.58618 ], [ -121.99466, 47.58628 ], [ -121.99476, 47.58628 ], [ -121.99476, 47.58638 ], [ -121.99486, 47.58638 ], [ -121.99486, 47.58658 ], [ -121.99506, 47.58658 ], [ -121.99506, 47.58668 ], [ -121.99516, 47.58668 ], [ -121.99516, 47.58678 ], [ -121.99536, 47.58678 ], [ -121.99536, 47.58698 ], [ -121.99526, 47.58698 ], [ -121.99526, 47.58708 ], [ -121.99516, 47.58708 ], [ -121.99516, 47.58738 ], [ -121.99506, 47.58738 ], [ -121.99506, 47.58758 ], [ -121.99496, 47.58758 ], [ -121.99496, 47.58798 ], [ -121.99486, 47.58798 ], [ -121.99486, 47.58868 ], [ -121.99496, 47.58868 ], [ -121.99496, 47.58888 ], [ -121.99486, 47.58888 ], [ -121.99486, 47.58908 ], [ -121.99446, 47.58908 ], [ -121.99446, 47.58918 ], [ -121.99426, 47.58918 ], [ -121.99426, 47.58928 ], [ -121.99416, 47.58928 ], [ -121.99416, 47.58938 ], [ -121.99386, 47.58938 ], [ -121.99386, 47.58948 ], [ -121.99356, 47.58948 ], [ -121.99356, 47.58908 ], [ -121.99366, 47.58908 ], [ -121.99366, 47.58898 ], [ -121.99396, 47.58898 ], [ -121.99396, 47.58888 ], [ -121.99416, 47.58888 ], [ -121.99416, 47.58848 ], [ -121.99396, 47.58848 ], [ -121.99396, 47.58838 ], [ -121.99376, 47.58838 ], [ -121.99376, 47.58848 ], [ -121.99356, 47.58848 ], [ -121.99356, 47.58858 ], [ -121.99346, 47.58858 ], [ -121.99346, 47.58868 ], [ -121.99326, 47.58868 ], [ -121.99326, 47.58878 ], [ -121.99316, 47.58878 ], [ -121.99316, 47.58888 ], [ -121.99296, 47.58888 ], [ -121.99296, 47.58898 ], [ -121.99276, 47.58898 ], [ -121.99276, 47.58908 ], [ -121.99256, 47.58908 ], [ -121.99256, 47.58918 ], [ -121.99246, 47.58918 ], [ -121.99246, 47.58928 ], [ -121.99226, 47.58928 ], [ -121.99226, 47.58948 ], [ -121.99216, 47.58948 ], [ -121.99216, 47.58968 ], [ -121.99206, 47.58968 ], [ -121.99206, 47.58978 ] ] ] } },
{ "type": "Feature", "properties": { "slick_id": 24, "centroid": [ -121.768046, 47.586833 ], "bounding_box": [ -121.76906000000001, 47.58398, -121.76626, 47.58988 ], "area_km2": 0.1196, "perimeter_m": 2137.34, "orientation": 93.95, "compactness": 0.329, "confidence": 0.3519 }, "geometry": { "type": "Polygon", "coordinates": [ [ [ -121.76856, 47.58988 ], [ -121.76846, 47.58988 ], [ -121.76846, 47.58978 ], [ -121.76826, 47.58978 ], [ -121.76826, 47.58968 ], [ -121.76816, 47.58968 ], [ -121.76816, 47.58958 ], [ -121.76806, 47.58958 ], [ -121.76806, 47.58948 ], [ -121.76796, 47.58948 ], [ -121.76796, 47.58938 ], [ -121.76786, 47.58938 ], [ -121.76786, 47.58918 ], [ -121.76776, 47.58918 ], [ -121.76776, 47.58908 ], [ -121.76766, 47.58908 ], [ -121.76766, 47.58898 ], [ -121.76756, 47.58898 ], [ -121.76756, 47.58878 ], [ -121.76746, 47.58878 ], [ -121.76746, 47.58868 ], [ -121.76736, 47.58868 ], [ -121.76736, 47.58858 ], [ -121.76726, 47.58858 ], [ -121.76726, 47.58838 ], [ -121.76716, 47.58838 ], [ -121.76716, 47.58818 ], [ -121.76706, 47.58818 ], [ -121.76706, 47.58788 ], [ -121.76696, 47.58788 ], [ -121.76696, 47.58618 ], [ -121.76706, 47.58618 ], [ -121.76706, 47.58588 ], [ -121.76716, 47.58588 ], [ -121.76716, 47.58558 ], [ -121.76726, 47.58558 ], [ -121.76726, 47.58528 ], [ -121.76736, 47.58528 ], [ -121.76736, 47.58508 ], [ -121.76746, 47.58508 ], [ -121.76746, 47.58478 ], [ -121.76756, 47.58478 ], [ -121.76756, 47.58448 ], [ -121.76736, 47.58448 ], [ -121.76736, 47.58438 ], [ -121.76696, 47.58438 ], [ -121.76696, 47.58428 ], [ -121.76666, 47.58428 ], [ -121.76666, 47.58418 ], [ -121.76626, 47.58418 ], [ -121.76626, 47.58408 ], [ -121.76706, 47.58408 ], [ -121.76706, 47.58398 ], [ -121.76866, 47.58398 ], [ -121.76866, 47.58408 ], [ -121.76886, 47.58408 ], [ -121.76886, 47.58428 ], [ -121.76866, 47.58428 ], [ -121.76866, 47.58438 ], [ -121.76856, 47.58438 ], [ -121.76856, 47.58478 ], [ -121.76866, 47.58478 ], [ -121.76866, 47.58528 ], [ -121.76876, 47.58528 ], [ -121.76876, 47.58558 ], [ -121.76886, 47.58558 ], [ -121.76886, 47.58598 ], [ -121.76896, 47.58598 ], [ -121.76896, 47.58698 ], [ -121.76906, 47.58698 ], [ -121.76906, 47.58918 ], [ -121.76896, 47.58918 ], [ -121.76896, 47.58958 ], [ -121.76886, 47.58958 ], [ -121.76886, 47.58978 ], [ -121.76856, 47.58978 ], [ -121.76856, 47.58988 ] ] ] } },
{ "type": "Feature", "properties": { "slick_id": 25, "centroid": [ -121.90758, 47.579543 ], "bounding_box": [ -121.90896000000001, 47.57798, -121.90656, 47.58108 ], "area_km2": 0.044, "perimeter_m": 1358.1, "orientation": 135.0, "compactness": 0.2997, "confidence": 0.3119 }, "geometry": { "type": "Polygon", "coordinates": [ [ [ -121.90806, 47.58108 ], [ -121.90796, 47.58108 ], [ -121.90796, 47.58098 ], [ -121.90766, 47.58098 ], [ -121.90766, 47.58088 ], [ -121.90756, 47.58088 ], [ -121.90756, 47.58098 ], [ -121.90726, 47.58098 ], [ -121.90726, 47.58088 ], [ -121.90716, 47.58088 ], [ -121.90716, 47.58068 ], [ -121.90706, 47.58068 ], [ -121.90706, 47.58038 ], [ -121.90696, 47.58038 ], [ -121.90696, 47.57998 ], [ -121.90686, 47.57998 ], [ -121.90686, 47.57978 ], [ -121.90676, 47.57978 ], [ -121.90676, 47.57958 ], [ -121.90666, 47.57958 ], [ -121.90666, 47.57908 ], [ -121.90656, 47.57908 ], [ -121.90656, 47.57878 ], [ -121.90666, 47.57878 ], [ -121.90666, 47.57868 ], [ -121.90676, 47.57868 ], [ -121.90676, 47.57858 ], [ -121.90696, 47.57858 ], [ -121.90696, 47.57848 ], [ -121.90736, 47.57848 ], [ -121.90736, 47.57838 ], [ -121.90756, 47.57838 ], [ -121.90756, 47.57808 ], [ -121.90766, 47.57808 ], [ -121.90766, 47.57798 ], [ -121.90776, 47.57798 ], [ -121.90776, 47.57858 ], [ -121.90796, 47.57858 ], [ -121.90796, 47.57868 ], [ -121.90816, 47.57868 ], [ -121.90816, 47.57878 ], [ -121.90836, 47.57878 ], [ -121.90836, 47.57888 ], [ -121.90856, 47.57888 ], [ -121.90856, 47.57898 ], [ -121.90866, 47.57898 ], [ -121.90866, 47.57908 ], [ -121.90886, 47.57908 ], [ -121.90886, 47.57918 ], [ -121.90896, 47.57918 ], [ -121.90896, 47.57938 ], [ -121.90886, 47.57938 ], [ -121.90886, 47.57948 ], [ -121.90866, 47.57948 ], [ -121.90866, 47.57958 ], [ -121.90816, 47.57958 ], [ -121.90816, 47.57948 ], [ -121.90806, 47.57948 ], [ -121.90806, 47.57958 ], [ -121.90786, 47.57958 ], [ -121.90786, 47.57968 ], [ -121.90776, 47.57968 ], [ -121.90776, 47.58008 ], [ -121.90786, 47.58008 ], [ -121.90786, 47.58018 ], [ -121.90806, 47.58018 ], [ -121.90806, 47.58028 ], [ -121.90816, 47.58028 ], [ -121.90816, 47.58098 ], [ -121.90806, 47.58098 ], [ -121.90806, 47.58108 ] ] ] } },
{ "type": "Feature", "properties": { "slick_id": 26, "centroid": [ -122.286923, 47.556029 ], "bounding_box": [ -122.28826000000001, 47.555479999999996, -122.28596, 47.55668 ], "area_km2": 0.0191, "perimeter_m": 801.5, "orientation": 3.58, "compactness": 0.3733, "confidence": 0.5106 }, "geometry": { "type": "Polygon", "coordinates": [ [ [ -122.28646, 47.55668 ], [ -122.28596, 47.55668 ], [ -122.28596, 47.55628 ], [ -122.28606, 47.55628 ], [ -122.28606, 47.55598 ], [ -122.28616, 47.55598 ], [ -122.28616, 47.55578 ], [ -122.28626, 47.55578 ], [ -122.28626, 47.55568 ], [ -122.28636, 47.55568 ], [ -122.28636, 47.55558 ], [ -122.28706, 47.55558 ], [ -122.28706, 47.55568 ], [ -122.28746, 47.55568 ], [ -122.28746, 47.55558 ], [ -122.28796, 47.55558 ], [ -122.28796, 47.55548 ], [ -122.28816, 47.55548 ], [ -122.28816, 47.55558 ], [ -122.28826, 47.55558 ], [ -122.28826, 47.55578 ], [ -122.28806, 47.55578 ], [ -122.28806, 47.55588 ], [ -122.28786, 47.55588 ], [ -122.28786, 47.55598 ], [ -122.28776, 47.55598 ], [ -122.28776, 47.55608 ], [ -122.28766, 47.55608 ], [ -122.28766, 47.55618 ], [ -122.28746, 47.55618 ], [ -122.28746, 47.55628 ], [ -122.28726, 47.55628 ], [ -122.28726, 47.55638 ], [ -122.28686, 47.55638 ], [ -122.28686, 47.55648 ], [ -122.28666, 47.55648 ], [ -122.28666, 47.55658 ], [ -122.28646, 47.55658 ], [ -122.28646, 47.55668 ] ] ] } },
{ "type": "Feature", "properties": { "slick_id": 27, "centroid": [ -122.005646, 47.545104 ], "bounding_box": [ -122.00656000000001, 47.54318, -122.00486000000001, 47.546879999999994 ], "area_km2": 0.0359, "perimeter_m": 1202.26, "orientation": 115.02, "compactness": 0.3124, "confidence": 0.3257 }, "geometry": { "type": "Polygon", "coordinates": [ [ [ -122.00646, 47.54688 ], [ -122.00606, 47.54688 ], [ -122.00606, 47.54678 ], [ -122.00596, 47.54678 ], [ -122.00596, 47.54668 ], [ -122.00586, 47.54668 ], [ -122.00586, 47.54648 ], [ -122.00576, 47.54648 ], [ -122.00576, 47.54618 ], [ -122.00566, 47.54618 ], [ -122.00566, 47.54598 ], [ -122.00556, 47.54598 ], [ -122.00556, 47.54588 ], [ -122.00546, 47.54588 ], [ -122.00546, 47.54568 ], [ -122.00536, 47.54568 ], [ -122.00536, 47.54548 ], [ -122.00526, 47.54548 ], [ -122.00526, 47.54528 ], [ -122.00516, 47.54528 ], [ -122.00516, 47.54508 ], [ -122.00506, 47.54508 ], [ -122.00506, 47.54488 ], [ -122.00496, 47.54488 ], [ -122.00496, 47.54458 ], [ -122.00486, 47.54458 ], [ -122.00486, 47.54318 ], [ -122.00496, 47.54318 ], [ -122.00496, 47.54328 ], [ -122.00506, 47.54328 ], [ -122.00506, 47.54338 ], [ -122.00526, 47.54338 ], [ -122.00526, 47.54348 ], [ -122.00536, 47.54348 ], [ -122.00536, 47.54358 ], [ -122.00546, 47.54358 ], [ -122.00546, 47.54368 ], [ -122.00556, 47.54368 ], [ -122.00556, 47.54398 ], [ -122.00566, 47.54398 ], [ -122.00566, 47.54418 ], [ -122.00576, 47.54418 ], [ -122.00576, 47.54438 ], [ -122.00586, 47.54438 ], [ -122.00586, 47.54468 ], [ -122.00596, 47.54468 ], [ -122.00596, 47.54488 ], [ -122.00606, 47.54488 ], [ -122.00606, 47.54498 ], [ -122.00616, 47.54498 ], [ -122.00616, 47.54518 ], [ -122.00626, 47.54518 ], [ -122.00626, 47.54558 ], [ -122.00636, 47.54558 ], [ -122.00636, 47.54588 ], [ -122.00646, 47.54588 ], [ -122.00646, 47.54638 ], [ -122.00656, 47.54638 ], [ -122.00656, 47.54658 ], [ -122.00646, 47.54658 ], [ -122.00646, 47.54688 ] ] ] } },
{ "type": "Feature", "properties": { "slick_id": 28, "centroid": [ -121.994638, 47.535211 ], "bounding_box": [ -121.99546000000001, 47.53308, -121.99316, 47.53828 ], "area_km2": 0.086, "perimeter_m": 1736.59, "orientation": 90.0, "compactness": 0.3584, "confidence": 0.3572 }, "geometry": { "type": "Polygon", "coordinates": [ [ [ -121.99546, 47.53828 ], [ -121.99536, 47.53828 ], [ -121.99536, 47.53818 ], [ -121.99526, 47.53818 ], [ -121.99526, 47.53808 ], [ -121.99506, 47.53808 ], [ -121.99506, 47.53798 ], [ -121.99496, 47.53798 ], [ -121.99496, 47.53788 ], [ -121.99486, 47.53788 ], [ -121.99486, 47.53768 ], [ -121.99466, 47.53768 ], [ -121.99466, 47.53748 ], [ -121.99456, 47.53748 ], [ -121.99456, 47.53718 ], [ -121.99446, 47.53718 ], [ -121.99446, 47.53698 ], [ -121.99436, 47.53698 ], [ -121.99436, 47.53678 ], [ -121.99426, 47.53678 ], [ -121.99426, 47.53648 ], [ -121.99416, 47.53648 ], [ -121.99416, 47.53628 ], [ -121.99406, 47.53628 ], [ -121.99406, 47.53548 ], [ -121.99416, 47.53548 ], [ -121.99416, 47.53538 ], [ -121.99426, 47.53538 ], [ -121.99426, 47.53488 ], [ -121.99416, 47.53488 ], [ -121.99416, 47.53478 ], [ -121.99396, 47.53478 ], [ -121.99396, 47.53468 ], [ -121.99386, 47.53468 ], [ -121.99386, 47.53478 ], [ -121.99336, 47.53478 ], [ -121.99336, 47.53468 ], [ -121.99326, 47.53468 ], [ -121.99326, 47.53418 ], [ -121.99316, 47.53418 ], [ -121.99316, 47.53398 ], [ -121.99326, 47.53398 ], [ -121.99326, 47.53358 ], [ -121.99346, 47.53358 ], [ -121.99346, 47.53348 ], [ -121.99356, 47.53348 ], [ -121.99356, 47.53338 ], [ -121.99376, 47.53338 ], [ -121.99376, 47.53328 ], [ -121.99386, 47.53328 ], [ -121.99386, 47.53318 ], [ -121.99396, 47.53318 ], [ -121.99396, 47.53308 ], [ -121.99416, 47.53308 ], [ -121.99416, 47.53318 ], [ -121.99456, 47.53318 ], [ -121.99456, 47.53328 ], [ -121.99506, 47.53328 ], [ -121.99506, 47.53338 ], [ -121.99546, 47.53338 ], [ -121.99546, 47.53828 ] ] ] } },
{ "type": "Feature", "properties": { "slick_id": 29, "centroid": [ -121.846467, 47.528086 ], "bounding_box": [ -121.84716, 47.526979999999995, -121.84576000000001, 47.52898 ], "area_km2": 0.026, "perimeter_m": 756.98, "orientation": 90.0, "compactness": 0.5707, "confidence": 0.3257 }, "geometry": { "type": "Polygon", "coordinates": [ [ [ -121.84626, 47.52898 ], [ -121.84596, 47.52898 ], [ -121.84596, 47.52888 ], [ -121.84586, 47.52888 ], [ -121.84586, 47.52868 ], [ -121.84576, 47.52868 ], [ -121.84576, 47.52808 ], [ -121.84586, 47.52808 ], [ -121.84586, 47.52768 ], [ -121.84596, 47.52768 ], [ -121.84596, 47.52738 ], [ -121.84606, 47.52738 ], [ -121.84606, 47.52728 ], [ -121.84616, 47.52728 ], [ -121.84616, 47.52718 ], [ -121.84626, 47.52718 ], [ -121.84626, 47.52708 ], [ -121.84636, 47.52708 ], [ -121.84636, 47.52698 ], [ -121.84646, 47.52698 ], [ -121.84646, 47.52708 ], [ -121.84656, 47.52708 ], [ -121.84656, 47.52718 ], [ -121.84666, 47.52718 ], [ -121.84666, 47.52728 ], [ -121.84676, 47.52728 ], [ -121.84676, 47.52738 ], [ -121.84696, 47.52738 ], [ -121.84696, 47.52748 ], [ -121.84706, 47.52748 ], [ -121.84706, 47.52758 ], [ -121.84716, 47.52758 ], [ -121.84716, 47.52868 ], [ -121.84706, 47.52868 ], [ -121.84706, 47.52878 ], [ -121.84686, 47.52878 ], [ -121.84686, 47.52888 ], [ -121.84626, 47.52888 ], [ -121.84626, 47.52898 ] ] ] } },
{ "type": "Feature", "properties": { "slick_id": 30, "centroid": [ -122.076655, 47.526442 ], "bounding_box": [ -122.07726000000001, 47.525079999999996, -122.07596000000001, 47.527879999999996 ], "area_km2": 0.0333, "perimeter_m": 935.09, "orientation": 81.25, "compactness": 0.4791, "confidence": 0.3073 }, "geometry": { "type": "Polygon", "coordinates": [ [ [ -122.07656, 47.52788 ], [ -122.07636, 47.52788 ], [ -122.07636, 47.52778 ], [ -122.07616, 47.52778 ], [ -122.07616, 47.52768 ], [ -122.07606, 47.52768 ], [ -122.07606, 47.52758 ], [ -122.07596, 47.52758 ], [ -122.07596, 47.52708 ], [ -122.07606, 47.52708 ], [ -122.07606, 47.52688 ], [ -122.07616, 47.52688 ], [ -122.07616, 47.52658 ], [ -122.07626, 47.52658 ], [ -122.07626, 47.52628 ], [ -122.07616, 47.52628 ], [ -122.07616, 47.52578 ], [ -122.07626, 47.52578 ], [ -122.07626, 47.52528 ], [ -122.07636, 47.52528 ], [ -122.07636, 47.52518 ], [ -122.07646, 47.52518 ], [ -122.07646, 47.52508 ], [ -122.07706, 47.52508 ], [ -122.07706, 47.52518 ], [ -122.07716, 47.52518 ], [ -122.07716, 47.52528 ], [ -122.07726, 47.52528 ], [ -122.07726, 47.52658 ], [ -122.07716, 47.52658 ], [ -122.07716, 47.52708 ], [ -122.07706, 47.52708 ], [ -122.07706, 47.52738 ], [ -122.07696, 47.52738 ], [ -122.07696, 47.52748 ], [ -122.07686, 47.52748 ], [ -122.07686, 47.52768 ], [ -122.07676, 47.52768 ], [ -122.07676, 47.52778 ], [ -122.07656, 47.52778 ], [ -122.07656, 47.52788 ] ] ] } },
{ "type": "Feature", "properties": { "slick_id": 31, "centroid": [ -121.854874, 47.53844 ], "bounding_box": [ -121.86426, 47.520979999999994, -121.84516, 47.55178 ], "area_km2": 2.875, "perimeter_m": 13981.79, "orientation": 53.97, "compactness": 0.1848, "confidence": 0.5671 }, "geometry": { "type": "Polygon", "coordinates": [ [ [ -121.84936, 47.55178 ], [ -121.84826, 47.55178 ], [ -121.84826, 47.55168 ], [ -121.84766, 47.55168 ], [ -121.84766, 47.55178 ], [ -121.84726, 47.55178 ], [ -121.84726, 47.55168 ], [ -121.84706, 47.55168 ], [ -121.84706, 47.55158 ], [ -121.84686, 47.55158 ], [ -121.84686, 47.55148 ], [ -121.84676, 47.55148 ], [ -121.84676, 47.55138 ], [ -121.84666, 47.55138 ], [ -121.84666, 47.55128 ], [ -121.84656, 47.55128 ], [ -121.84656, 47.55118 ], [ -121.84636, 47.55118 ], [ -121.84636, 47.55108 ], [ -121.84616, 47.55108 ], [ -121.84616, 47.55098 ], [ -121.84596, 47.55098 ], [ -121.84596, 47.55088 ], [ -121.84566, 47.55088 ], [ -121.84566, 47.55078 ], [ -121.84556, 47.55078 ], [ -121.84556, 47.55068 ], [ -121.84546, 47.55068 ], [ -121.84546, 47.55058 ], [ -121.84536, 47.55058 ], [ -121.84536, 47.55038 ], [ -121.84526, 47.55038 ], [ -121.84526, 47.54998 ], [ -121.84516, 47.54998 ], [ -121.84516, 47.54938 ], [ -121.84526, 47.54938 ], [ -121.84526, 47.54898 ], [ -121.84536, 47.54898 ], [ -121.84536, 47.54868 ], [ -121.84546, 47.54868 ], [ -121.84546, 47.54818 ], [ -121.84556, 47.54818 ], [ -121.84556, 47.54768 ], [ -121.84606, 47.54768 ], [ -121.84606, 47.54758 ], [ -121.84626, 47.54758 ], [ -121.84626, 47.54748 ], [ -121.84636, 47.54748 ], [ -121.84636, 47.54738 ], [ -121.84646, 47.54738 ], [ -121.84646, 47.54728 ], [ -121.84656, 47.54728 ], [ -121.84656, 47.54718 ], [ -121.84666, 47.54718 ], [ -121.84666, 47.54708 ], [ -121.84676, 47.54708 ], [ -121.84676, 47.54698 ], [ -121.84686, 47.54698 ], [ -121.84686, 47.54598 ], [ -121.84696, 47.54598 ], [ -121.84696, 47.54588 ], [ -121.84706, 47.54588 ], [ -121.84706, 47.54568 ], [ -121.84716, 47.54568 ], [ -121.84716, 47.54548 ], [ -121.84726, 47.54548 ], [ -121.84726, 47.54518 ], [ -121.84736, 47.54518 ], [ -121.84736, 47.54508 ], [ -121.84746, 47.54508 ], [ -121.84746, 47.54468 ], [ -121.84756, 47.54468 ], [ -121.84756, 47.54418 ], [ -121.84766, 47.54418 ], [ -121.84766, 47.54378 ], [ -121.84776, 47.54378 ], [ -121.84776, 47.54338 ], [ -121.84766, 47.54338 ], [ -121.84766, 47.54228 ], [ -121.84776, 47.54228 ], [ -121.84776, 47.54188 ], [ -121.84786, 47.54188 ], [ -121.84786, 47.54118 ], [ -121.84796, 47.54118 ], [ -121.84796, 47.54078 ], [ -121.84806, 47.54078 ], [ -121.84806, 47.54058 ], [ -121.84816, 47.54058 ], [ -121.84816, 47.54048 ], [ -121.84826, 47.54048 ], [ -121.84826, 47.54008 ], [ -121.84836, 47.54008 ], [ -121.84836, 47.53918 ], [ -121.84846, 47.53918 ], [ -121.84846, 47.53818 ], [ -121.84856, 47.53818 ], [ -121.84856, 47.53808 ], [ -121.84866, 47.53808 ], [ -121.84866, 47.53798 ], [ -121.84926, 47.53798 ], [ -121.84926, 47.53788 ], [ -121.84946, 47.53788 ], [ -121.84946, 47.53778 ], [ -121.84956, 47.53778 ], [ -121.84956, 47.53768 ], [ -121.84966, 47.53768 ], [ -121.84966, 47.53758 ], [ -121.84976, 47.53758 ], [ -121.84976, 47.53748 ], [ -121.84986, 47.53748 ], [ -121.84986, 47.53738 ], [ -121.84996, 47.53738 ], [ -121.84996, 47.53728 ], [ -121.85006, 47.53728 ], [ -121.85006, 47.53708 ], [ -121.85016, 47.53708 ], [ -121.85016, 47.53698 ], [ -121.85026, 47.53698 ], [ -121.85026, 47.53678 ], [ -121.85036, 47.53678 ], [ -121.85036, 47.53658 ], [ -121.85046, 47.53658 ], [ -121.85046, 47.53568 ], [ -121.85056, 47.53568 ], [ -121.85056, 47.53548 ], [ -121.85066, 47.53548 ], [ -121.85066, 47.53528 ], [ -121.85076, 47.53528 ], [ -121.85076, 47.53508 ], [ -121.85086, 47.53508 ], [ -121.85086, 47.53488 ], [ -121.85096, 47.53488 ], [ -121.85096, 47.53478 ], [ -121.85106, 47.53478 ], [ -121.85106, 47.53468 ], [ -121.85116, 47.53468 ], [ -121.85116, 47.53458 ], [ -121.85126, 47.53458 ], [ -121.85126, 47.53448 ], [ -121.85136, 47.53448 ], [ -121.85136, 47.53428 ], [ -121.85146, 47.53428 ], [ -121.85146, 47.53418 ], [ -121.85156, 47.53418 ], [ -121.85156, 47.53408 ], [ -121.85166, 47.53408 ], [ -121.85166, 47.53398 ], [ -121.85196, 47.53398 ], [ -121.85196, 47.53388 ], [ -121.85256, 47.53388 ], [ -121.85256, 47.53378 ], [ -121.85306, 47.53378 ], [ -121.85306, 47.53368 ], [ -121.85326, 47.53368 ], [ -121.85326, 47.53358 ], [ -121.85336, 47.53358 ], [ -121.85336, 47.53348 ], [ -121.85346, 47.53348 ], [ -121.85346, 47.53338 ], [ -121.85356, 47.53338 ], [ -121.85356, 47.53318 ], [ -121.85366, 47.53318 ], [ -121.85366, 47.53308 ], [ -121.85376, 47.53308 ], [ -121.85376, 47.53288 ], [ -121.85386, 47.53288 ], [ -121.85386, 47.53278 ], [ -121.85396, 47.53278 ], [ -121.85396, 47.53258 ], [ -121.85406, 47.53258 ], [ -121.85406, 47.53238 ], [ -121.85416, 47.53238 ], [ -121.85416, 47.53228 ], [ -121.85506, 47.53228 ], [ -121.85506, 47.53218 ], [ -121.85526, 47.53218 ], [ -121.85526, 47.53168 ], [ -121.85536, 47.53168 ], [ -121.85536, 47.53148 ], [ -121.85546, 47.53148 ], [ -121.85546, 47.53128 ], [ -121.85556, 47.53128 ], [ -121.85556, 47.53108 ], [ -121.85566, 47.53108 ], [ -121.85566, 47.53088 ], [ -121.85576, 47.53088 ], [ -121.85576, 47.53078 ], [ -121.85586, 47.53078 ], [ -121.85586, 47.53058 ], [ -121.85596, 47.53058 ], [ -121.85596, 47.52998 ], [ -121.85606, 47.52998 ], [ -121.85606, 47.52968 ], [ -121.85616, 47.52968 ], [ -121.85616, 47.52958 ], [ -121.85626, 47.52958 ], [ -121.85626, 47.52948 ], [ -121.85636, 47.52948 ], [ -121.85636, 47.52938 ], [ -121.85646, 47.52938 ], [ -121.85646, 47.52928 ], [ -121.85656, 47.52928 ], [ -121.85656, 47.52918 ], [ -121.85666, 47.52918 ], [ -121.85666, 47.52908 ], [ -121.85676, 47.52908 ], [ -121.85676, 47.52898 ], [ -121.85686, 47.52898 ], [ -121.85686, 47.52888 ], [ -121.85696, 47.52888 ], [ -121.85696, 47.52868 ], [ -121.85706, 47.52868 ], [ -121.85706, 47.52848 ], [ -121.85716, 47.52848 ], [ -121.85716, 47.52818 ], [ -121.85726, 47.52818 ], [ -121.85726, 47.52798 ], [ -121.85746, 47.52798 ], [ -121.85746, 47.52788 ], [ -121.85766, 47.52788 ], [ -121.85766, 47.52778 ], [ -121.85786, 47.52778 ], [ -121.85786, 47.52768 ], [ -121.85796, 47.52768 ], [ -121.85796, 47.52648 ], [ -121.85806, 47.52648 ], [ -121.85806, 47.52628 ], [ -121.85816, 47.52628 ], [ -121.85816, 47.52608 ], [ -121.85826, 47.52608 ], [ -121.85826, 47.52598 ], [ -121.85836, 47.52598 ], [ -121.85836, 47.52588 ], [ -121.85846, 47.52588 ], [ -121.85846, 47.52578 ], [ -121.85866, 47.52578 ], [ -121.85866, 47.52568 ], [ -121.85886, 47.52568 ], [ -121.85886, 47.52558 ], [ -121.85906, 47.52558 ], [ -121.85906, 47.52548 ], [ -121.85926, 47.52548 ], [ -121.85926, 47.52538 ], [ -121.85936, 47.52538 ], [ -121.85936, 47.52528 ], [ -121.85946, 47.52528 ], [ -121.85946, 47.52518 ], [ -121.85966, 47.52518 ], [ -121.85966, 47.52508 ], [ -121.85976, 47.52508 ], [ -121.85976, 47.52498 ], [ -121.85996, 47.52498 ], [ -121.85996, 47.52488 ], [ -121.86006, 47.52488 ], [ -121.86006, 47.52478 ], [ -121.86016, 47.52478 ], [ -121.86016, 47.52468 ], [ -121.86026, 47.52468 ], [ -121.86026, 47.52448 ], [ -121.86036, 47.52448 ], [ -121.86036, 47.52438 ], [ -121.86046, 47.52438 ], [ -121.86046, 47.52428 ], [ -121.86056, 47.52428 ], [ -121.86056, 47.52418 ], [ -121.86066, 47.52418 ], [ -121.86066, 47.52408 ], [ -121.86076, 47.52408 ], [ -121.86076, 47.52328 ], [ -121.86066, 47.52328 ], [ -121.86066, 47.52308 ], [ -121.86056, 47.52308 ], [ -121.86056, 47.52268 ], [ -121.86066, 47.52268 ], [ -121.86066, 47.52258 ], [ -121.86076, 47.52258 ], [ -121.86076, 47.52248 ], [ -121.86086, 47.52248 ], [ -121.86086, 47.52228 ], [ -121.86096, 47.52228 ], [ -121.86096, 47.52198 ], [ -121.86106, 47.52198 ], [ -121.86106, 47.52178 ], [ -121.86116, 47.52178 ], [ -121.86116, 47.52168 ], [ -121.86126, 47.52168 ], [ -121.86126, 47.52178 ], [ -121.86136, 47.52178 ], [ -121.86136, 47.52198 ], [ -121.86146, 47.52198 ], [ -121.86146, 47.52228 ], [ -121.86156, 47.52228 ], [ -121.86156, 47.52238 ], [ -121.86166, 47.52238 ], [ -121.86166, 47.52248 ], [ -121.86176, 47.52248 ], [ -121.86176, 47.52278 ], [ -121.86186, 47.52278 ], [ -121.86186, 47.52288 ], [ -121.86206, 47.52288 ], [ -121.86206, 47.52298 ], [ -121.86246, 47.52298 ], [ -121.86246, 47.52288 ], [ -121.86266, 47.52288 ], [ -121.86266, 47.52228 ], [ -121.86256, 47.52228 ], [ -121.86256, 47.52218 ], [ -121.86246, 47.52218 ], [ -121.86246, 47.52208 ], [ -121.86236, 47.52208 ], [ -121.86236, 47.52168 ], [ -121.86226, 47.52168 ], [ -121.86226, 47.52148 ], [ -121.86216, 47.52148 ], [ -121.86216, 47.52138 ], [ -121.86196, 47.52138 ], [ -121.86196, 47.52118 ], [ -121.86206, 47.52118 ], [ -121.86206, 47.52108 ], [ -121.86216, 47.52108 ], [ -121.86216, 47.52098 ], [ -121.86246, 47.52098 ], [ -121.86246, 47.52108 ], [ -121.86256, 47.52108 ], [ -121.86256, 47.52148 ], [ -121.86266, 47.52148 ], [ -121.86266, 47.52178 ], [ -121.86286, 47.52178 ], [ -121.86286, 47.52188 ], [ -121.86296, 47.52188 ], [ -121.86296, 47.52198 ], [ -121.86306, 47.52198 ], [ -121.86306, 47.52208 ], [ -121.86316, 47.52208 ], [ -121.86316, 47.52218 ], [ -121.86326, 47.52218 ], [ -121.86326, 47.52228 ], [ -121.86336, 47.52228 ], [ -121.86336, 47.52248 ], [ -121.86346, 47.52248 ], [ -121.86346, 47.52278 ], [ -121.86356, 47.52278 ], [ -121.86356, 47.52298 ], [ -121.86366, 47.52298 ], [ -121.86366, 47.52348 ], [ -121.86376, 47.52348 ], [ -121.86376, 47.52398 ], [ -121.86386, 47.52398 ], [ -121.86386, 47.52438 ], [ -121.86396, 47.52438 ], [ -121.86396, 47.52528 ], [ -121.86406, 47.52528 ], [ -121.86406, 47.52578 ], [ -121.86416, 47.52578 ], [ -121.86416, 47.52608 ], [ -121.86426, 47.52608 ], [ -121.86426, 47.52658 ], [ -121.86416, 47.52658 ], [ -121.86416, 47.52698 ], [ -121.86406, 47.52698 ], [ -121.86406, 47.52718 ], [ -121.86396, 47.52718 ], [ -121.86396, 47.52848 ], [ -121.86386, 47.52848 ], [ -121.86386, 47.52858 ], [ -121.86376, 47.52858 ], [ -121.86376, 47.52868 ], [ -121.86336, 47.52868 ], [ -121.86336, 47.52878 ], [ -121.86306, 47.52878 ], [ -121.86306, 47.52888 ], [ -121.86286, 47.52888 ], [ -121.86286, 47.52898 ], [ -121.86276, 47.52898 ], [ -121.86276, 47.52918 ], [ -121.86256, 47.52918 ], [ -121.86256, 47.52928 ], [ -121.86246, 47.52928 ], [ -121.86246, 47.52938 ], [ -121.86226, 47.52938 ], [ -121.86226, 47.52948 ], [ -121.86216, 47.52948 ], [ -121.86216, 47.52968 ], [ -121.86196, 47.52968 ], [ -121.86196, 47.52978 ], [ -121.86186, 47.52978 ], [ -121.86186, 47.52988 ], [ -121.86166, 47.52988 ], [ -121.86166, 47.52998 ], [ -121.86136, 47.52998 ], [ -121.86136, 47.52988 ], [ -121.86126, 47.52988 ], [ -121.86126, 47.52998 ], [ -121.86096, 47.52998 ], [ -121.86096, 47.53008 ], [ -121.86076, 47.53008 ], [ -121.86076, 47.53028 ], [ -121.86066, 47.53028 ], [ -121.86066, 47.53048 ], [ -121.86056, 47.53048 ], [ -121.86056, 47.53088 ], [ -121.86046, 47.53088 ], [ -121.86046, 47.53108 ], [ -121.86036, 47.53108 ], [ -121.86036, 47.53148 ], [ -121.86026, 47.53148 ], [ -121.86026, 47.53168 ], [ -121.86006, 47.53168 ], [ -121.86006, 47.53178 ], [ -121.85936, 47.53178 ], [ -121.85936, 47.53188 ], [ -121.85916, 47.53188 ], [ -121.85916, 47.53218 ], [ -121.85936, 47.53218 ], [ -121.85936, 47.53228 ], [ -121.86266, 47.53228 ], [ -121.86266, 47.53238 ], [ -121.86276, 47.53238 ], [ -121.86276, 47.53308 ], [ -121.86286, 47.53308 ], [ -121.86286, 47.53318 ], [ -121.86296, 47.53318 ], [ -121.86296, 47.53328 ], [ -121.86316, 47.53328 ], [ -121.86316, 47.53338 ], [ -121.86336, 47.53338 ], [ -121.86336, 47.53358 ], [ -121.86346, 47.53358 ], [ -121.86346, 47.53418 ], [ -121.86336, 47.53418 ], [ -121.86336, 47.53478 ], [ -121.86326, 47.53478 ], [ -121.86326, 47.53498 ], [ -121.86316, 47.53498 ], [ -121.86316, 47.53518 ], [ -121.86306, 47.53518 ], [ -121.86306, 47.53558 ], [ -121.86316, 47.53558 ], [ -121.86316, 47.53568 ], [ -121.86306, 47.53568 ], [ -121.86306, 47.53578 ], [ -121.86286, 47.53578 ], [ -121.86286, 47.53588 ], [ -121.86256, 47.53588 ], [ -121.86256, 47.53598 ], [ -121.86236, 47.53598 ], [ -121.86236, 47.53608 ], [ -121.86216, 47.53608 ], [ -121.86216, 47.53618 ], [ -121.86206, 47.53618 ], [ -121.86206, 47.53628 ], [ -121.86186, 47.53628 ], [ -121.86186, 47.53638 ], [ -121.86156, 47.53638 ], [ -121.86156, 47.53648 ], [ -121.86136, 47.53648 ], [ -121.86136, 47.53658 ], [ -121.86126, 47.53658 ], [ -121.86126, 47.53668 ], [ -121.86106, 47.53668 ], [ -121.86106, 47.53708 ], [ -121.86126, 47.53708 ], [ -121.86126, 47.53718 ], [ -121.86136, 47.53718 ], [ -121.86136, 47.53738 ], [ -121.86126, 47.53738 ], [ -121.86126, 47.53748 ], [ -121.86096, 47.53748 ], [ -121.86096, 47.53738 ], [ -121.86086, 47.53738 ], [ -121.86086, 47.53688 ], [ -121.86066, 47.53688 ], [ -121.86066, 47.53678 ], [ -121.86046, 47.53678 ], [ -121.86046, 47.53668 ], [ -121.86036, 47.53668 ], [ -121.86036, 47.53598 ], [ -121.86046, 47.53598 ], [ -121.86046, 47.53568 ], [ -121.86036, 47.53568 ], [ -121.86036, 47.53548 ], [ -121.86026, 47.53548 ], [ -121.86026, 47.53518 ], [ -121.86036, 47.53518 ], [ -121.86036, 47.53488 ], [ -121.86046, 47.53488 ], [ -121.86046, 47.53468 ], [ -121.86056, 47.53468 ], [ -121.86056, 47.53428 ], [ -121.86046, 47.53428 ], [ -121.86046, 47.53418 ], [ -121.86036, 47.53418 ], [ -121.86036, 47.53408 ], [ -121.86026, 47.53408 ], [ -121.86026, 47.53398 ], [ -121.86006, 47.53398 ], [ -121.86006, 47.53388 ], [ -121.85986, 47.53388 ], [ -121.85986, 47.53378 ], [ -121.85976, 47.53378 ], [ -121.85976, 47.53388 ], [ -121.85956, 47.53388 ], [ -121.85956, 47.53398 ], [ -121.85946, 47.53398 ], [ -121.85946, 47.53458 ], [ -121.85936, 47.53458 ], [ -121.85936, 47.53468 ], [ -121.85926, 47.53468 ], [ -121.85926, 47.53478 ], [ -121.85916, 47.53478 ], [ -121.85916, 47.53508 ], [ -121.85906, 47.53508 ], [ -121.85906, 47.53578 ], [ -121.85896, 47.53578 ], [ -121.85896, 47.53618 ], [ -121.85886, 47.53618 ], [ -121.85886, 47.53738 ], [ -121.85876, 47.53738 ], [ -121.85876, 47.53748 ], [ -121.85866, 47.53748 ], [ -121.85866, 47.53798 ], [ -121.85876, 47.53798 ], [ -121.85876, 47.53828 ], [ -121.85886, 47.53828 ], [ -121.85886, 47.53848 ], [ -121.85896, 47.53848 ], [ -121.85896, 47.53858 ], [ -121.85916, 47.53858 ], [ -121.85916, 47.53868 ], [ -121.85926, 47.53868 ], [ -121.85926, 47.53878 ], [ -121.85946, 47.53878 ], [ -121.85946, 47.53958 ], [ -121.85936, 47.53958 ], [ -121.85936, 47.53988 ], [ -121.85926, 47.53988 ], [ -121.85926, 47.54008 ], [ -121.85916, 47.54008 ], [ -121.85916, 47.54028 ], [ -121.85906, 47.54028 ], [ -121.85906, 47.54048 ], [ -121.85896, 47.54048 ], [ -121.85896, 47.54068 ], [ -121.85886, 47.54068 ], [ -121.85886, 47.54078 ], [ -121.85876, 47.54078 ], [ -121.85876, 47.54168 ], [ -121.85866, 47.54168 ], [ -121.85866, 47.54248 ], [ -121.85876, 47.54248 ], [ -121.85876, 47.54298 ], [ -121.85866, 47.54298 ], [ -121.85866, 47.54328 ], [ -121.85856, 47.54328 ], [ -121.85856, 47.54368 ], [ -121.85846, 47.54368 ], [ -121.85846, 47.54378 ], [ -121.85836, 47.54378 ], [ -121.85836, 47.54388 ], [ -121.85816, 47.54388 ], [ -121.85816, 47.54398 ], [ -121.85786, 47.54398 ], [ -121.85786, 47.54408 ], [ -121.85756, 47.54408 ], [ -121.85756, 47.54418 ], [ -121.85716, 47.54418 ], [ -121.85716, 47.54408 ], [ -121.85696, 47.54408 ], [ -121.85696, 47.54398 ], [ -121.85686, 47.54398 ], [ -121.85686, 47.54388 ], [ -121.85666, 47.54388 ], [ -121.85666, 47.54378 ], [ -121.85656, 47.54378 ], [ -121.85656, 47.54388 ], [ -121.85636, 47.54388 ], [ -121.85636, 47.54398 ], [ -121.85626, 47.54398 ], [ -121.85626, 47.54418 ], [ -121.85616, 47.54418 ], [ -121.85616, 47.54458 ], [ -121.85606, 47.54458 ], [ -121.85606, 47.54478 ], [ -121.85596, 47.54478 ], [ -121.85596, 47.54498 ], [ -121.85586, 47.54498 ], [ -121.85586, 47.54508 ], [ -121.85576, 47.54508 ], [ -121.85576, 47.54518 ], [ -121.85566, 47.54518 ], [ -121.85566, 47.54538 ], [ -121.85556, 47.54538 ], [ -121.85556, 47.54558 ], [ -121.85546, 47.54558 ], [ -121.85546, 47.54588 ], [ -121.85536, 47.54588 ], [ -121.85536, 47.54608 ], [ -121.85526, 47.54608 ], [ -121.85526, 47.54618 ], [ -121.85516, 47.54618 ], [ -121.85516, 47.54638 ], [ -121.85506, 47.54638 ], [ -121.85506, 47.54668 ], [ -121.85496, 47.54668 ], [ -121.85496, 47.54758 ], [ -121.85506, 47.54758 ], [ -121.85506, 47.54798 ], [ -121.85516, 47.54798 ], [ -121.85516, 47.54818 ], [ -121.85506, 47.54818 ], [ -121.85506, 47.54838 ], [ -121.85496, 47.54838 ], [ -121.85496, 47.54848 ], [ -121.85486, 47.54848 ], [ -121.85486, 47.54868 ], [ -121.85476, 47.54868 ], [ -121.85476, 47.54878 ], [ -121.85466, 47.54878 ], [ -121.85466, 47.54888 ], [ -121.85456, 47.54888 ], [ -121.85456, 47.54898 ], [ -121.85416, 47.54898 ], [ -121.85416, 47.54908 ], [ -121.85396, 47.54908 ], [ -121.85396, 47.54898 ], [ -121.85346, 47.54898 ], [ -121.85346, 47.54908 ], [ -121.85306, 47.54908 ], [ -121.85306, 47.54918 ], [ -121.85286, 47.54918 ], [ -121.85286, 47.54928 ], [ -121.85276, 47.54928 ], [ -121.85276, 47.54938 ], [ -121.85266, 47.54938 ], [ -121.85266, 47.54948 ], [ -121.85256, 47.54948 ], [ -121.85256, 47.54958 ], [ -121.85246, 47.54958 ], [ -121.85246, 47.54968 ], [ -121.85236, 47.54968 ], [ -121.85236, 47.54988 ], [ -121.85226, 47.54988 ], [ -121.85226, 47.54998 ], [ -121.85216, 47.54998 ], [ -121.85216, 47.55008 ], [ -121.85206, 47.55008 ], [ -121.85206, 47.55018 ], [ -121.85186, 47.55018 ], [ -121.85186, 47.55028 ], [ -121.85176, 47.55028 ], [ -121.85176, 47.55038 ], [ -121.85166, 47.55038 ], [ -121.85166, 47.55098 ], [ -121.85156, 47.55098 ], [ -121.85156, 47.55128 ], [ -121.85146, 47.55128 ], [ -121.85146, 47.55138 ], [ -121.85136, 47.55138 ], [ -121.85136, 47.55148 ], [ -121.85116, 47.55148 ], [ -121.85116, 47.55158 ], [ -121.85026, 47.55158 ], [ -121.85026, 47.55168 ], [ -121.84936, 47.55168 ], [ -121.84936, 47.55178 ] ] ] } },
{ "type": "Feature", "properties": { "slick_id": 32, "centroid": [ -122.000503, 47.498725 ], "bounding_box": [ -122.00116000000001, 47.49798, -121.99996, 47.499579999999995 ], "area_km2": 0.015, "perimeter_m": 623.39, "orientation": 119.74, "compactness": 0.4849, "confidence": 0.3286 }, "geometry": { "type": "Polygon", "coordinates": [ [ [ -122.00056, 47.49958 ], [ -122.00036, 47.49958 ], [ -122.00036, 47.49928 ], [ -122.00026, 47.49928 ], [ -122.00026, 47.49908 ], [ -122.00016, 47.49908 ], [ -122.00016, 47.49898 ], [ -122.00006, 47.49898 ], [ -122.00006, 47.49888 ], [ -121.99996, 47.49888 ], [ -121.99996, 47.49808 ], [ -122.00036, 47.49808 ], [ -122.00036, 47.49798 ], [ -122.00046, 47.49798 ], [ -122.00046, 47.49808 ], [ -122.00066, 47.49808 ], [ -122.00066, 47.49818 ], [ -122.00076, 47.49818 ], [ -122.00076, 47.49828 ], [ -122.00086, 47.49828 ], [ -122.00086, 47.49838 ], [ -122.00096, 47.49838 ], [ -122.00096, 47.49858 ], [ -122.00106, 47.49858 ], [ -122.00106, 47.49878 ], [ -122.00116, 47.49878 ], [ -122.00116, 47.49898 ], [ -122.00106, 47.49898 ], [ -122.00106, 47.49908 ], [ -122.00096, 47.49908 ], [ -122.00096, 47.49918 ], [ -122.00086, 47.49918 ], [ -122.00086, 47.49928 ], [ -122.00076, 47.49928 ], [ -122.00076, 47.49938 ], [ -122.00066, 47.49938 ], [ -122.00066, 47.49948 ], [ -122.00056, 47.49948 ], [ -122.00056, 47.49958 ] ] ] } },
{ "type": "Feature", "properties": { "slick_id": 33, "centroid": [ -122.089249, 47.461156 ], "bounding_box": [ -122.09386, 47.455479999999994, -122.08336, 47.46628 ], "area_km2": 0.7864, "perimeter_m": 4764.5, "orientation": 55.22, "compactness": 0.4353, "confidence": 0.432 }, "geometry": { "type": "Polygon", "coordinates": [ [ [ -122.08436, 47.46628 ], [ -122.08396, 47.46628 ], [ -122.08396, 47.46618 ], [ -122.08386, 47.46618 ], [ -122.08386, 47.46608 ], [ -122.08376, 47.46608 ], [ -122.08376, 47.46598 ], [ -122.08366, 47.46598 ], [ -122.08366, 47.46568 ], [ -122.08356, 47.46568 ], [ -122.08356, 47.46528 ], [ -122.08346, 47.46528 ], [ -122.08346, 47.46498 ], [ -122.08336, 47.46498 ], [ -122.08336, 47.46458 ], [ -122.08346, 47.46458 ], [ -122.08346, 47.46408 ], [ -122.08356, 47.46408 ], [ -122.08356, 47.46378 ], [ -122.08366, 47.46378 ], [ -122.08366, 47.46348 ], [ -122.08376, 47.46348 ], [ -122.08376, 47.46328 ], [ -122.08386, 47.46328 ], [ -122.08386, 47.46308 ], [ -122.08396, 47.46308 ], [ -122.08396, 47.46298 ], [ -122.08406, 47.46298 ], [ -122.08406, 47.46288 ], [ -122.08426, 47.46288 ], [ -122.08426, 47.46278 ], [ -122.08536, 47.46278 ], [ -122.08536, 47.46268 ], [ -122.08556, 47.46268 ], [ -122.08556, 47.46258 ], [ -122.08566, 47.46258 ], [ -122.08566, 47.46228 ], [ -122.08576, 47.46228 ], [ -122.08576, 47.46198 ], [ -122.08586, 47.46198 ], [ -122.08586, 47.46168 ], [ -122.08596, 47.46168 ], [ -122.08596, 47.46108 ], [ -122.08606, 47.46108 ], [ -122.08606, 47.46028 ], [ -122.08616, 47.46028 ], [ -122.08616, 47.45988 ], [ -122.08626, 47.45988 ], [ -122.08626, 47.45968 ], [ -122.08636, 47.45968 ], [ -122.08636, 47.45948 ], [ -122.08646, 47.45948 ], [ -122.08646, 47.45938 ], [ -122.08656, 47.45938 ], [ -122.08656, 47.45928 ], [ -122.08666, 47.45928 ], [ -122.08666, 47.45918 ], [ -122.08686, 47.45918 ], [ -122.08686, 47.45908 ], [ -122.08746, 47.45908 ], [ -122.08746, 47.45898 ], [ -122.08766, 47.45898 ], [ -122.08766, 47.45888 ], [ -122.08776, 47.45888 ], [ -122.08776, 47.45878 ], [ -122.08796, 47.45878 ], [ -122.08796, 47.45868 ], [ -122.08806, 47.45868 ], [ -122.08806, 47.45858 ], [ -122.08816, 47.45858 ], [ -122.08816, 47.45848 ], [ -122.08826, 47.45848 ], [ -122.08826, 47.45838 ], [ -122.08836, 47.45838 ], [ -122.08836, 47.45828 ], [ -122.08846, 47.45828 ], [ -122.08846, 47.45818 ], [ -122.08856, 47.45818 ], [ -122.08856, 47.45808 ], [ -122.08876, 47.45808 ], [ -122.08876, 47.45798 ], [ -122.08886, 47.45798 ], [ -122.08886, 47.45788 ], [ -122.08896, 47.45788 ], [ -122.08896, 47.45778 ], [ -122.08906, 47.45778 ], [ -122.08906, 47.45768 ], [ -122.08916, 47.45768 ], [ -122.08916, 47.45758 ], [ -122.08926, 47.45758 ], [ -122.08926, 47.45748 ], [ -122.08936, 47.45748 ], [ -122.08936, 47.45738 ], [ -122.08946, 47.45738 ], [ -122.08946, 47.45718 ], [ -122.08956, 47.45718 ], [ -122.08956, 47.45688 ], [ -122.08966, 47.45688 ], [ -122.08966, 47.45668 ], [ -122.08976, 47.45668 ], [ -122.08976, 47.45658 ], [ -122.08986, 47.45658 ], [ -122.08986, 47.45648 ], [ -122.08996, 47.45648 ], [ -122.08996, 47.45638 ], [ -122.09006, 47.45638 ], [ -122.09006, 47.45628 ], [ -122.09016, 47.45628 ], [ -122.09016, 47.45618 ], [ -122.09036, 47.45618 ], [ -122.09036, 47.45608 ], [ -122.09056, 47.45608 ], [ -122.09056, 47.45598 ], [ -122.09076, 47.45598 ], [ -122.09076, 47.45588 ], [ -122.09096, 47.45588 ], [ -122.09096, 47.45578 ], [ -122.09106, 47.45578 ], [ -122.09106, 47.45568 ], [ -122.09126, 47.45568 ], [ -122.09126, 47.45558 ], [ -122.09136, 47.45558 ], [ -122.09136, 47.45548 ], [ -122.09366, 47.45548 ], [ -122.09366, 47.45588 ], [ -122.09376, 47.45588 ], [ -122.09376, 47.45648 ], [ -122.09386, 47.45648 ], [ -122.09386, 47.45768 ], [ -122.09376, 47.45768 ], [ -122.09376, 47.45888 ], [ -122.09366, 47.45888 ], [ -122.09366, 47.45948 ], [ -122.09356, 47.45948 ], [ -122.09356, 47.45988 ], [ -122.09346, 47.45988 ], [ -122.09346, 47.46018 ], [ -122.09336, 47.46018 ], [ -122.09336, 47.46048 ], [ -122.09326, 47.46048 ], [ -122.09326, 47.46098 ], [ -122.09316, 47.46098 ], [ -122.09316, 47.46128 ], [ -122.09306, 47.46128 ], [ -122.09306, 47.46148 ], [ -122.09296, 47.46148 ], [ -122.09296, 47.46168 ], [ -122.09286, 47.46168 ], [ -122.09286, 47.46178 ], [ -122.09276, 47.46178 ], [ -122.09276, 47.46198 ], [ -122.09266, 47.46198 ], [ -122.09266, 47.46218 ], [ -122.09256, 47.46218 ], [ -122.09256, 47.46238 ], [ -122.09246, 47.46238 ], [ -122.09246, 47.46258 ], [ -122.09236, 47.46258 ], [ -122.09236, 47.46278 ], [ -122.09226, 47.46278 ], [ -122.09226, 47.46288 ], [ -122.09216, 47.46288 ], [ -122.09216, 47.46298 ], [ -122.09206, 47.46298 ], [ -122.09206, 47.46318 ], [ -122.09196, 47.46318 ], [ -122.09196, 47.46328 ], [ -122.09186, 47.46328 ], [ -122.09186, 47.46358 ], [ -122.09176, 47.46358 ], [ -122.09176, 47.46368 ], [ -122.09166, 47.46368 ], [ -122.09166, 47.46388 ], [ -122.09156, 47.46388 ], [ -122.09156, 47.46398 ], [ -122.09146, 47.46398 ], [ -122.09146, 47.46408 ], [ -122.09136, 47.46408 ], [ -122.09136, 47.46418 ], [ -122.09126, 47.46418 ], [ -122.09126, 47.46428 ], [ -122.09116, 47.46428 ], [ -122.09116, 47.46438 ], [ -122.09096, 47.46438 ], [ -122.09096, 47.46448 ], [ -122.09086, 47.46448 ], [ -122.09086, 47.46458 ], [ -122.09076, 47.46458 ], [ -122.09076, 47.46468 ], [ -122.09056, 47.46468 ], [ -122.09056, 47.46478 ], [ -122.09036, 47.46478 ], [ -122.09036, 47.46488 ], [ -122.09006, 47.46488 ], [ -122.09006, 47.46498 ], [ -122.08976, 47.46498 ], [ -122.08976, 47.46508 ], [ -122.08916, 47.46508 ], [ -122.08916, 47.46518 ], [ -122.08886, 47.46518 ], [ -122.08886, 47.46528 ], [ -122.08856, 47.46528 ], [ -122.08856, 47.46538 ], [ -122.08836, 47.46538 ], [ -122.08836, 47.46548 ], [ -122.08806, 47.46548 ], [ -122.08806, 47.46558 ], [ -122.08726, 47.46558 ], [ -122.08726, 47.46548 ], [ -122.08636, 47.46548 ], [ -122.08636, 47.46558 ], [ -122.08616, 47.46558 ], [ -122.08616, 47.46568 ], [ -122.08586, 47.46568 ], [ -122.08586, 47.46578 ], [ -122.08566, 47.46578 ], [ -122.08566, 47.46588 ], [ -122.08536, 47.46588 ], [ -122.08536, 47.46598 ], [ -122.08516, 47.46598 ], [ -122.08516, 47.46608 ], [ -122.08476, 47.46608 ], [ -122.08476, 47.46618 ], [ -122.08436, 47.46618 ], [ -122.08436, 47.46628 ] ] ] } },
{ "type": "Feature", "properties": { "slick_id": 34, "centroid": [ -121.8468, 47.451243 ], "bounding_box": [ -121.84806, 47.44998, -121.84556, 47.45238 ], "area_km2": 0.0447, "perimeter_m": 1090.94, "orientation": 135.0, "compactness": 0.4724, "confidence": 0.3115 }, "geometry": { "type": "Polygon", "coordinates": [ [ [ -121.84706, 47.45238 ], [ -121.84666, 47.45238 ], [ -121.84666, 47.45228 ], [ -121.84636, 47.45228 ], [ -121.84636, 47.45218 ], [ -121.84626, 47.45218 ], [ -121.84626, 47.45208 ], [ -121.84616, 47.45208 ], [ -121.84616, 47.45198 ], [ -121.84606, 47.45198 ], [ -121.84606, 47.45178 ], [ -121.84596, 47.45178 ], [ -121.84596, 47.45168 ], [ -121.84586, 47.45168 ], [ -121.84586, 47.45138 ], [ -121.84576, 47.45138 ], [ -121.84576, 47.45128 ], [ -121.84566, 47.45128 ], [ -121.84566, 47.45098 ], [ -121.84556, 47.45098 ], [ -121.84556, 47.45078 ], [ -121.84576, 47.45078 ], [ -121.84576, 47.45068 ], [ -121.84596, 47.45068 ], [ -121.84596, 47.45058 ], [ -121.84616, 47.45058 ], [ -121.84616, 47.45048 ], [ -121.84626, 47.45048 ], [ -121.84626, 47.45038 ], [ -121.84636, 47.45038 ], [ -121.84636, 47.45018 ], [ -121.84646, 47.45018 ], [ -121.84646, 47.45008 ], [ -121.84676, 47.45008 ], [ -121.84676, 47.44998 ], [ -121.84686, 47.44998 ], [ -121.84686, 47.45008 ], [ -121.84696, 47.45008 ], [ -121.84696, 47.45018 ], [ -121.84706, 47.45018 ], [ -121.84706, 47.45028 ], [ -121.84716, 47.45028 ], [ -121.84716, 47.45038 ], [ -121.84736, 47.45038 ], [ -121.84736, 47.45058 ], [ -121.84746, 47.45058 ], [ -121.84746, 47.45068 ], [ -121.84756, 47.45068 ], [ -121.84756, 47.45078 ], [ -121.84776, 47.45078 ], [ -121.84776, 47.45088 ], [ -121.84786, 47.45088 ], [ -121.84786, 47.45108 ], [ -121.84796, 47.45108 ], [ -121.84796, 47.45118 ], [ -121.84806, 47.45118 ], [ -121.84806, 47.45138 ], [ -121.84796, 47.45138 ], [ -121.84796, 47.45148 ], [ -121.84786, 47.45148 ], [ -121.84786, 47.45168 ], [ -121.84776, 47.45168 ], [ -121.84776, 47.45178 ], [ -121.84766, 47.45178 ], [ -121.84766, 47.45188 ], [ -121.84756, 47.45188 ], [ -121.84756, 47.45198 ], [ -121.84746, 47.45198 ], [ -121.84746, 47.45208 ], [ -121.84736, 47.45208 ], [ -121.84736, 47.45218 ], [ -121.84726, 47.45218 ], [ -121.84726, 47.45228 ], [ -121.84706, 47.45228 ], [ -121.84706, 47.45238 ] ] ] } },
{ "type": "Feature", "properties": { "slick_id": 35, "centroid": [ -121.861787, 47.4506 ], "bounding_box": [ -121.86326000000001, 47.449279999999995, -121.86006, 47.452079999999995 ], "area_km2": 0.0825, "perimeter_m": 1402.63, "orientation": 0.0, "compactness": 0.5272, "confidence": 0.3229 }, "geometry": { "type": "Polygon", "coordinates": [ [ [ -121.86226, 47.45208 ], [ -121.86196, 47.45208 ], [ -121.86196, 47.45198 ], [ -121.86156, 47.45198 ], [ -121.86156, 47.45188 ], [ -121.86146, 47.45188 ], [ -121.86146, 47.45178 ], [ -121.86136, 47.45178 ], [ -121.86136, 47.45168 ], [ -121.86126, 47.45168 ], [ -121.86126, 47.45158 ], [ -121.86116, 47.45158 ], [ -121.86116, 47.45148 ], [ -121.86106, 47.45148 ], [ -121.86106, 47.45138 ], [ -121.86096, 47.45138 ], [ -121.86096, 47.45128 ], [ -121.86076, 47.45128 ], [ -121.86076, 47.45118 ], [ -121.86046, 47.45118 ], [ -121.86046, 47.45108 ], [ -121.86036, 47.45108 ], [ -121.86036, 47.45088 ], [ -121.86026, 47.45088 ], [ -121.86026, 47.45058 ], [ -121.86016, 47.45058 ], [ -121.86016, 47.45038 ], [ -121.86006, 47.45038 ], [ -121.86006, 47.44978 ], [ -121.86016, 47.44978 ], [ -121.86016, 47.44968 ], [ -121.86036, 47.44968 ], [ -121.86036, 47.44958 ], [ -121.86046, 47.44958 ], [ -121.86046, 47.44948 ], [ -121.86066, 47.44948 ], [ -121.86066, 47.44938 ], [ -121.86076, 47.44938 ], [ -121.86076, 47.44928 ], [ -121.86096, 47.44928 ], [ -121.86096, 47.44938 ], [ -121.86136, 47.44938 ], [ -121.86136, 47.44948 ], [ -121.86156, 47.44948 ], [ -121.86156, 47.44958 ], [ -121.86216, 47.44958 ], [ -121.86216, 47.44948 ], [ -121.86236, 47.44948 ], [ -121.86236, 47.44938 ], [ -121.86256, 47.44938 ], [ -121.86256, 47.44928 ], [ -121.86286, 47.44928 ], [ -121.86286, 47.44938 ], [ -121.86296, 47.44938 ], [ -121.86296, 47.44958 ], [ -121.86306, 47.44958 ], [ -121.86306, 47.45018 ], [ -121.86316, 47.45018 ], [ -121.86316, 47.45048 ], [ -121.86326, 47.45048 ], [ -121.86326, 47.45118 ], [ -121.86316, 47.45118 ], [ -121.86316, 47.45168 ], [ -121.86306, 47.45168 ], [ -121.86306, 47.45178 ], [ -121.86296, 47.45178 ], [ -121.86296, 47.45188 ], [ -121.86286, 47.45188 ], [ -121.86286, 47.45198 ], [ -121.86226, 47.45198 ], [ -121.86226, 47.45208 ] ] ] } },
{ "type": "Feature", "properties": { "slick_id": 36, "centroid": [ -121.767819, 47.450368 ], "bounding_box": [ -121.76936, 47.448679999999996, -121.76556000000001, 47.45218 ], "area_km2": 0.1086, "perimeter_m": 1736.59, "orientation": 0.0, "compactness": 0.4523, "confidence": 0.3126 }, "geometry": { "type": "Polygon", "coordinates": [ [ [ -121.76886, 47.45218 ], [ -121.76876, 47.45218 ], [ -121.76876, 47.45208 ], [ -121.76856, 47.45208 ], [ -121.76856, 47.45198 ], [ -121.76826, 47.45198 ], [ -121.76826, 47.45188 ], [ -121.76796, 47.45188 ], [ -121.76796, 47.45178 ], [ -121.76766, 47.45178 ], [ -121.76766, 47.45168 ], [ -121.76746, 47.45168 ], [ -121.76746, 47.45158 ], [ -121.76716, 47.45158 ], [ -121.76716, 47.45148 ], [ -121.76696, 47.45148 ], [ -121.76696, 47.45138 ], [ -121.76676, 47.45138 ], [ -121.76676, 47.45128 ], [ -121.76656, 47.45128 ], [ -121.76656, 47.45118 ], [ -121.76646, 47.45118 ], [ -121.76646, 47.45108 ], [ -121.76626, 47.45108 ], [ -121.76626, 47.45098 ], [ -121.76606, 47.45098 ], [ -121.76606, 47.45108 ], [ -121.76586, 47.45108 ], [ -121.76586, 47.45118 ], [ -121.76576, 47.45118 ], [ -121.76576, 47.45128 ], [ -121.76566, 47.45128 ], [ -121.76566, 47.45088 ], [ -121.76556, 47.45088 ], [ -121.76556, 47.45048 ], [ -121.76566, 47.45048 ], [ -121.76566, 47.44988 ], [ -121.76576, 47.44988 ], [ -121.76576, 47.44998 ], [ -121.76596, 47.44998 ], [ -121.76596, 47.45008 ], [ -121.76616, 47.45008 ], [ -121.76616, 47.44998 ], [ -121.76636, 47.44998 ], [ -121.76636, 47.44988 ], [ -121.76646, 47.44988 ], [ -121.76646, 47.44978 ], [ -121.76656, 47.44978 ], [ -121.76656, 47.44968 ], [ -121.76666, 47.44968 ], [ -121.76666, 47.44958 ], [ -121.76676, 47.44958 ], [ -121.76676, 47.44948 ], [ -121.76686, 47.44948 ], [ -121.76686, 47.44938 ], [ -121.76696, 47.44938 ], [ -121.76696, 47.44928 ], [ -121.76706, 47.44928 ], [ -121.76706, 47.44918 ], [ -121.76716, 47.44918 ], [ -121.76716, 47.44908 ], [ -121.76736, 47.44908 ], [ -121.76736, 47.44898 ], [ -121.76746, 47.44898 ], [ -121.76746, 47.44888 ], [ -121.76776, 47.44888 ], [ -121.76776, 47.44878 ], [ -121.76816, 47.44878 ], [ -121.76816, 47.44868 ], [ -121.76896, 47.44868 ], [ -121.76896, 47.44878 ], [ -121.76906, 47.44878 ], [ -121.76906, 47.44898 ], [ -121.76916, 47.44898 ], [ -121.76916, 47.44918 ], [ -121.76926, 47.44918 ], [ -121.76926, 47.44948 ], [ -121.76936, 47.44948 ], [ -121.76936, 47.45138 ], [ -121.76926, 47.45138 ], [ -121.76926, 47.45148 ], [ -121.76916, 47.45148 ], [ -121.76916, 47.45168 ], [ -121.76906, 47.45168 ], [ -121.76906, 47.45198 ], [ -121.76896, 47.45198 ], [ -121.76896, 47.45208 ], [ -121.76886, 47.45208 ], [ -121.76886, 47.45218 ] ] ] } },
{ "type": "Feature", "properties": { "slick_id": 37, "centroid": [ -121.857009, 47.449913 ], "bounding_box": [ -121.85846000000001, 47.447379999999995, -121.85536, 47.45178 ], "area_km2": 0.1072, "perimeter_m": 1803.38, "orientation": 80.54, "compactness": 0.4142, "confidence": 0.3278 }, "geometry": { "type": "Polygon", "coordinates": [ [ [ -121.85616, 47.45178 ], [ -121.85586, 47.45178 ], [ -121.85586, 47.45168 ], [ -121.85566, 47.45168 ], [ -121.85566, 47.45158 ], [ -121.85556, 47.45158 ], [ -121.85556, 47.45148 ], [ -121.85546, 47.45148 ], [ -121.85546, 47.45118 ], [ -121.85536, 47.45118 ], [ -121.85536, 47.45068 ], [ -121.85546, 47.45068 ], [ -121.85546, 47.45038 ], [ -121.85556, 47.45038 ], [ -121.85556, 47.44948 ], [ -121.85566, 47.44948 ], [ -121.85566, 47.44918 ], [ -121.85576, 47.44918 ], [ -121.85576, 47.44908 ], [ -121.85586, 47.44908 ], [ -121.85586, 47.44898 ], [ -121.85616, 47.44898 ], [ -121.85616, 47.44918 ], [ -121.85626, 47.44918 ], [ -121.85626, 47.44928 ], [ -121.85636, 47.44928 ], [ -121.85636, 47.44938 ], [ -121.85656, 47.44938 ], [ -121.85656, 47.44948 ], [ -121.85666, 47.44948 ], [ -121.85666, 47.44938 ], [ -121.85686, 47.44938 ], [ -121.85686, 47.44828 ], [ -121.85696, 47.44828 ], [ -121.85696, 47.44788 ], [ -121.85706, 47.44788 ], [ -121.85706, 47.44758 ], [ -121.85716, 47.44758 ], [ -121.85716, 47.44738 ], [ -121.85766, 47.44738 ], [ -121.85766, 47.44748 ], [ -121.85776, 47.44748 ], [ -121.85776, 47.44758 ], [ -121.85786, 47.44758 ], [ -121.85786, 47.44768 ], [ -121.85796, 47.44768 ], [ -121.85796, 47.44788 ], [ -121.85806, 47.44788 ], [ -121.85806, 47.44808 ], [ -121.85816, 47.44808 ], [ -121.85816, 47.44848 ], [ -121.85826, 47.44848 ], [ -121.85826, 47.44898 ], [ -121.85836, 47.44898 ], [ -121.85836, 47.44918 ], [ -121.85846, 47.44918 ], [ -121.85846, 47.44948 ], [ -121.85836, 47.44948 ], [ -121.85836, 47.44968 ], [ -121.85826, 47.44968 ], [ -121.85826, 47.45068 ], [ -121.85816, 47.45068 ], [ -121.85816, 47.45078 ], [ -121.85806, 47.45078 ], [ -121.85806, 47.45108 ], [ -121.85796, 47.45108 ], [ -121.85796, 47.45138 ], [ -121.85786, 47.45138 ], [ -121.85786, 47.45148 ], [ -121.85776, 47.45148 ], [ -121.85776, 47.45158 ], [ -121.85766, 47.45158 ], [ -121.85766, 47.45168 ], [ -121.85696, 47.45168 ], [ -121.85696, 47.45158 ], [ -121.85636, 47.45158 ], [ -121.85636, 47.45168 ], [ -121.85616, 47.45168 ], [ -121.85616, 47.45178 ] ] ] } },
{ "type": "Feature", "properties": { "slick_id": 38, "centroid": [ -122.088259, 47.445342 ], "bounding_box": [ -122.09366, 47.43808, -122.08266, 47.45298 ], "area_km2": 0.8733, "perimeter_m": 5922.22, "orientation": 46.55, "compactness": 0.3129, "confidence": 0.4425 }, "geometry": { "type": "Polygon", "coordinates": [ [ [ -122.08406, 47.45298 ], [ -122.08356, 47.45298 ], [ -122.08356, 47.45288 ], [ -122.08346, 47.45288 ], [ -122.08346, 47.45278 ], [ -122.08336, 47.45278 ], [ -122.08336, 47.45268 ], [ -122.08326, 47.45268 ], [ -122.08326, 47.45258 ], [ -122.08316, 47.45258 ], [ -122.08316, 47.45238 ], [ -122.08306, 47.45238 ], [ -122.08306, 47.45208 ], [ -122.08296, 47.45208 ], [ -122.08296, 47.45138 ], [ -122.08286, 47.45138 ], [ -122.08286, 47.45098 ], [ -122.08276, 47.45098 ], [ -122.08276, 47.45088 ], [ -122.08266, 47.45088 ], [ -122.08266, 47.45018 ], [ -122.08276, 47.45018 ], [ -122.08276, 47.44998 ], [ -122.08286, 47.44998 ], [ -122.08286, 47.44988 ], [ -122.08296, 47.44988 ], [ -122.08296, 47.44968 ], [ -122.08306, 47.44968 ], [ -122.08306, 47.44958 ], [ -122.08326, 47.44958 ], [ -122.08326, 47.44948 ], [ -122.08336, 47.44948 ], [ -122.08336, 47.44938 ], [ -122.08356, 47.44938 ], [ -122.08356, 47.44928 ], [ -122.08366, 47.44928 ], [ -122.08366, 47.44908 ], [ -122.08376, 47.44908 ], [ -122.08376, 47.44898 ], [ -122.08396, 47.44898 ], [ -122.08396, 47.44888 ], [ -122.08416, 47.44888 ], [ -122.08416, 47.44868 ], [ -122.08426, 47.44868 ], [ -122.08426, 47.44848 ], [ -122.08436, 47.44848 ], [ -122.08436, 47.44828 ], [ -122.08446, 47.44828 ], [ -122.08446, 47.44808 ], [ -122.08456, 47.44808 ], [ -122.08456, 47.44798 ], [ -122.08466, 47.44798 ], [ -122.08466, 47.44778 ], [ -122.08476, 47.44778 ], [ -122.08476, 47.44748 ], [ -122.08486, 47.44748 ], [ -122.08486, 47.44728 ], [ -122.08496, 47.44728 ], [ -122.08496, 47.44688 ], [ -122.08506, 47.44688 ], [ -122.08506, 47.44648 ], [ -122.08516, 47.44648 ], [ -122.08516, 47.44628 ], [ -122.08526, 47.44628 ], [ -122.08526, 47.44398 ], [ -122.08536, 47.44398 ], [ -122.08536, 47.44378 ], [ -122.08546, 47.44378 ], [ -122.08546, 47.44368 ], [ -122.08556, 47.44368 ], [ -122.08556, 47.44358 ], [ -122.08566, 47.44358 ], [ -122.08566, 47.44338 ], [ -122.08576, 47.44338 ], [ -122.08576, 47.44298 ], [ -122.08586, 47.44298 ], [ -122.08586, 47.44268 ], [ -122.08596, 47.44268 ], [ -122.08596, 47.44248 ], [ -122.08606, 47.44248 ], [ -122.08606, 47.44238 ], [ -122.08616, 47.44238 ], [ -122.08616, 47.44228 ], [ -122.08626, 47.44228 ], [ -122.08626, 47.44218 ], [ -122.08636, 47.44218 ], [ -122.08636, 47.44208 ], [ -122.08646, 47.44208 ], [ -122.08646, 47.44198 ], [ -122.08656, 47.44198 ], [ -122.08656, 47.44188 ], [ -122.08676, 47.44188 ], [ -122.08676, 47.44178 ], [ -122.08696, 47.44178 ], [ -122.08696, 47.44168 ], [ -122.08716, 47.44168 ], [ -122.08716, 47.44158 ], [ -122.08726, 47.44158 ], [ -122.08726, 47.44148 ], [ -122.08736, 47.44148 ], [ -122.08736, 47.44128 ], [ -122.08746, 47.44128 ], [ -122.08746, 47.44108 ], [ -122.08756, 47.44108 ], [ -122.08756, 47.44098 ], [ -122.08766, 47.44098 ], [ -122.08766, 47.44088 ], [ -122.08776, 47.44088 ], [ -122.08776, 47.44068 ], [ -122.08786, 47.44068 ], [ -122.08786, 47.44048 ], [ -122.08796, 47.44048 ], [ -122.08796, 47.44038 ], [ -122.08806, 47.44038 ], [ -122.08806, 47.44018 ], [ -122.08816, 47.44018 ], [ -122.08816, 47.44008 ], [ -122.08836, 47.44008 ], [ -122.08836, 47.43998 ], [ -122.08856, 47.43998 ], [ -122.08856, 47.43988 ], [ -122.08866, 47.43988 ], [ -122.08866, 47.43978 ], [ -122.08876, 47.43978 ], [ -122.08876, 47.43958 ], [ -122.08886, 47.43958 ], [ -122.08886, 47.43948 ], [ -122.08896, 47.43948 ], [ -122.08896, 47.43928 ], [ -122.08906, 47.43928 ], [ -122.08906, 47.43918 ], [ -122.08916, 47.43918 ], [ -122.08916, 47.43908 ], [ -122.08926, 47.43908 ], [ -122.08926, 47.43898 ], [ -122.08936, 47.43898 ], [ -122.08936, 47.43888 ], [ -122.08946, 47.43888 ], [ -122.08946, 47.43878 ], [ -122.08956, 47.43878 ], [ -122.08956, 47.43868 ], [ -122.08966, 47.43868 ], [ -122.08966, 47.43858 ], [ -122.08976, 47.43858 ], [ -122.08976, 47.43848 ], [ -122.08986, 47.43848 ], [ -122.08986, 47.43828 ], [ -122.08996, 47.43828 ], [ -122.08996, 47.43818 ], [ -122.09006, 47.43818 ], [ -122.09006, 47.43808 ], [ -122.09046, 47.43808 ], [ -122.09046, 47.43818 ], [ -122.09056, 47.43818 ], [ -122.09056, 47.43828 ], [ -122.09076, 47.43828 ], [ -122.09076, 47.43838 ], [ -122.09086, 47.43838 ], [ -122.09086, 47.43848 ], [ -122.09096, 47.43848 ], [ -122.09096, 47.43888 ], [ -122.09086, 47.43888 ], [ -122.09086, 47.43918 ], [ -122.09076, 47.43918 ], [ -122.09076, 47.43968 ], [ -122.09096, 47.43968 ], [ -122.09096, 47.43978 ], [ -122.09116, 47.43978 ], [ -122.09116, 47.43988 ], [ -122.09136, 47.43988 ], [ -122.09136, 47.43998 ], [ -122.09146, 47.43998 ], [ -122.09146, 47.44008 ], [ -122.09156, 47.44008 ], [ -122.09156, 47.44018 ], [ -122.09166, 47.44018 ], [ -122.09166, 47.44068 ], [ -122.09176, 47.44068 ], [ -122.09176, 47.44118 ], [ -122.09186, 47.44118 ], [ -122.09186, 47.44138 ], [ -122.09196, 47.44138 ], [ -122.09196, 47.44158 ], [ -122.09206, 47.44158 ], [ -122.09206, 47.44168 ], [ -122.09216, 47.44168 ], [ -122.09216, 47.44178 ], [ -122.09226, 47.44178 ], [ -122.09226, 47.44188 ], [ -122.09246, 47.44188 ], [ -122.09246, 47.44198 ], [ -122.09256, 47.44198 ], [ -122.09256, 47.44208 ], [ -122.09266, 47.44208 ], [ -122.09266, 47.44218 ], [ -122.09276, 47.44218 ], [ -122.09276, 47.44238 ], [ -122.09286, 47.44238 ], [ -122.09286, 47.44258 ], [ -122.09296, 47.44258 ], [ -122.09296, 47.44288 ], [ -122.09306, 47.44288 ], [ -122.09306, 47.44298 ], [ -122.09326, 47.44298 ], [ -122.09326, 47.44318 ], [ -122.09336, 47.44318 ], [ -122.09336, 47.44338 ], [ -122.09346, 47.44338 ], [ -122.09346, 47.44348 ], [ -122.09356, 47.44348 ], [ -122.09356, 47.44368 ], [ -122.09366, 47.44368 ], [ -122.09366, 47.44388 ], [ -122.09356, 47.44388 ], [ -122.09356, 47.44458 ], [ -122.09346, 47.44458 ], [ -122.09346, 47.44478 ], [ -122.09336, 47.44478 ], [ -122.09336, 47.44498 ], [ -122.09326, 47.44498 ], [ -122.09326, 47.44508 ], [ -122.09316, 47.44508 ], [ -122.09316, 47.44518 ], [ -122.09306, 47.44518 ], [ -122.09306, 47.44528 ], [ -122.09296, 47.44528 ], [ -122.09296, 47.44548 ], [ -122.09286, 47.44548 ], [ -122.09286, 47.44558 ], [ -122.09276, 47.44558 ], [ -122.09276, 47.44598 ], [ -122.09266, 47.44598 ], [ -122.09266, 47.44638 ], [ -122.09256, 47.44638 ], [ -122.09256, 47.44658 ], [ -122.09236, 47.44658 ], [ -122.09236, 47.44668 ], [ -122.09226, 47.44668 ], [ -122.09226, 47.44678 ], [ -122.09206, 47.44678 ], [ -122.09206, 47.44688 ], [ -122.09176, 47.44688 ], [ -122.09176, 47.44698 ], [ -122.09156, 47.44698 ], [ -122.09156, 47.44688 ], [ -122.09146, 47.44688 ], [ -122.09146, 47.44678 ], [ -122.09136, 47.44678 ], [ -122.09136, 47.44658 ], [ -122.09116, 47.44658 ], [ -122.09116, 47.44648 ], [ -122.09096, 47.44648 ], [ -122.09096, 47.44658 ], [ -122.09076, 47.44658 ], [ -122.09076, 47.44668 ], [ -122.09056, 47.44668 ], [ -122.09056, 47.44678 ], [ -122.09036, 47.44678 ], [ -122.09036, 47.44688 ], [ -122.09026, 47.44688 ], [ -122.09026, 47.44708 ], [ -122.09016, 47.44708 ], [ -122.09016, 47.44718 ], [ -122.09006, 47.44718 ], [ -122.09006, 47.44728 ], [ -122.08996, 47.44728 ], [ -122.08996, 47.44738 ], [ -122.08986, 47.44738 ], [ -122.08986, 47.44748 ], [ -122.08976, 47.44748 ], [ -122.08976, 47.44758 ], [ -122.08956, 47.44758 ], [ -122.08956, 47.44768 ], [ -122.08946, 47.44768 ], [ -122.08946, 47.44778 ], [ -122.08936, 47.44778 ], [ -122.08936, 47.44788 ], [ -122.08926, 47.44788 ], [ -122.08926, 47.44798 ], [ -122.08916, 47.44798 ], [ -122.08916, 47.44818 ], [ -122.08906, 47.44818 ], [ -122.08906, 47.44828 ], [ -122.08896, 47.44828 ], [ -122.08896, 47.44838 ], [ -122.08886, 47.44838 ], [ -122.08886, 47.44848 ], [ -122.08876, 47.44848 ], [ -122.08876, 47.44858 ], [ -122.08866, 47.44858 ], [ -122.08866, 47.44868 ], [ -122.08856, 47.44868 ], [ -122.08856, 47.44878 ], [ -122.08846, 47.44878 ], [ -122.08846, 47.44898 ], [ -122.08836, 47.44898 ], [ -122.08836, 47.44908 ], [ -122.08826, 47.44908 ], [ -122.08826, 47.44918 ], [ -122.08816, 47.44918 ], [ -122.08816, 47.44938 ], [ -122.08806, 47.44938 ], [ -122.08806, 47.44958 ], [ -122.08796, 47.44958 ], [ -122.08796, 47.44968 ], [ -122.08786, 47.44968 ], [ -122.08786, 47.44978 ], [ -122.08766, 47.44978 ], [ -122.08766, 47.44988 ], [ -122.08746, 47.44988 ], [ -122.08746, 47.44998 ], [ -122.08736, 47.44998 ], [ -122.08736, 47.45008 ], [ -122.08716, 47.45008 ], [ -122.08716, 47.45018 ], [ -122.08636, 47.45018 ], [ -122.08636, 47.45028 ], [ -122.08616, 47.45028 ], [ -122.08616, 47.45038 ], [ -122.08606, 47.45038 ], [ -122.08606, 47.45048 ], [ -122.08596, 47.45048 ], [ -122.08596, 47.45088 ], [ -122.08586, 47.45088 ], [ -122.08586, 47.45098 ], [ -122.08576, 47.45098 ], [ -122.08576, 47.45108 ], [ -122.08566, 47.45108 ], [ -122.08566, 47.45118 ], [ -122.08546, 47.45118 ], [ -122.08546, 47.45128 ], [ -122.08536, 47.45128 ], [ -122.08536, 47.45148 ], [ -122.08526, 47.45148 ], [ -122.08526, 47.45158 ], [ -122.08516, 47.45158 ], [ -122.08516, 47.45178 ], [ -122.08506, 47.45178 ], [ -122.08506, 47.45208 ], [ -122.08496, 47.45208 ], [ -122.08496, 47.45218 ], [ -122.08486, 47.45218 ], [ -122.08486, 47.45228 ], [ -122.08476, 47.45228 ], [ -122.08476, 47.45248 ], [ -122.08456, 47.45248 ], [ -122.08456, 47.45258 ], [ -122.08446, 47.45258 ], [ -122.08446, 47.45268 ], [ -122.08436, 47.45268 ], [ -122.08436, 47.45278 ], [ -122.08416, 47.45278 ], [ -122.08416, 47.45288 ], [ -122.08406, 47.45288 ], [ -122.08406, 47.45298 ] ] ] } },
{ "type": "Feature", "properties": { "slick_id": 39, "centroid": [ -122.078686, 47.442916 ], "bounding_box": [ -122.08406000000001, 47.43748, -122.07456, 47.446979999999996 ], "area_km2": 0.4936, "perimeter_m": 4964.87, "orientation": 67.09, "compactness": 0.2516, "confidence": 0.3826 }, "geometry": { "type": "Polygon", "coordinates": [ [ [ -122.07806, 47.44698 ], [ -122.07716, 47.44698 ], [ -122.07716, 47.44688 ], [ -122.07696, 47.44688 ], [ -122.07696, 47.44678 ], [ -122.07686, 47.44678 ], [ -122.07686, 47.44668 ], [ -122.07666, 47.44668 ], [ -122.07666, 47.44658 ], [ -122.07616, 47.44658 ], [ -122.07616, 47.44668 ], [ -122.07526, 47.44668 ], [ -122.07526, 47.44658 ], [ -122.07506, 47.44658 ], [ -122.07506, 47.44648 ], [ -122.07496, 47.44648 ], [ -122.07496, 47.44638 ], [ -122.07476, 47.44638 ], [ -122.07476, 47.44618 ], [ -122.07466, 47.44618 ], [ -122.07466, 47.44608 ], [ -122.07456, 47.44608 ], [ -122.07456, 47.44548 ], [ -122.07466, 47.44548 ], [ -122.07466, 47.44528 ], [ -122.07476, 47.44528 ], [ -122.07476, 47.44518 ], [ -122.07486, 47.44518 ], [ -122.07486, 47.44498 ], [ -122.07496, 47.44498 ], [ -122.07496, 47.44488 ], [ -122.07506, 47.44488 ], [ -122.07506, 47.44478 ], [ -122.07516, 47.44478 ], [ -122.07516, 47.44458 ], [ -122.07526, 47.44458 ], [ -122.07526, 47.44448 ], [ -122.07536, 47.44448 ], [ -122.07536, 47.44428 ], [ -122.07546, 47.44428 ], [ -122.07546, 47.44398 ], [ -122.07556, 47.44398 ], [ -122.07556, 47.44308 ], [ -122.07566, 47.44308 ], [ -122.07566, 47.44288 ], [ -122.07576, 47.44288 ], [ -122.07576, 47.44258 ], [ -122.07586, 47.44258 ], [ -122.07586, 47.44198 ], [ -122.07596, 47.44198 ], [ -122.07596, 47.44158 ], [ -122.07606, 47.44158 ], [ -122.07606, 47.44148 ], [ -122.07616, 47.44148 ], [ -122.07616, 47.44138 ], [ -122.07626, 47.44138 ], [ -122.07626, 47.44128 ], [ -122.07636, 47.44128 ], [ -122.07636, 47.44118 ], [ -122.07646, 47.44118 ], [ -122.07646, 47.44108 ], [ -122.07656, 47.44108 ], [ -122.07656, 47.44098 ], [ -122.07666, 47.44098 ], [ -122.07666, 47.44088 ], [ -122.07686, 47.44088 ], [ -122.07686, 47.44068 ], [ -122.07696, 47.44068 ], [ -122.07696, 47.44058 ], [ -122.07706, 47.44058 ], [ -122.07706, 47.44038 ], [ -122.07716, 47.44038 ], [ -122.07716, 47.44028 ], [ -122.07726, 47.44028 ], [ -122.07726, 47.44018 ], [ -122.07736, 47.44018 ], [ -122.07736, 47.44008 ], [ -122.07746, 47.44008 ], [ -122.07746, 47.43998 ], [ -122.07756, 47.43998 ], [ -122.07756, 47.43988 ], [ -122.07786, 47.43988 ], [ -122.07786, 47.43978 ], [ -122.07826, 47.43978 ], [ -122.07826, 47.43988 ], [ -122.07876, 47.43988 ], [ -122.07876, 47.43978 ], [ -122.07896, 47.43978 ], [ -122.07896, 47.43968 ], [ -122.07906, 47.43968 ], [ -122.07906, 47.43958 ], [ -122.07926, 47.43958 ], [ -122.07926, 47.43948 ], [ -122.07946, 47.43948 ], [ -122.07946, 47.43958 ], [ -122.07966, 47.43958 ], [ -122.07966, 47.43968 ], [ -122.07976, 47.43968 ], [ -122.07976, 47.43978 ], [ -122.07996, 47.43978 ], [ -122.07996, 47.43988 ], [ -122.08036, 47.43988 ], [ -122.08036, 47.43978 ], [ -122.08056, 47.43978 ], [ -122.08056, 47.43968 ], [ -122.08066, 47.43968 ], [ -122.08066, 47.43958 ], [ -122.08076, 47.43958 ], [ -122.08076, 47.43948 ], [ -122.08086, 47.43948 ], [ -122.08086, 47.43938 ], [ -122.08096, 47.43938 ], [ -122.08096, 47.43928 ], [ -122.08106, 47.43928 ], [ -122.08106, 47.43918 ], [ -122.08126, 47.43918 ], [ -122.08126, 47.43908 ], [ -122.08136, 47.43908 ], [ -122.08136, 47.43898 ], [ -122.08146, 47.43898 ], [ -122.08146, 47.43848 ], [ -122.08156, 47.43848 ], [ -122.08156, 47.43838 ], [ -122.08166, 47.43838 ], [ -122.08166, 47.43828 ], [ -122.08186, 47.43828 ], [ -122.08186, 47.43818 ], [ -122.08206, 47.43818 ], [ -122.08206, 47.43808 ], [ -122.08216, 47.43808 ], [ -122.08216, 47.43798 ], [ -122.08236, 47.43798 ], [ -122.08236, 47.43788 ], [ -122.08246, 47.43788 ], [ -122.08246, 47.43778 ], [ -122.08256, 47.43778 ], [ -122.08256, 47.43768 ], [ -122.08266, 47.43768 ], [ -122.08266, 47.43758 ], [ -122.08286, 47.43758 ], [ -122.08286, 47.43748 ], [ -122.08346, 47.43748 ], [ -122.08346, 47.43758 ], [ -122.08406, 47.43758 ], [ -122.08406, 47.43778 ], [ -122.08396, 47.43778 ], [ -122.08396, 47.43788 ], [ -122.08386, 47.43788 ], [ -122.08386, 47.43808 ], [ -122.08376, 47.43808 ], [ -122.08376, 47.43818 ], [ -122.08366, 47.43818 ], [ -122.08366, 47.43828 ], [ -122.08356, 47.43828 ], [ -122.08356, 47.43838 ], [ -122.08346, 47.43838 ], [ -122.08346, 47.43858 ], [ -122.08336, 47.43858 ], [ -122.08336, 47.43868 ], [ -122.08316, 47.43868 ], [ -122.08316, 47.43878 ], [ -122.08306, 47.43878 ], [ -122.08306, 47.43888 ], [ -122.08296, 47.43888 ], [ -122.08296, 47.43898 ], [ -122.08286, 47.43898 ], [ -122.08286, 47.43908 ], [ -122.08276, 47.43908 ], [ -122.08276, 47.43928 ], [ -122.08266, 47.43928 ], [ -122.08266, 47.43938 ], [ -122.08256, 47.43938 ], [ -122.08256, 47.43958 ], [ -122.08226, 47.43958 ], [ -122.08226, 47.43968 ], [ -122.08206, 47.43968 ], [ -122.08206, 47.43978 ], [ -122.08196, 47.43978 ], [ -122.08196, 47.43998 ], [ -122.08186, 47.43998 ], [ -122.08186, 47.44028 ], [ -122.08176, 47.44028 ], [ -122.08176, 47.44018 ], [ -122.08146, 47.44018 ], [ -122.08146, 47.44008 ], [ -122.08116, 47.44008 ], [ -122.08116, 47.44018 ], [ -122.08096, 47.44018 ], [ -122.08096, 47.44028 ], [ -122.08086, 47.44028 ], [ -122.08086, 47.44038 ], [ -122.08076, 47.44038 ], [ -122.08076, 47.44088 ], [ -122.08086, 47.44088 ], [ -122.08086, 47.44098 ], [ -122.08106, 47.44098 ], [ -122.08106, 47.44108 ], [ -122.08136, 47.44108 ], [ -122.08136, 47.44098 ], [ -122.08156, 47.44098 ], [ -122.08156, 47.44088 ], [ -122.08176, 47.44088 ], [ -122.08176, 47.44108 ], [ -122.08186, 47.44108 ], [ -122.08186, 47.44148 ], [ -122.08196, 47.44148 ], [ -122.08196, 47.44178 ], [ -122.08186, 47.44178 ], [ -122.08186, 47.44208 ], [ -122.08176, 47.44208 ], [ -122.08176, 47.44228 ], [ -122.08166, 47.44228 ], [ -122.08166, 47.44248 ], [ -122.08156, 47.44248 ], [ -122.08156, 47.44258 ], [ -122.08146, 47.44258 ], [ -122.08146, 47.44268 ], [ -122.08136, 47.44268 ], [ -122.08136, 47.44278 ], [ -122.08116, 47.44278 ], [ -122.08116, 47.44268 ], [ -122.08106, 47.44268 ], [ -122.08106, 47.44258 ], [ -122.08096, 47.44258 ], [ -122.08096, 47.44238 ], [ -122.08076, 47.44238 ], [ -122.08076, 47.44228 ], [ -122.08066, 47.44228 ], [ -122.08066, 47.44238 ], [ -122.08046, 47.44238 ], [ -122.08046, 47.44328 ], [ -122.08056, 47.44328 ], [ -122.08056, 47.44358 ], [ -122.08066, 47.44358 ], [ -122.08066, 47.44368 ], [ -122.08086, 47.44368 ], [ -122.08086, 47.44378 ], [ -122.08106, 47.44378 ], [ -122.08106, 47.44488 ], [ -122.08096, 47.44488 ], [ -122.08096, 47.44508 ], [ -122.08086, 47.44508 ], [ -122.08086, 47.44518 ], [ -122.08076, 47.44518 ], [ -122.08076, 47.44538 ], [ -122.08066, 47.44538 ], [ -122.08066, 47.44558 ], [ -122.08056, 47.44558 ], [ -122.08056, 47.44568 ], [ -122.08046, 47.44568 ], [ -122.08046, 47.44578 ], [ -122.08036, 47.44578 ], [ -122.08036, 47.44588 ], [ -122.08026, 47.44588 ], [ -122.08026, 47.44598 ], [ -122.08016, 47.44598 ], [ -122.08016, 47.44608 ], [ -122.07996, 47.44608 ], [ -122.07996, 47.44618 ], [ -122.07976, 47.44618 ], [ -122.07976, 47.44628 ], [ -122.07886, 47.44628 ], [ -122.07886, 47.44638 ], [ -122.07866, 47.44638 ], [ -122.07866, 47.44648 ], [ -122.07856, 47.44648 ], [ -122.07856, 47.44658 ], [ -122.07846, 47.44658 ], [ -122.07846, 47.44668 ], [ -122.07836, 47.44668 ], [ -122.07836, 47.44678 ], [ -122.07826, 47.44678 ], [ -122.07826, 47.44688 ], [ -122.07806, 47.44688 ], [ -122.07806, 47.44698 ] ] ] } },
{ "type": "Feature", "properties": { "slick_id": 40, "centroid": [ -122.119152, 47.448126 ], "bounding_box": [ -122.14266, 47.43568, -122.09786000000001, 47.461279999999995 ], "area_km2": 4.2764, "perimeter_m": 18033.84, "orientation": 167.03, "compactness": 0.1652, "confidence": 0.6432 }, "geometry": { "type": "Polygon", "coordinates": [ [ [ -122.14006, 47.46128 ], [ -122.13996, 47.46128 ], [ -122.13996, 47.46118 ], [ -122.13906, 47.46118 ], [ -122.13906, 47.46108 ], [ -122.13876, 47.46108 ], [ -122.13876, 47.46098 ], [ -122.13856, 47.46098 ], [ -122.13856, 47.46088 ], [ -122.13836, 47.46088 ], [ -122.13836, 47.46078 ], [ -122.13826, 47.46078 ], [ -122.13826, 47.46068 ], [ -122.13806, 47.46068 ], [ -122.13806, 47.46058 ], [ -122.13796, 47.46058 ], [ -122.13796, 47.46048 ], [ -122.13776, 47.46048 ], [ -122.13776, 47.46038 ], [ -122.13746, 47.46038 ], [ -122.13746, 47.46028 ], [ -122.13706, 47.46028 ], [ -122.13706, 47.46018 ], [ -122.13666, 47.46018 ], [ -122.13666, 47.46008 ], [ -122.13636, 47.46008 ], [ -122.13636, 47.45998 ], [ -122.13606, 47.45998 ], [ -122.13606, 47.45988 ], [ -122.13566, 47.45988 ], [ -122.13566, 47.45978 ], [ -122.13526, 47.45978 ], [ -122.13526, 47.45968 ], [ -122.13466, 47.45968 ], [ -122.13466, 47.45958 ], [ -122.13416, 47.45958 ], [ -122.13416, 47.45948 ], [ -122.13366, 47.45948 ], [ -122.13366, 47.45938 ], [ -122.13336, 47.45938 ], [ -122.13336, 47.45928 ], [ -122.13306, 47.45928 ], [ -122.13306, 47.45918 ], [ -122.13276, 47.45918 ], [ -122.13276, 47.45908 ], [ -122.13246, 47.45908 ], [ -122.13246, 47.45898 ], [ -122.13226, 47.45898 ], [ -122.13226, 47.45888 ], [ -122.13206, 47.45888 ], [ -122.13206, 47.45878 ], [ -122.13196, 47.45878 ], [ -122.13196, 47.45868 ], [ -122.13186, 47.45868 ], [ -122.13186, 47.45858 ], [ -122.13176, 47.45858 ], [ -122.13176, 47.45848 ], [ -122.13156, 47.45848 ], [ -122.13156, 47.45838 ], [ -122.13146, 47.45838 ], [ -122.13146, 47.45828 ], [ -122.13136, 47.45828 ], [ -122.13136, 47.45818 ], [ -122.13116, 47.45818 ], [ -122.13116, 47.45808 ], [ -122.13106, 47.45808 ], [ -122.13106, 47.45798 ], [ -122.13096, 47.45798 ], [ -122.13096, 47.45788 ], [ -122.13086, 47.45788 ], [ -122.13086, 47.45778 ], [ -122.13076, 47.45778 ], [ -122.13076, 47.45768 ], [ -122.13066, 47.45768 ], [ -122.13066, 47.45758 ], [ -122.13056, 47.45758 ], [ -122.13056, 47.45748 ], [ -122.13046, 47.45748 ], [ -122.13046, 47.45728 ], [ -122.13036, 47.45728 ], [ -122.13036, 47.45718 ], [ -122.13026, 47.45718 ], [ -122.13026, 47.45708 ], [ -122.13016, 47.45708 ], [ -122.13016, 47.45698 ], [ -122.13006, 47.45698 ], [ -122.13006, 47.45688 ], [ -122.12996, 47.45688 ], [ -122.12996, 47.45668 ], [ -122.12986, 47.45668 ], [ -122.12986, 47.45658 ], [ -122.12976, 47.45658 ], [ -122.12976, 47.45648 ], [ -122.12966, 47.45648 ], [ -122.12966, 47.45638 ], [ -122.12956, 47.45638 ], [ -122.12956, 47.45618 ], [ -122.12946, 47.45618 ], [ -122.12946, 47.45608 ], [ -122.12936, 47.45608 ], [ -122.12936, 47.45588 ], [ -122.12926, 47.45588 ], [ -122.12926, 47.45568 ], [ -122.12916, 47.45568 ], [ -122.12916, 47.45558 ], [ -122.12906, 47.45558 ], [ -122.12906, 47.45548 ], [ -122.12956, 47.45548 ], [ -122.12956, 47.45538 ], [ -122.12976, 47.45538 ], [ -122.12976, 47.45508 ], [ -122.12966, 47.45508 ], [ -122.12966, 47.45488 ], [ -122.12956, 47.45488 ], [ -122.12956, 47.45468 ], [ -122.12946, 47.45468 ], [ -122.12946, 47.45448 ], [ -122.12936, 47.45448 ], [ -122.12936, 47.45418 ], [ -122.12926, 47.45418 ], [ -122.12926, 47.45388 ], [ -122.12916, 47.45388 ], [ -122.12916, 47.45368 ], [ -122.12906, 47.45368 ], [ -122.12906, 47.45338 ], [ -122.12896, 47.45338 ], [ -122.12896, 47.45318 ], [ -122.12886, 47.45318 ], [ -122.12886, 47.45298 ], [ -122.12876, 47.45298 ], [ -122.12876, 47.45288 ], [ -122.12866, 47.45288 ], [ -122.12866, 47.45268 ], [ -122.12856, 47.45268 ], [ -122.12856, 47.45258 ], [ -122.12846, 47.45258 ], [ -122.12846, 47.45248 ], [ -122.12836, 47.45248 ], [ -122.12836, 47.45228 ], [ -122.12826, 47.45228 ], [ -122.12826, 47.45218 ], [ -122.12816, 47.45218 ], [ -122.12816, 47.45208 ], [ -122.12806, 47.45208 ], [ -122.12806, 47.45198 ], [ -122.12786, 47.45198 ], [ -122.12786, 47.45188 ], [ -122.12776, 47.45188 ], [ -122.12776, 47.45178 ], [ -122.12766, 47.45178 ], [ -122.12766, 47.45168 ], [ -122.12746, 47.45168 ], [ -122.12746, 47.45158 ], [ -122.12736, 47.45158 ], [ -122.12736, 47.45148 ], [ -122.12726, 47.45148 ], [ -122.12726, 47.45138 ], [ -122.12716, 47.45138 ], [ -122.12716, 47.45128 ], [ -122.12706, 47.45128 ], [ -122.12706, 47.45118 ], [ -122.12696, 47.45118 ], [ -122.12696, 47.45108 ], [ -122.12676, 47.45108 ], [ -122.12676, 47.45098 ], [ -122.12666, 47.45098 ], [ -122.12666, 47.45078 ], [ -122.12656, 47.45078 ], [ -122.12656, 47.45068 ], [ -122.12646, 47.45068 ], [ -122.12646, 47.45048 ], [ -122.12636, 47.45048 ], [ -122.12636, 47.45028 ], [ -122.12626, 47.45028 ], [ -122.12626, 47.44998 ], [ -122.12616, 47.44998 ], [ -122.12616, 47.44978 ], [ -122.12606, 47.44978 ], [ -122.12606, 47.44928 ], [ -122.12596, 47.44928 ], [ -122.12596, 47.44748 ], [ -122.12586, 47.44748 ], [ -122.12586, 47.44718 ], [ -122.12576, 47.44718 ], [ -122.12576, 47.44698 ], [ -122.12566, 47.44698 ], [ -122.12566, 47.44688 ], [ -122.12556, 47.44688 ], [ -122.12556, 47.44678 ], [ -122.12546, 47.44678 ], [ -122.12546, 47.44668 ], [ -122.12536, 47.44668 ], [ -122.12536, 47.44658 ], [ -122.12516, 47.44658 ], [ -122.12516, 47.44648 ], [ -122.12496, 47.44648 ], [ -122.12496, 47.44638 ], [ -122.12476, 47.44638 ], [ -122.12476, 47.44628 ], [ -122.12456, 47.44628 ], [ -122.12456, 47.44618 ], [ -122.12446, 47.44618 ], [ -122.12446, 47.44608 ], [ -122.12426, 47.44608 ], [ -122.12426, 47.44598 ], [ -122.12416, 47.44598 ], [ -122.12416, 47.44588 ], [ -122.12406, 47.44588 ], [ -122.12406, 47.44578 ], [ -122.12386, 47.44578 ], [ -122.12386, 47.44568 ], [ -122.12376, 47.44568 ], [ -122.12376, 47.44558 ], [ -122.12366, 47.44558 ], [ -122.12366, 47.44548 ], [ -122.12356, 47.44548 ], [ -122.12356, 47.44538 ], [ -122.12336, 47.44538 ], [ -122.12336, 47.44528 ], [ -122.12326, 47.44528 ], [ -122.12326, 47.44518 ], [ -122.12306, 47.44518 ], [ -122.12306, 47.44508 ], [ -122.12286, 47.44508 ], [ -122.12286, 47.44498 ], [ -122.12276, 47.44498 ], [ -122.12276, 47.44488 ], [ -122.12266, 47.44488 ], [ -122.12266, 47.44478 ], [ -122.12256, 47.44478 ], [ -122.12256, 47.44468 ], [ -122.12246, 47.44468 ], [ -122.12246, 47.44458 ], [ -122.12226, 47.44458 ], [ -122.12226, 47.44448 ], [ -122.12156, 47.44448 ], [ -122.12156, 47.44458 ], [ -122.12136, 47.44458 ], [ -122.12136, 47.44468 ], [ -122.12126, 47.44468 ], [ -122.12126, 47.44478 ], [ -122.12116, 47.44478 ], [ -122.12116, 47.44488 ], [ -122.12106, 47.44488 ], [ -122.12106, 47.44498 ], [ -122.12096, 47.44498 ], [ -122.12096, 47.44508 ], [ -122.12076, 47.44508 ], [ -122.12076, 47.44518 ], [ -122.12066, 47.44518 ], [ -122.12066, 47.44528 ], [ -122.12046, 47.44528 ], [ -122.12046, 47.44538 ], [ -122.12026, 47.44538 ], [ -122.12026, 47.44548 ], [ -122.12006, 47.44548 ], [ -122.12006, 47.44558 ], [ -122.11986, 47.44558 ], [ -122.11986, 47.44568 ], [ -122.11966, 47.44568 ], [ -122.11966, 47.44578 ], [ -122.11926, 47.44578 ], [ -122.11926, 47.44588 ], [ -122.11886, 47.44588 ], [ -122.11886, 47.44598 ], [ -122.11866, 47.44598 ], [ -122.11866, 47.44608 ], [ -122.11846, 47.44608 ], [ -122.11846, 47.44618 ], [ -122.11826, 47.44618 ], [ -122.11826, 47.44628 ], [ -122.11806, 47.44628 ], [ -122.11806, 47.44638 ], [ -122.11786, 47.44638 ], [ -122.11786, 47.44648 ], [ -122.11776, 47.44648 ], [ -122.11776, 47.44658 ], [ -122.11746, 47.44658 ], [ -122.11746, 47.44668 ], [ -122.11726, 47.44668 ], [ -122.11726, 47.44678 ], [ -122.11716, 47.44678 ], [ -122.11716, 47.44688 ], [ -122.11686, 47.44688 ], [ -122.11686, 47.44698 ], [ -122.11666, 47.44698 ], [ -122.11666, 47.44708 ], [ -122.11646, 47.44708 ], [ -122.11646, 47.44718 ], [ -122.11626, 47.44718 ], [ -122.11626, 47.44728 ], [ -122.11606, 47.44728 ], [ -122.11606, 47.44738 ], [ -122.11586, 47.44738 ], [ -122.11586, 47.44748 ], [ -122.11576, 47.44748 ], [ -122.11576, 47.44758 ], [ -122.11556, 47.44758 ], [ -122.11556, 47.44778 ], [ -122.11546, 47.44778 ], [ -122.11546, 47.44788 ], [ -122.11536, 47.44788 ], [ -122.11536, 47.44808 ], [ -122.11526, 47.44808 ], [ -122.11526, 47.44828 ], [ -122.11516, 47.44828 ], [ -122.11516, 47.44858 ], [ -122.11506, 47.44858 ], [ -122.11506, 47.44888 ], [ -122.11496, 47.44888 ], [ -122.11496, 47.44908 ], [ -122.11486, 47.44908 ], [ -122.11486, 47.44928 ], [ -122.11476, 47.44928 ], [ -122.11476, 47.44938 ], [ -122.11466, 47.44938 ], [ -122.11466, 47.44958 ], [ -122.11456, 47.44958 ], [ -122.11456, 47.44968 ], [ -122.11446, 47.44968 ], [ -122.11446, 47.44978 ], [ -122.11436, 47.44978 ], [ -122.11436, 47.44998 ], [ -122.11426, 47.44998 ], [ -122.11426, 47.45008 ], [ -122.11416, 47.45008 ], [ -122.11416, 47.45018 ], [ -122.11406, 47.45018 ], [ -122.11406, 47.45038 ], [ -122.11396, 47.45038 ], [ -122.11396, 47.45058 ], [ -122.11386, 47.45058 ], [ -122.11386, 47.45068 ], [ -122.11376, 47.45068 ], [ -122.11376, 47.45088 ], [ -122.11366, 47.45088 ], [ -122.11366, 47.45098 ], [ -122.11356, 47.45098 ], [ -122.11356, 47.45108 ], [ -122.11336, 47.45108 ], [ -122.11336, 47.45118 ], [ -122.11326, 47.45118 ], [ -122.11326, 47.45128 ], [ -122.11316, 47.45128 ], [ -122.11316, 47.45138 ], [ -122.11296, 47.45138 ], [ -122.11296, 47.45148 ], [ -122.11276, 47.45148 ], [ -122.11276, 47.45158 ], [ -122.11256, 47.45158 ], [ -122.11256, 47.45168 ], [ -122.11236, 47.45168 ], [ -122.11236, 47.45178 ], [ -122.11216, 47.45178 ], [ -122.11216, 47.45188 ], [ -122.11176, 47.45188 ], [ -122.11176, 47.45198 ], [ -122.11106, 47.45198 ], [ -122.11106, 47.45208 ], [ -122.11036, 47.45208 ], [ -122.11036, 47.45218 ], [ -122.10936, 47.45218 ], [ -122.10936, 47.45228 ], [ -122.10466, 47.45228 ], [ -122.10466, 47.45218 ], [ -122.10326, 47.45218 ], [ -122.10326, 47.45208 ], [ -122.10216, 47.45208 ], [ -122.10216, 47.45198 ], [ -122.10196, 47.45198 ], [ -122.10196, 47.45208 ], [ -122.10106, 47.45208 ], [ -122.10106, 47.45198 ], [ -122.09986, 47.45198 ], [ -122.09986, 47.45188 ], [ -122.09876, 47.45188 ], [ -122.09876, 47.45178 ], [ -122.09826, 47.45178 ], [ -122.09826, 47.45168 ], [ -122.09806, 47.45168 ], [ -122.09806, 47.45158 ], [ -122.09786, 47.45158 ], [ -122.09786, 47.44908 ], [ -122.09796, 47.44908 ], [ -122.09796, 47.44898 ], [ -122.09806, 47.44898 ], [ -122.09806, 47.44878 ], [ -122.09816, 47.44878 ], [ -122.09816, 47.44858 ], [ -122.09826, 47.44858 ], [ -122.09826, 47.44838 ], [ -122.09836, 47.44838 ], [ -122.09836, 47.44818 ], [ -122.09846, 47.44818 ], [ -122.09846, 47.44788 ], [ -122.09856, 47.44788 ], [ -122.09856, 47.44768 ], [ -122.09866, 47.44768 ], [ -122.09866, 47.44718 ], [ -122.09876, 47.44718 ], [ -122.09876, 47.44678 ], [ -122.09886, 47.44678 ], [ -122.09886, 47.44658 ], [ -122.09896, 47.44658 ], [ -122.09896, 47.44638 ], [ -122.09906, 47.44638 ], [ -122.09906, 47.44618 ], [ -122.09916, 47.44618 ], [ -122.09916, 47.44598 ], [ -122.09936, 47.44598 ], [ -122.09936, 47.44588 ], [ -122.09956, 47.44588 ], [ -122.09956, 47.44578 ], [ -122.09976, 47.44578 ], [ -122.09976, 47.44568 ], [ -122.09986, 47.44568 ], [ -122.09986, 47.44558 ], [ -122.09996, 47.44558 ], [ -122.09996, 47.44548 ], [ -122.10006, 47.44548 ], [ -122.10006, 47.44538 ], [ -122.10026, 47.44538 ], [ -122.10026, 47.44528 ], [ -122.10036, 47.44528 ], [ -122.10036, 47.44518 ], [ -122.10066, 47.44518 ], [ -122.10066, 47.44508 ], [ -122.10096, 47.44508 ], [ -122.10096, 47.44498 ], [ -122.10116, 47.44498 ], [ -122.10116, 47.44488 ], [ -122.10146, 47.44488 ], [ -122.10146, 47.44478 ], [ -122.10176, 47.44478 ], [ -122.10176, 47.44468 ], [ -122.10236, 47.44468 ], [ -122.10236, 47.44458 ], [ -122.10276, 47.44458 ], [ -122.10276, 47.44448 ], [ -122.10326, 47.44448 ], [ -122.10326, 47.44438 ], [ -122.10456, 47.44438 ], [ -122.10456, 47.44448 ], [ -122.10486, 47.44448 ], [ -122.10486, 47.44458 ], [ -122.10506, 47.44458 ], [ -122.10506, 47.44468 ], [ -122.10526, 47.44468 ], [ -122.10526, 47.44478 ], [ -122.10556, 47.44478 ], [ -122.10556, 47.44488 ], [ -122.10596, 47.44488 ], [ -122.10596, 47.44498 ], [ -122.10676, 47.44498 ], [ -122.10676, 47.44488 ], [ -122.10706, 47.44488 ], [ -122.10706, 47.44478 ], [ -122.10726, 47.44478 ], [ -122.10726, 47.44468 ], [ -122.10746, 47.44468 ], [ -122.10746, 47.44458 ], [ -122.10756, 47.44458 ], [ -122.10756, 47.44448 ], [ -122.10766, 47.44448 ], [ -122.10766, 47.44438 ], [ -122.10776, 47.44438 ], [ -122.10776, 47.44428 ], [ -122.10786, 47.44428 ], [ -122.10786, 47.44418 ], [ -122.10796, 47.44418 ], [ -122.10796, 47.44408 ], [ -122.10816, 47.44408 ], [ -122.10816, 47.44398 ], [ -122.10826, 47.44398 ], [ -122.10826, 47.44388 ], [ -122.10836, 47.44388 ], [ -122.10836, 47.44378 ], [ -122.10846, 47.44378 ], [ -122.10846, 47.44368 ], [ -122.10856, 47.44368 ], [ -122.10856, 47.44348 ], [ -122.10866, 47.44348 ], [ -122.10866, 47.44338 ], [ -122.10876, 47.44338 ], [ -122.10876, 47.44318 ], [ -122.10886, 47.44318 ], [ -122.10886, 47.44298 ], [ -122.10896, 47.44298 ], [ -122.10896, 47.44288 ], [ -122.10906, 47.44288 ], [ -122.10906, 47.44268 ], [ -122.10916, 47.44268 ], [ -122.10916, 47.44248 ], [ -122.10926, 47.44248 ], [ -122.10926, 47.44238 ], [ -122.10946, 47.44238 ], [ -122.10946, 47.44228 ], [ -122.10956, 47.44228 ], [ -122.10956, 47.44218 ], [ -122.10966, 47.44218 ], [ -122.10966, 47.44208 ], [ -122.10986, 47.44208 ], [ -122.10986, 47.44198 ], [ -122.11006, 47.44198 ], [ -122.11006, 47.44188 ], [ -122.11026, 47.44188 ], [ -122.11026, 47.44178 ], [ -122.11066, 47.44178 ], [ -122.11066, 47.44188 ], [ -122.11096, 47.44188 ], [ -122.11096, 47.44198 ], [ -122.11116, 47.44198 ], [ -122.11116, 47.44208 ], [ -122.11146, 47.44208 ], [ -122.11146, 47.44198 ], [ -122.11176, 47.44198 ], [ -122.11176, 47.44188 ], [ -122.11206, 47.44188 ], [ -122.11206, 47.44178 ], [ -122.11256, 47.44178 ], [ -122.11256, 47.44168 ], [ -122.11276, 47.44168 ], [ -122.11276, 47.44158 ], [ -122.11286, 47.44158 ], [ -122.11286, 47.44148 ], [ -122.11296, 47.44148 ], [ -122.11296, 47.44128 ], [ -122.11306, 47.44128 ], [ -122.11306, 47.44118 ], [ -122.11316, 47.44118 ], [ -122.11316, 47.44108 ], [ -122.11326, 47.44108 ], [ -122.11326, 47.44098 ], [ -122.11336, 47.44098 ], [ -122.11336, 47.44068 ], [ -122.11346, 47.44068 ], [ -122.11346, 47.43988 ], [ -122.11356, 47.43988 ], [ -122.11356, 47.43948 ], [ -122.11366, 47.43948 ], [ -122.11366, 47.43928 ], [ -122.11376, 47.43928 ], [ -122.11376, 47.43888 ], [ -122.11386, 47.43888 ], [ -122.11386, 47.43828 ], [ -122.11396, 47.43828 ], [ -122.11396, 47.43798 ], [ -122.11406, 47.43798 ], [ -122.11406, 47.43788 ], [ -122.11416, 47.43788 ], [ -122.11416, 47.43768 ], [ -122.11426, 47.43768 ], [ -122.11426, 47.43758 ], [ -122.11436, 47.43758 ], [ -122.11436, 47.43738 ], [ -122.11446, 47.43738 ], [ -122.11446, 47.43728 ], [ -122.11456, 47.43728 ], [ -122.11456, 47.43718 ], [ -122.11466, 47.43718 ], [ -122.11466, 47.43708 ], [ -122.11476, 47.43708 ], [ -122.11476, 47.43698 ], [ -122.11496, 47.43698 ], [ -122.11496, 47.43708 ], [ -122.11516, 47.43708 ], [ -122.11516, 47.43718 ], [ -122.11526, 47.43718 ], [ -122.11526, 47.43708 ], [ -122.11546, 47.43708 ], [ -122.11546, 47.43608 ], [ -122.11556, 47.43608 ], [ -122.11556, 47.43598 ], [ -122.11566, 47.43598 ], [ -122.11566, 47.43588 ], [ -122.11576, 47.43588 ], [ -122.11576, 47.43578 ], [ -122.11596, 47.43578 ], [ -122.11596, 47.43568 ], [ -122.11606, 47.43568 ], [ -122.11606, 47.43578 ], [ -122.11616, 47.43578 ], [ -122.11616, 47.43588 ], [ -122.11636, 47.43588 ], [ -122.11636, 47.43598 ], [ -122.11656, 47.43598 ], [ -122.11656, 47.43608 ], [ -122.11766, 47.43608 ], [ -122.11766, 47.43618 ], [ -122.11786, 47.43618 ], [ -122.11786, 47.43628 ], [ -122.11816, 47.43628 ], [ -122.11816, 47.43638 ], [ -122.11826, 47.43638 ], [ -122.11826, 47.43648 ], [ -122.11846, 47.43648 ], [ -122.11846, 47.43658 ], [ -122.11856, 47.43658 ], [ -122.11856, 47.43678 ], [ -122.11866, 47.43678 ], [ -122.11866, 47.43698 ], [ -122.11876, 47.43698 ], [ -122.11876, 47.43708 ], [ -122.11886, 47.43708 ], [ -122.11886, 47.43728 ], [ -122.11896, 47.43728 ], [ -122.11896, 47.43738 ], [ -122.11906, 47.43738 ], [ -122.11906, 47.43748 ], [ -122.11916, 47.43748 ], [ -122.11916, 47.43758 ], [ -122.11936, 47.43758 ], [ -122.11936, 47.43768 ], [ -122.11956, 47.43768 ], [ -122.11956, 47.43778 ], [ -122.11966, 47.43778 ], [ -122.11966, 47.43788 ], [ -122.11976, 47.43788 ], [ -122.11976, 47.43808 ], [ -122.11986, 47.43808 ], [ -122.11986, 47.43818 ], [ -122.12006, 47.43818 ], [ -122.12006, 47.43828 ], [ -122.12036, 47.43828 ], [ -122.12036, 47.43818 ], [ -122.12056, 47.43818 ], [ -122.12056, 47.43808 ], [ -122.12066, 47.43808 ], [ -122.12066, 47.43798 ], [ -122.12076, 47.43798 ], [ -122.12076, 47.43778 ], [ -122.12086, 47.43778 ], [ -122.12086, 47.43768 ], [ -122.12136, 47.43768 ], [ -122.12136, 47.43778 ], [ -122.12146, 47.43778 ], [ -122.12146, 47.43788 ], [ -122.12156, 47.43788 ], [ -122.12156, 47.43798 ], [ -122.12166, 47.43798 ], [ -122.12166, 47.43808 ], [ -122.12176, 47.43808 ], [ -122.12176, 47.43818 ], [ -122.12186, 47.43818 ], [ -122.12186, 47.43828 ], [ -122.12206, 47.43828 ], [ -122.12206, 47.43838 ], [ -122.12226, 47.43838 ], [ -122.12226, 47.43848 ], [ -122.12256, 47.43848 ], [ -122.12256, 47.43858 ], [ -122.12286, 47.43858 ], [ -122.12286, 47.43868 ], [ -122.12316, 47.43868 ], [ -122.12316, 47.43878 ], [ -122.12336, 47.43878 ], [ -122.12336, 47.43888 ], [ -122.12366, 47.43888 ], [ -122.12366, 47.43898 ], [ -122.12376, 47.43898 ], [ -122.12376, 47.43908 ], [ -122.12386, 47.43908 ], [ -122.12386, 47.43928 ], [ -122.12396, 47.43928 ], [ -122.12396, 47.43938 ], [ -122.12406, 47.43938 ], [ -122.12406, 47.43958 ], [ -122.12416, 47.43958 ], [ -122.12416, 47.43978 ], [ -122.12426, 47.43978 ], [ -122.12426, 47.44008 ], [ -122.12436, 47.44008 ], [ -122.12436, 47.44038 ], [ -122.12446, 47.44038 ], [ -122.12446, 47.44058 ], [ -122.12456, 47.44058 ], [ -122.12456, 47.44078 ], [ -122.12466, 47.44078 ], [ -122.12466, 47.44098 ], [ -122.12476, 47.44098 ], [ -122.12476, 47.44128 ], [ -122.12486, 47.44128 ], [ -122.12486, 47.44158 ], [ -122.12496, 47.44158 ], [ -122.12496, 47.44188 ], [ -122.12506, 47.44188 ], [ -122.12506, 47.44208 ], [ -122.12516, 47.44208 ], [ -122.12516, 47.44228 ], [ -122.12526, 47.44228 ], [ -122.12526, 47.44258 ], [ -122.12516, 47.44258 ], [ -122.12516, 47.44328 ], [ -122.12526, 47.44328 ], [ -122.12526, 47.44338 ], [ -122.12536, 47.44338 ], [ -122.12536, 47.44348 ], [ -122.12546, 47.44348 ], [ -122.12546, 47.44358 ], [ -122.12556, 47.44358 ], [ -122.12556, 47.44368 ], [ -122.12576, 47.44368 ], [ -122.12576, 47.44378 ], [ -122.12606, 47.44378 ], [ -122.12606, 47.44388 ], [ -122.12666, 47.44388 ], [ -122.12666, 47.44378 ], [ -122.12716, 47.44378 ], [ -122.12716, 47.44388 ], [ -122.12726, 47.44388 ], [ -122.12726, 47.44408 ], [ -122.12736, 47.44408 ], [ -122.12736, 47.44438 ], [ -122.12746, 47.44438 ], [ -122.12746, 47.44448 ], [ -122.12756, 47.44448 ], [ -122.12756, 47.44458 ], [ -122.12766, 47.44458 ], [ -122.12766, 47.44468 ], [ -122.12776, 47.44468 ], [ -122.12776, 47.44478 ], [ -122.12786, 47.44478 ], [ -122.12786, 47.44488 ], [ -122.12796, 47.44488 ], [ -122.12796, 47.44498 ], [ -122.12816, 47.44498 ], [ -122.12816, 47.44508 ], [ -122.12836, 47.44508 ], [ -122.12836, 47.44518 ], [ -122.12866, 47.44518 ], [ -122.12866, 47.44528 ], [ -122.12886, 47.44528 ], [ -122.12886, 47.44538 ], [ -122.12896, 47.44538 ], [ -122.12896, 47.44548 ], [ -122.12906, 47.44548 ], [ -122.12906, 47.44558 ], [ -122.12926, 47.44558 ], [ -122.12926, 47.44568 ], [ -122.12936, 47.44568 ], [ -122.12936, 47.44578 ], [ -122.12946, 47.44578 ], [ -122.12946, 47.44588 ], [ -122.12956, 47.44588 ], [ -122.12956, 47.44598 ], [ -122.12966, 47.44598 ], [ -122.12966, 47.44608 ], [ -122.12976, 47.44608 ], [ -122.12976, 47.44618 ], [ -122.12996, 47.44618 ], [ -122.12996, 47.44628 ], [ -122.13016, 47.44628 ], [ -122.13016, 47.44638 ], [ -122.13026, 47.44638 ], [ -122.13026, 47.44648 ], [ -122.13036, 47.44648 ], [ -122.13036, 47.44658 ], [ -122.13046, 47.44658 ], [ -122.13046, 47.44668 ], [ -122.13056, 47.44668 ], [ -122.13056, 47.44688 ], [ -122.13076, 47.44688 ], [ -122.13076, 47.44698 ], [ -122.13096, 47.44698 ], [ -122.13096, 47.44708 ], [ -122.13126, 47.44708 ], [ -122.13126, 47.44718 ], [ -122.13146, 47.44718 ], [ -122.13146, 47.44728 ], [ -122.13156, 47.44728 ], [ -122.13156, 47.44738 ], [ -122.13176, 47.44738 ], [ -122.13176, 47.44748 ], [ -122.13186, 47.44748 ], [ -122.13186, 47.44758 ], [ -122.13206, 47.44758 ], [ -122.13206, 47.44768 ], [ -122.13216, 47.44768 ], [ -122.13216, 47.44798 ], [ -122.13226, 47.44798 ], [ -122.13226, 47.44808 ], [ -122.13236, 47.44808 ], [ -122.13236, 47.44818 ], [ -122.13246, 47.44818 ], [ -122.13246, 47.44828 ], [ -122.13266, 47.44828 ], [ -122.13266, 47.44838 ], [ -122.13286, 47.44838 ], [ -122.13286, 47.44848 ], [ -122.13296, 47.44848 ], [ -122.13296, 47.44868 ], [ -122.13306, 47.44868 ], [ -122.13306, 47.44878 ], [ -122.13316, 47.44878 ], [ -122.13316, 47.44888 ], [ -122.13326, 47.44888 ], [ -122.13326, 47.44908 ], [ -122.13336, 47.44908 ], [ -122.13336, 47.44928 ], [ -122.13346, 47.44928 ], [ -122.13346, 47.44978 ], [ -122.13356, 47.44978 ], [ -122.13356, 47.44998 ], [ -122.13366, 47.44998 ], [ -122.13366, 47.45028 ], [ -122.13376, 47.45028 ], [ -122.13376, 47.45058 ], [ -122.13386, 47.45058 ], [ -122.13386, 47.45068 ], [ -122.13396, 47.45068 ], [ -122.13396, 47.45078 ], [ -122.13406, 47.45078 ], [ -122.13406, 47.45088 ], [ -122.13416, 47.45088 ], [ -122.13416, 47.45108 ], [ -122.13426, 47.45108 ], [ -122.13426, 47.45118 ], [ -122.13446, 47.45118 ], [ -122.13446, 47.45128 ], [ -122.13456, 47.45128 ], [ -122.13456, 47.45138 ], [ -122.13466, 47.45138 ], [ -122.13466, 47.45148 ], [ -122.13476, 47.45148 ], [ -122.13476, 47.45158 ], [ -122.13496, 47.45158 ], [ -122.13496, 47.45168 ], [ -122.13506, 47.45168 ], [ -122.13506, 47.45178 ], [ -122.13516, 47.45178 ], [ -122.13516, 47.45188 ], [ -122.13526, 47.45188 ], [ -122.13526, 47.45198 ], [ -122.13546, 47.45198 ], [ -122.13546, 47.45218 ], [ -122.13556, 47.45218 ], [ -122.13556, 47.45228 ], [ -122.13566, 47.45228 ], [ -122.13566, 47.45238 ], [ -122.13576, 47.45238 ], [ -122.13576, 47.45248 ], [ -122.13586, 47.45248 ], [ -122.13586, 47.45268 ], [ -122.13596, 47.45268 ], [ -122.13596, 47.45278 ], [ -122.13606, 47.45278 ], [ -122.13606, 47.45288 ], [ -122.13616, 47.45288 ], [ -122.13616, 47.45308 ], [ -122.13626, 47.45308 ], [ -122.13626, 47.45328 ], [ -122.13636, 47.45328 ], [ -122.13636, 47.45368 ], [ -122.13646, 47.45368 ], [ -122.13646, 47.45398 ], [ -122.13656, 47.45398 ], [ -122.13656, 47.45438 ], [ -122.13666, 47.45438 ], [ -122.13666, 47.45468 ], [ -122.13676, 47.45468 ], [ -122.13676, 47.45498 ], [ -122.13686, 47.45498 ], [ -122.13686, 47.45538 ], [ -122.13706, 47.45538 ], [ -122.13706, 47.45548 ], [ -122.13756, 47.45548 ], [ -122.13756, 47.45568 ], [ -122.13776, 47.45568 ], [ -122.13776, 47.45578 ], [ -122.13826, 47.45578 ], [ -122.13826, 47.45568 ], [ -122.13856, 47.45568 ], [ -122.13856, 47.45578 ], [ -122.13876, 47.45578 ], [ -122.13876, 47.45588 ], [ -122.13886, 47.45588 ], [ -122.13886, 47.45598 ], [ -122.13896, 47.45598 ], [ -122.13896, 47.45608 ], [ -122.13906, 47.45608 ], [ -122.13906, 47.45618 ], [ -122.13916, 47.45618 ], [ -122.13916, 47.45628 ], [ -122.13926, 47.45628 ], [ -122.13926, 47.45638 ], [ -122.13936, 47.45638 ], [ -122.13936, 47.45648 ], [ -122.13946, 47.45648 ], [ -122.13946, 47.45658 ], [ -122.13956, 47.45658 ], [ -122.13956, 47.45668 ], [ -122.13966, 47.45668 ], [ -122.13966, 47.45688 ], [ -122.13976, 47.45688 ], [ -122.13976, 47.45698 ], [ -122.13986, 47.45698 ], [ -122.13986, 47.45708 ], [ -122.14006, 47.45708 ], [ -122.14006, 47.45718 ], [ -122.14046, 47.45718 ], [ -122.14046, 47.45728 ], [ -122.14066, 47.45728 ], [ -122.14066, 47.45748 ], [ -122.14076, 47.45748 ], [ -122.14076, 47.45768 ], [ -122.14086, 47.45768 ], [ -122.14086, 47.45778 ], [ -122.14096, 47.45778 ], [ -122.14096, 47.45788 ], [ -122.14106, 47.45788 ], [ -122.14106, 47.45798 ], [ -122.14116, 47.45798 ], [ -122.14116, 47.45818 ], [ -122.14136, 47.45818 ], [ -122.14136, 47.45828 ], [ -122.14146, 47.45828 ], [ -122.14146, 47.45848 ], [ -122.14156, 47.45848 ], [ -122.14156, 47.45858 ], [ -122.14166, 47.45858 ], [ -122.14166, 47.45868 ], [ -122.14176, 47.45868 ], [ -122.14176, 47.45878 ], [ -122.14186, 47.45878 ], [ -122.14186, 47.45888 ], [ -122.14206, 47.45888 ], [ -122.14206, 47.45908 ], [ -122.14216, 47.45908 ], [ -122.14216, 47.45928 ], [ -122.14226, 47.45928 ], [ -122.14226, 47.45938 ], [ -122.14236, 47.45938 ], [ -122.14236, 47.45948 ], [ -122.14246, 47.45948 ], [ -122.14246, 47.45958 ], [ -122.14256, 47.45958 ], [ -122.14256, 47.45988 ], [ -122.14266, 47.45988 ], [ -122.14266, 47.46048 ], [ -122.14256, 47.46048 ], [ -122.14256, 47.46058 ], [ -122.14246, 47.46058 ], [ -122.14246, 47.46068 ], [ -122.14226, 47.46068 ], [ -122.14226, 47.46078 ], [ -122.14216, 47.46078 ], [ -122.14216, 47.46088 ], [ -122.14176, 47.46088 ], [ -122.14176, 47.46098 ], [ -122.14046, 47.46098 ], [ -122.14046, 47.46108 ], [ -122.14026, 47.46108 ], [ -122.14026, 47.46118 ], [ -122.14006, 47.46118 ], [ -122.14006, 47.46128 ] ] ] } },
{ "type": "Feature", "properties": { "slick_id": 41, "centroid": [ -122.121643, 47.421418 ], "bounding_box": [ -122.12256000000001, 47.41948, -122.12076, 47.42308 ], "area_km2": 0.0518, "perimeter_m": 1202.26, "orientation": 116.57, "compactness": 0.4503, "confidence": 0.3926 }, "geometry": { "type": "Polygon", "coordinates": [ [ [ -122.12216, 47.42308 ], [ -122.12196, 47.42308 ], [ -122.12196, 47.42298 ], [ -122.12176, 47.42298 ], [ -122.12176, 47.42288 ], [ -122.12166, 47.42288 ], [ -122.12166, 47.42278 ], [ -122.12156, 47.42278 ], [ -122.12156, 47.42268 ], [ -122.12146, 47.42268 ], [ -122.12146, 47.42258 ], [ -122.12136, 47.42258 ], [ -122.12136, 47.42248 ], [ -122.12126, 47.42248 ], [ -122.12126, 47.42238 ], [ -122.12116, 47.42238 ], [ -122.12116, 47.42218 ], [ -122.12106, 47.42218 ], [ -122.12106, 47.42198 ], [ -122.12096, 47.42198 ], [ -122.12096, 47.42168 ], [ -122.12086, 47.42168 ], [ -122.12086, 47.42148 ], [ -122.12076, 47.42148 ], [ -122.12076, 47.42028 ], [ -122.12086, 47.42028 ], [ -122.12086, 47.41998 ], [ -122.12096, 47.41998 ], [ -122.12096, 47.41968 ], [ -122.12106, 47.41968 ], [ -122.12106, 47.41958 ], [ -122.12116, 47.41958 ], [ -122.12116, 47.41948 ], [ -122.12126, 47.41948 ], [ -122.12126, 47.41958 ], [ -122.12136, 47.41958 ], [ -122.12136, 47.41968 ], [ -122.12146, 47.41968 ], [ -122.12146, 47.41988 ], [ -122.12156, 47.41988 ], [ -122.12156, 47.42008 ], [ -122.12166, 47.42008 ], [ -122.12166, 47.42028 ], [ -122.12176, 47.42028 ], [ -122.12176, 47.42048 ], [ -122.12186, 47.42048 ], [ -122.12186, 47.42058 ], [ -122.12206, 47.42058 ], [ -122.12206, 47.42068 ], [ -122.12216, 47.42068 ], [ -122.12216, 47.42078 ], [ -122.12226, 47.42078 ], [ -122.12226, 47.42088 ], [ -122.12236, 47.42088 ], [ -122.12236, 47.42108 ], [ -122.12246, 47.42108 ], [ -122.12246, 47.42138 ], [ -122.12256, 47.42138 ], [ -122.12256, 47.42268 ], [ -122.12246, 47.42268 ], [ -122.12246, 47.42288 ], [ -122.12236, 47.42288 ], [ -122.12236, 47.42298 ], [ -122.12216, 47.42298 ], [ -122.12216, 47.42308 ] ] ] } },
{ "type": "Feature", "properties": { "slick_id": 42, "centroid": [ -121.88532, 47.467311 ], "bounding_box": [ -121.91866, 47.401979999999995, -121.86106000000001, 47.51728 ], "area_km2": 5.2399, "perimeter_m": 41522.36, "orientation": 66.16, "compactness": 0.0382, "confidence": 0.5739 }, "geometry": { "type": "Polygon", "coordinates": [ [ [ -121.86326, 47.51728 ], [ -121.86286, 47.51728 ], [ -121.86286, 47.51718 ], [ -121.86276, 47.51718 ], [ -121.86276, 47.51708 ], [ -121.86266, 47.51708 ], [ -121.86266, 47.51698 ], [ -121.86256, 47.51698 ], [ -121.86256, 47.51688 ], [ -121.86246, 47.51688 ], [ -121.86246, 47.51678 ], [ -121.86226, 47.51678 ], [ -121.86226, 47.51668 ], [ -121.86186, 47.51668 ], [ -121.86186, 47.51678 ], [ -121.86166, 47.51678 ], [ -121.86166, 47.51668 ], [ -121.86146, 47.51668 ], [ -121.86146, 47.51658 ], [ -121.86126, 47.51658 ], [ -121.86126, 47.51638 ], [ -121.86116, 47.51638 ], [ -121.86116, 47.51618 ], [ -121.86106, 47.51618 ], [ -121.86106, 47.51528 ], [ -121.86116, 47.51528 ], [ -121.86116, 47.51518 ], [ -121.86126, 47.51518 ], [ -121.86126, 47.51528 ], [ -121.86146, 47.51528 ], [ -121.86146, 47.51538 ], [ -121.86156, 47.51538 ], [ -121.86156, 47.51528 ], [ -121.86176, 47.51528 ], [ -121.86176, 47.51518 ], [ -121.86186, 47.51518 ], [ -121.86186, 47.51418 ], [ -121.86196, 47.51418 ], [ -121.86196, 47.51398 ], [ -121.86216, 47.51398 ], [ -121.86216, 47.51388 ], [ -121.86236, 47.51388 ], [ -121.86236, 47.51378 ], [ -121.86286, 47.51378 ], [ -121.86286, 47.51368 ], [ -121.86306, 47.51368 ], [ -121.86306, 47.51358 ], [ -121.86316, 47.51358 ], [ -121.86316, 47.51338 ], [ -121.86326, 47.51338 ], [ -121.86326, 47.51328 ], [ -121.86336, 47.51328 ], [ -121.86336, 47.51288 ], [ -121.86326, 47.51288 ], [ -121.86326, 47.51268 ], [ -121.86316, 47.51268 ], [ -121.86316, 47.51198 ], [ -121.86326, 47.51198 ], [ -121.86326, 47.51178 ], [ -121.86336, 47.51178 ], [ -121.86336, 47.51168 ], [ -121.86346, 47.51168 ], [ -121.86346, 47.51158 ], [ -121.86356, 47.51158 ], [ -121.86356, 47.51138 ], [ -121.86366, 47.51138 ], [ -121.86366, 47.51078 ], [ -121.86356, 47.51078 ], [ -121.86356, 47.51008 ], [ -121.86366, 47.51008 ], [ -121.86366, 47.50988 ], [ -121.86376, 47.50988 ], [ -121.86376, 47.50978 ], [ -121.86386, 47.50978 ], [ -121.86386, 47.50958 ], [ -121.86396, 47.50958 ], [ -121.86396, 47.50938 ], [ -121.86406, 47.50938 ], [ -121.86406, 47.50928 ], [ -121.86416, 47.50928 ], [ -121.86416, 47.50918 ], [ -121.86426, 47.50918 ], [ -121.86426, 47.50908 ], [ -121.86436, 47.50908 ], [ -121.86436, 47.50898 ], [ -121.86476, 47.50898 ], [ -121.86476, 47.50888 ], [ -121.86496, 47.50888 ], [ -121.86496, 47.50838 ], [ -121.86506, 47.50838 ], [ -121.86506, 47.50828 ], [ -121.86516, 47.50828 ], [ -121.86516, 47.50818 ], [ -121.86536, 47.50818 ], [ -121.86536, 47.50808 ], [ -121.86546, 47.50808 ], [ -121.86546, 47.50798 ], [ -121.86556, 47.50798 ], [ -121.86556, 47.50788 ], [ -121.86566, 47.50788 ], [ -121.86566, 47.50748 ], [ -121.86556, 47.50748 ], [ -121.86556, 47.50738 ], [ -121.86536, 47.50738 ], [ -121.86536, 47.50728 ], [ -121.86586, 47.50728 ], [ -121.86586, 47.50718 ], [ -121.86656, 47.50718 ], [ -121.86656, 47.50708 ], [ -121.86676, 47.50708 ], [ -121.86676, 47.50678 ], [ -121.86656, 47.50678 ], [ -121.86656, 47.50668 ], [ -121.86636, 47.50668 ], [ -121.86636, 47.50648 ], [ -121.86646, 47.50648 ], [ -121.86646, 47.50638 ], [ -121.86656, 47.50638 ], [ -121.86656, 47.50628 ], [ -121.86676, 47.50628 ], [ -121.86676, 47.50618 ], [ -121.86686, 47.50618 ], [ -121.86686, 47.50608 ], [ -121.86696, 47.50608 ], [ -121.86696, 47.50598 ], [ -121.86706, 47.50598 ], [ -121.86706, 47.50588 ], [ -121.86716, 47.50588 ], [ -121.86716, 47.50578 ], [ -121.86726, 47.50578 ], [ -121.86726, 47.50548 ], [ -121.86736, 47.50548 ], [ -121.86736, 47.50468 ], [ -121.86726, 47.50468 ], [ -121.86726, 47.50428 ], [ -121.86716, 47.50428 ], [ -121.86716, 47.50398 ], [ -121.86706, 47.50398 ], [ -121.86706, 47.50378 ], [ -121.86696, 47.50378 ], [ -121.86696, 47.50278 ], [ -121.86706, 47.50278 ], [ -121.86706, 47.50258 ], [ -121.86716, 47.50258 ], [ -121.86716, 47.50238 ], [ -121.86726, 47.50238 ], [ -121.86726, 47.50218 ], [ -121.86736, 47.50218 ], [ -121.86736, 47.50188 ], [ -121.86746, 47.50188 ], [ -121.86746, 47.49908 ], [ -121.86756, 47.49908 ], [ -121.86756, 47.49888 ], [ -121.86766, 47.49888 ], [ -121.86766, 47.49868 ], [ -121.86776, 47.49868 ], [ -121.86776, 47.49838 ], [ -121.86786, 47.49838 ], [ -121.86786, 47.49818 ], [ -121.86796, 47.49818 ], [ -121.86796, 47.49788 ], [ -121.86806, 47.49788 ], [ -121.86806, 47.49728 ], [ -121.86816, 47.49728 ], [ -121.86816, 47.49668 ], [ -121.86826, 47.49668 ], [ -121.86826, 47.49608 ], [ -121.86836, 47.49608 ], [ -121.86836, 47.49578 ], [ -121.86846, 47.49578 ], [ -121.86846, 47.49538 ], [ -121.86856, 47.49538 ], [ -121.86856, 47.49518 ], [ -121.86866, 47.49518 ], [ -121.86866, 47.49498 ], [ -121.86876, 47.49498 ], [ -121.86876, 47.49478 ], [ -121.86886, 47.49478 ], [ -121.86886, 47.49448 ], [ -121.86896, 47.49448 ], [ -121.86896, 47.49438 ], [ -121.86906, 47.49438 ], [ -121.86906, 47.49418 ], [ -121.86916, 47.49418 ], [ -121.86916, 47.49408 ], [ -121.86926, 47.49408 ], [ -121.86926, 47.49398 ], [ -121.86936, 47.49398 ], [ -121.86936, 47.49378 ], [ -121.86946, 47.49378 ], [ -121.86946, 47.49368 ], [ -121.86956, 47.49368 ], [ -121.86956, 47.49348 ], [ -121.86966, 47.49348 ], [ -121.86966, 47.49328 ], [ -121.86976, 47.49328 ], [ -121.86976, 47.49318 ], [ -121.86986, 47.49318 ], [ -121.86986, 47.49298 ], [ -121.86996, 47.49298 ], [ -121.86996, 47.49288 ], [ -121.87006, 47.49288 ], [ -121.87006, 47.49268 ], [ -121.87016, 47.49268 ], [ -121.87016, 47.49258 ], [ -121.87026, 47.49258 ], [ -121.87026, 47.49228 ], [ -121.87036, 47.49228 ], [ -121.87036, 47.49208 ], [ -121.87046, 47.49208 ], [ -121.87046, 47.49198 ], [ -121.87056, 47.49198 ], [ -121.87056, 47.49188 ], [ -121.87066, 47.49188 ], [ -121.87066, 47.49168 ], [ -121.87076, 47.49168 ], [ -121.87076, 47.49148 ], [ -121.87086, 47.49148 ], [ -121.87086, 47.49128 ], [ -121.87096, 47.49128 ], [ -121.87096, 47.49118 ], [ -121.87106, 47.49118 ], [ -121.87106, 47.49108 ], [ -121.87116, 47.49108 ], [ -121.87116, 47.49098 ], [ -121.87126, 47.49098 ], [ -121.87126, 47.49088 ], [ -121.87136, 47.49088 ], [ -121.87136, 47.49068 ], [ -121.87146, 47.49068 ], [ -121.87146, 47.49058 ], [ -121.87156, 47.49058 ], [ -121.87156, 47.49048 ], [ -121.87166, 47.49048 ], [ -121.87166, 47.49038 ], [ -121.87176, 47.49038 ], [ -121.87176, 47.49028 ], [ -121.87186, 47.49028 ], [ -121.87186, 47.49018 ], [ -121.87196, 47.49018 ], [ -121.87196, 47.49008 ], [ -121.87206, 47.49008 ], [ -121.87206, 47.48998 ], [ -121.87216, 47.48998 ], [ -121.87216, 47.48988 ], [ -121.87226, 47.48988 ], [ -121.87226, 47.48978 ], [ -121.87236, 47.48978 ], [ -121.87236, 47.48968 ], [ -121.87246, 47.48968 ], [ -121.87246, 47.48958 ], [ -121.87266, 47.48958 ], [ -121.87266, 47.48948 ], [ -121.87276, 47.48948 ], [ -121.87276, 47.48938 ], [ -121.87296, 47.48938 ], [ -121.87296, 47.48928 ], [ -121.87306, 47.48928 ], [ -121.87306, 47.48918 ], [ -121.87326, 47.48918 ], [ -121.87326, 47.48908 ], [ -121.87336, 47.48908 ], [ -121.87336, 47.48898 ], [ -121.87346, 47.48898 ], [ -121.87346, 47.48888 ], [ -121.87356, 47.48888 ], [ -121.87356, 47.48868 ], [ -121.87366, 47.48868 ], [ -121.87366, 47.48818 ], [ -121.87376, 47.48818 ], [ -121.87376, 47.48718 ], [ -121.87386, 47.48718 ], [ -121.87386, 47.48688 ], [ -121.87396, 47.48688 ], [ -121.87396, 47.48678 ], [ -121.87406, 47.48678 ], [ -121.87406, 47.48668 ], [ -121.87426, 47.48668 ], [ -121.87426, 47.48658 ], [ -121.87436, 47.48658 ], [ -121.87436, 47.48648 ], [ -121.87446, 47.48648 ], [ -121.87446, 47.48628 ], [ -121.87456, 47.48628 ], [ -121.87456, 47.48598 ], [ -121.87466, 47.48598 ], [ -121.87466, 47.48558 ], [ -121.87476, 47.48558 ], [ -121.87476, 47.48488 ], [ -121.87486, 47.48488 ], [ -121.87486, 47.48458 ], [ -121.87496, 47.48458 ], [ -121.87496, 47.48408 ], [ -121.87506, 47.48408 ], [ -121.87506, 47.48378 ], [ -121.87516, 47.48378 ], [ -121.87516, 47.48348 ], [ -121.87526, 47.48348 ], [ -121.87526, 47.48328 ], [ -121.87536, 47.48328 ], [ -121.87536, 47.48298 ], [ -121.87546, 47.48298 ], [ -121.87546, 47.48288 ], [ -121.87556, 47.48288 ], [ -121.87556, 47.48278 ], [ -121.87566, 47.48278 ], [ -121.87566, 47.48268 ], [ -121.87576, 47.48268 ], [ -121.87576, 47.48258 ], [ -121.87596, 47.48258 ], [ -121.87596, 47.48248 ], [ -121.87606, 47.48248 ], [ -121.87606, 47.48208 ], [ -121.87596, 47.48208 ], [ -121.87596, 47.48198 ], [ -121.87586, 47.48198 ], [ -121.87586, 47.48188 ], [ -121.87576, 47.48188 ], [ -121.87576, 47.48178 ], [ -121.87566, 47.48178 ], [ -121.87566, 47.48168 ], [ -121.87556, 47.48168 ], [ -121.87556, 47.48138 ], [ -121.87546, 47.48138 ], [ -121.87546, 47.48118 ], [ -121.87556, 47.48118 ], [ -121.87556, 47.48088 ], [ -121.87566, 47.48088 ], [ -121.87566, 47.48078 ], [ -121.87606, 47.48078 ], [ -121.87606, 47.48068 ], [ -121.87626, 47.48068 ], [ -121.87626, 47.48058 ], [ -121.87636, 47.48058 ], [ -121.87636, 47.48048 ], [ -121.87646, 47.48048 ], [ -121.87646, 47.48028 ], [ -121.87656, 47.48028 ], [ -121.87656, 47.48008 ], [ -121.87666, 47.48008 ], [ -121.87666, 47.47968 ], [ -121.87676, 47.47968 ], [ -121.87676, 47.47918 ], [ -121.87686, 47.47918 ], [ -121.87686, 47.47798 ], [ -121.87696, 47.47798 ], [ -121.87696, 47.47708 ], [ -121.87706, 47.47708 ], [ -121.87706, 47.47568 ], [ -121.87716, 47.47568 ], [ -121.87716, 47.47538 ], [ -121.87726, 47.47538 ], [ -121.87726, 47.47518 ], [ -121.87736, 47.47518 ], [ -121.87736, 47.47498 ], [ -121.87746, 47.47498 ], [ -121.87746, 47.47448 ], [ -121.87756, 47.47448 ], [ -121.87756, 47.47308 ], [ -121.87766, 47.47308 ], [ -121.87766, 47.47208 ], [ -121.87776, 47.47208 ], [ -121.87776, 47.47178 ], [ -121.87786, 47.47178 ], [ -121.87786, 47.47158 ], [ -121.87796, 47.47158 ], [ -121.87796, 47.47138 ], [ -121.87806, 47.47138 ], [ -121.87806, 47.47108 ], [ -121.87816, 47.47108 ], [ -121.87816, 47.46978 ], [ -121.87826, 47.46978 ], [ -121.87826, 47.46948 ], [ -121.87836, 47.46948 ], [ -121.87836, 47.46938 ], [ -121.87846, 47.46938 ], [ -121.87846, 47.46918 ], [ -121.87856, 47.46918 ], [ -121.87856, 47.46908 ], [ -121.87866, 47.46908 ], [ -121.87866, 47.46898 ], [ -121.87876, 47.46898 ], [ -121.87876, 47.46888 ], [ -121.87886, 47.46888 ], [ -121.87886, 47.46878 ], [ -121.87906, 47.46878 ], [ -121.87906, 47.46868 ], [ -121.87946, 47.46868 ], [ -121.87946, 47.46858 ], [ -121.87976, 47.46858 ], [ -121.87976, 47.46848 ], [ -121.87996, 47.46848 ], [ -121.87996, 47.46838 ], [ -121.88006, 47.46838 ], [ -121.88006, 47.46828 ], [ -121.88016, 47.46828 ], [ -121.88016, 47.46808 ], [ -121.88026, 47.46808 ], [ -121.88026, 47.46798 ], [ -121.88036, 47.46798 ], [ -121.88036, 47.46778 ], [ -121.88046, 47.46778 ], [ -121.88046, 47.46758 ], [ -121.88056, 47.46758 ], [ -121.88056, 47.46738 ], [ -121.88066, 47.46738 ], [ -121.88066, 47.46708 ], [ -121.88076, 47.46708 ], [ -121.88076, 47.46668 ], [ -121.88086, 47.46668 ], [ -121.88086, 47.46618 ], [ -121.88096, 47.46618 ], [ -121.88096, 47.46558 ], [ -121.88106, 47.46558 ], [ -121.88106, 47.46538 ], [ -121.88116, 47.46538 ], [ -121.88116, 47.46518 ], [ -121.88126, 47.46518 ], [ -121.88126, 47.46498 ], [ -121.88136, 47.46498 ], [ -121.88136, 47.46468 ], [ -121.88146, 47.46468 ], [ -121.88146, 47.46438 ], [ -121.88156, 47.46438 ], [ -121.88156, 47.46398 ], [ -121.88166, 47.46398 ], [ -121.88166, 47.46348 ], [ -121.88176, 47.46348 ], [ -121.88176, 47.46328 ], [ -121.88186, 47.46328 ], [ -121.88186, 47.46308 ], [ -121.88196, 47.46308 ], [ -121.88196, 47.46288 ], [ -121.88256, 47.46288 ], [ -121.88256, 47.46298 ], [ -121.88276, 47.46298 ], [ -121.88276, 47.46308 ], [ -121.88286, 47.46308 ], [ -121.88286, 47.46298 ], [ -121.88306, 47.46298 ], [ -121.88306, 47.46288 ], [ -121.88316, 47.46288 ], [ -121.88316, 47.46278 ], [ -121.88326, 47.46278 ], [ -121.88326, 47.46258 ], [ -121.88336, 47.46258 ], [ -121.88336, 47.46238 ], [ -121.88346, 47.46238 ], [ -121.88346, 47.46218 ], [ -121.88356, 47.46218 ], [ -121.88356, 47.46198 ], [ -121.88366, 47.46198 ], [ -121.88366, 47.46178 ], [ -121.88376, 47.46178 ], [ -121.88376, 47.46158 ], [ -121.88386, 47.46158 ], [ -121.88386, 47.46138 ], [ -121.88396, 47.46138 ], [ -121.88396, 47.46118 ], [ -121.88406, 47.46118 ], [ -121.88406, 47.46088 ], [ -121.88416, 47.46088 ], [ -121.88416, 47.46058 ], [ -121.88426, 47.46058 ], [ -121.88426, 47.45948 ], [ -121.88436, 47.45948 ], [ -121.88436, 47.45808 ], [ -121.88446, 47.45808 ], [ -121.88446, 47.45788 ], [ -121.88456, 47.45788 ], [ -121.88456, 47.45748 ], [ -121.88466, 47.45748 ], [ -121.88466, 47.45648 ], [ -121.88476, 47.45648 ], [ -121.88476, 47.45628 ], [ -121.88486, 47.45628 ], [ -121.88486, 47.45608 ], [ -121.88496, 47.45608 ], [ -121.88496, 47.45598 ], [ -121.88506, 47.45598 ], [ -121.88506, 47.45588 ], [ -121.88516, 47.45588 ], [ -121.88516, 47.45578 ], [ -121.88526, 47.45578 ], [ -121.88526, 47.45568 ], [ -121.88536, 47.45568 ], [ -121.88536, 47.45548 ], [ -121.88716, 47.45548 ], [ -121.88716, 47.45538 ], [ -121.88736, 47.45538 ], [ -121.88736, 47.45488 ], [ -121.88746, 47.45488 ], [ -121.88746, 47.45458 ], [ -121.88756, 47.45458 ], [ -121.88756, 47.45428 ], [ -121.88766, 47.45428 ], [ -121.88766, 47.45388 ], [ -121.88776, 47.45388 ], [ -121.88776, 47.45348 ], [ -121.88786, 47.45348 ], [ -121.88786, 47.45328 ], [ -121.88796, 47.45328 ], [ -121.88796, 47.45288 ], [ -121.88806, 47.45288 ], [ -121.88806, 47.45268 ], [ -121.88816, 47.45268 ], [ -121.88816, 47.45258 ], [ -121.88826, 47.45258 ], [ -121.88826, 47.45168 ], [ -121.88836, 47.45168 ], [ -121.88836, 47.45158 ], [ -121.88846, 47.45158 ], [ -121.88846, 47.45148 ], [ -121.88856, 47.45148 ], [ -121.88856, 47.45138 ], [ -121.88866, 47.45138 ], [ -121.88866, 47.45128 ], [ -121.88876, 47.45128 ], [ -121.88876, 47.45118 ], [ -121.88886, 47.45118 ], [ -121.88886, 47.45108 ], [ -121.88896, 47.45108 ], [ -121.88896, 47.45088 ], [ -121.88906, 47.45088 ], [ -121.88906, 47.45068 ], [ -121.88916, 47.45068 ], [ -121.88916, 47.45048 ], [ -121.88926, 47.45048 ], [ -121.88926, 47.45028 ], [ -121.88936, 47.45028 ], [ -121.88936, 47.45008 ], [ -121.88946, 47.45008 ], [ -121.88946, 47.44998 ], [ -121.88956, 47.44998 ], [ -121.88956, 47.44988 ], [ -121.88966, 47.44988 ], [ -121.88966, 47.44978 ], [ -121.88976, 47.44978 ], [ -121.88976, 47.44958 ], [ -121.88986, 47.44958 ], [ -121.88986, 47.44928 ], [ -121.88996, 47.44928 ], [ -121.88996, 47.44798 ], [ -121.89006, 47.44798 ], [ -121.89006, 47.44778 ], [ -121.89016, 47.44778 ], [ -121.89016, 47.44768 ], [ -121.89026, 47.44768 ], [ -121.89026, 47.44758 ], [ -121.89036, 47.44758 ], [ -121.89036, 47.44748 ], [ -121.89046, 47.44748 ], [ -121.89046, 47.44738 ], [ -121.89056, 47.44738 ], [ -121.89056, 47.44718 ], [ -121.89066, 47.44718 ], [ -121.89066, 47.44698 ], [ -121.89076, 47.44698 ], [ -121.89076, 47.44678 ], [ -121.89086, 47.44678 ], [ -121.89086, 47.44658 ], [ -121.89096, 47.44658 ], [ -121.89096, 47.44648 ], [ -121.89106, 47.44648 ], [ -121.89106, 47.44638 ], [ -121.89116, 47.44638 ], [ -121.89116, 47.44628 ], [ -121.89126, 47.44628 ], [ -121.89126, 47.44618 ], [ -121.89146, 47.44618 ], [ -121.89146, 47.44608 ], [ -121.89156, 47.44608 ], [ -121.89156, 47.44598 ], [ -121.89166, 47.44598 ], [ -121.89166, 47.44578 ], [ -121.89176, 47.44578 ], [ -121.89176, 47.44568 ], [ -121.89196, 47.44568 ], [ -121.89196, 47.44558 ], [ -121.89296, 47.44558 ], [ -121.89296, 47.44548 ], [ -121.89316, 47.44548 ], [ -121.89316, 47.44498 ], [ -121.89306, 47.44498 ], [ -121.89306, 47.44448 ], [ -121.89316, 47.44448 ], [ -121.89316, 47.44438 ], [ -121.89326, 47.44438 ], [ -121.89326, 47.44428 ], [ -121.89336, 47.44428 ], [ -121.89336, 47.44418 ], [ -121.89346, 47.44418 ], [ -121.89346, 47.44388 ], [ -121.89356, 47.44388 ], [ -121.89356, 47.44348 ], [ -121.89366, 47.44348 ], [ -121.89366, 47.44318 ], [ -121.89376, 47.44318 ], [ -121.89376, 47.44298 ], [ -121.89386, 47.44298 ], [ -121.89386, 47.44288 ], [ -121.89406, 47.44288 ], [ -121.89406, 47.44278 ], [ -121.89416, 47.44278 ], [ -121.89416, 47.44268 ], [ -121.89436, 47.44268 ], [ -121.89436, 47.44258 ], [ -121.89446, 47.44258 ], [ -121.89446, 47.44248 ], [ -121.89456, 47.44248 ], [ -121.89456, 47.44238 ], [ -121.89466, 47.44238 ], [ -121.89466, 47.44228 ], [ -121.89476, 47.44228 ], [ -121.89476, 47.44208 ], [ -121.89496, 47.44208 ], [ -121.89496, 47.44198 ], [ -121.89516, 47.44198 ], [ -121.89516, 47.44188 ], [ -121.89536, 47.44188 ], [ -121.89536, 47.44198 ], [ -121.89586, 47.44198 ], [ -121.89586, 47.44208 ], [ -121.89596, 47.44208 ], [ -121.89596, 47.44198 ], [ -121.89616, 47.44198 ], [ -121.89616, 47.44188 ], [ -121.89626, 47.44188 ], [ -121.89626, 47.44178 ], [ -121.89646, 47.44178 ], [ -121.89646, 47.44148 ], [ -121.89636, 47.44148 ], [ -121.89636, 47.44088 ], [ -121.89626, 47.44088 ], [ -121.89626, 47.43968 ], [ -121.89636, 47.43968 ], [ -121.89636, 47.43908 ], [ -121.89646, 47.43908 ], [ -121.89646, 47.43868 ], [ -121.89656, 47.43868 ], [ -121.89656, 47.43808 ], [ -121.89666, 47.43808 ], [ -121.89666, 47.43768 ], [ -121.89676, 47.43768 ], [ -121.89676, 47.43758 ], [ -121.89686, 47.43758 ], [ -121.89686, 47.43748 ], [ -121.89696, 47.43748 ], [ -121.89696, 47.43738 ], [ -121.89706, 47.43738 ], [ -121.89706, 47.43728 ], [ -121.89716, 47.43728 ], [ -121.89716, 47.43718 ], [ -121.89726, 47.43718 ], [ -121.89726, 47.43698 ], [ -121.89736, 47.43698 ], [ -121.89736, 47.43688 ], [ -121.89746, 47.43688 ], [ -121.89746, 47.43678 ], [ -121.89766, 47.43678 ], [ -121.89766, 47.43668 ], [ -121.89776, 47.43668 ], [ -121.89776, 47.43658 ], [ -121.89786, 47.43658 ], [ -121.89786, 47.43648 ], [ -121.89806, 47.43648 ], [ -121.89806, 47.43638 ], [ -121.89846, 47.43638 ], [ -121.89846, 47.43628 ], [ -121.89866, 47.43628 ], [ -121.89866, 47.43618 ], [ -121.89886, 47.43618 ], [ -121.89886, 47.43608 ], [ -121.89906, 47.43608 ], [ -121.89906, 47.43588 ], [ -121.89916, 47.43588 ], [ -121.89916, 47.43578 ], [ -121.89926, 47.43578 ], [ -121.89926, 47.43568 ], [ -121.89936, 47.43568 ], [ -121.89936, 47.43558 ], [ -121.89946, 47.43558 ], [ -121.89946, 47.43548 ], [ -121.89956, 47.43548 ], [ -121.89956, 47.43538 ], [ -121.89966, 47.43538 ], [ -121.89966, 47.43528 ], [ -121.89976, 47.43528 ], [ -121.89976, 47.43508 ], [ -121.89986, 47.43508 ], [ -121.89986, 47.43468 ], [ -121.89996, 47.43468 ], [ -121.89996, 47.43408 ], [ -121.90006, 47.43408 ], [ -121.90006, 47.43388 ], [ -121.90016, 47.43388 ], [ -121.90016, 47.43358 ], [ -121.90026, 47.43358 ], [ -121.90026, 47.43338 ], [ -121.90036, 47.43338 ], [ -121.90036, 47.43308 ], [ -121.90046, 47.43308 ], [ -121.90046, 47.43288 ], [ -121.90056, 47.43288 ], [ -121.90056, 47.43278 ], [ -121.90066, 47.43278 ], [ -121.90066, 47.43258 ], [ -121.90076, 47.43258 ], [ -121.90076, 47.43238 ], [ -121.90086, 47.43238 ], [ -121.90086, 47.43218 ], [ -121.90096, 47.43218 ], [ -121.90096, 47.43208 ], [ -121.90106, 47.43208 ], [ -121.90106, 47.43198 ], [ -121.90116, 47.43198 ], [ -121.90116, 47.43188 ], [ -121.90126, 47.43188 ], [ -121.90126, 47.43178 ], [ -121.90136, 47.43178 ], [ -121.90136, 47.43168 ], [ -121.90176, 47.43168 ], [ -121.90176, 47.43158 ], [ -121.90206, 47.43158 ], [ -121.90206, 47.43148 ], [ -121.90226, 47.43148 ], [ -121.90226, 47.43128 ], [ -121.90236, 47.43128 ], [ -121.90236, 47.43108 ], [ -121.90246, 47.43108 ], [ -121.90246, 47.43078 ], [ -121.90226, 47.43078 ], [ -121.90226, 47.43068 ], [ -121.90216, 47.43068 ], [ -121.90216, 47.43058 ], [ -121.90206, 47.43058 ], [ -121.90206, 47.43048 ], [ -121.90226, 47.43048 ], [ -121.90226, 47.43038 ], [ -121.90296, 47.43038 ], [ -121.90296, 47.43028 ], [ -121.90316, 47.43028 ], [ -121.90316, 47.43018 ], [ -121.90326, 47.43018 ], [ -121.90326, 47.42988 ], [ -121.90306, 47.42988 ], [ -121.90306, 47.42968 ], [ -121.90316, 47.42968 ], [ -121.90316, 47.42948 ], [ -121.90326, 47.42948 ], [ -121.90326, 47.42928 ], [ -121.90336, 47.42928 ], [ -121.90336, 47.42768 ], [ -121.90346, 47.42768 ], [ -121.90346, 47.42748 ], [ -121.90356, 47.42748 ], [ -121.90356, 47.42738 ], [ -121.90366, 47.42738 ], [ -121.90366, 47.42728 ], [ -121.90376, 47.42728 ], [ -121.90376, 47.42718 ], [ -121.90406, 47.42718 ], [ -121.90406, 47.42708 ], [ -121.90426, 47.42708 ], [ -121.90426, 47.42698 ], [ -121.90436, 47.42698 ], [ -121.90436, 47.42688 ], [ -121.90516, 47.42688 ], [ -121.90516, 47.42698 ], [ -121.90546, 47.42698 ], [ -121.90546, 47.42708 ], [ -121.90566, 47.42708 ], [ -121.90566, 47.42718 ], [ -121.90576, 47.42718 ], [ -121.90576, 47.42708 ], [ -121.90596, 47.42708 ], [ -121.90596, 47.42698 ], [ -121.90606, 47.42698 ], [ -121.90606, 47.42668 ], [ -121.90616, 47.42668 ], [ -121.90616, 47.42658 ], [ -121.90626, 47.42658 ], [ -121.90626, 47.42648 ], [ -121.90646, 47.42648 ], [ -121.90646, 47.42618 ], [ -121.90656, 47.42618 ], [ -121.90656, 47.42498 ], [ -121.90646, 47.42498 ], [ -121.90646, 47.42438 ], [ -121.90666, 47.42438 ], [ -121.90666, 47.42428 ], [ -121.90686, 47.42428 ], [ -121.90686, 47.42328 ], [ -121.90676, 47.42328 ], [ -121.90676, 47.42318 ], [ -121.90686, 47.42318 ], [ -121.90686, 47.42238 ], [ -121.90696, 47.42238 ], [ -121.90696, 47.42208 ], [ -121.90706, 47.42208 ], [ -121.90706, 47.42178 ], [ -121.90716, 47.42178 ], [ -121.90716, 47.42148 ], [ -121.90726, 47.42148 ], [ -121.90726, 47.42128 ], [ -121.90736, 47.42128 ], [ -121.90736, 47.42118 ], [ -121.90746, 47.42118 ], [ -121.90746, 47.42108 ], [ -121.90756, 47.42108 ], [ -121.90756, 47.42098 ], [ -121.90776, 47.42098 ], [ -121.90776, 47.42088 ], [ -121.90806, 47.42088 ], [ -121.90806, 47.42078 ], [ -121.90826, 47.42078 ], [ -121.90826, 47.42068 ], [ -121.90846, 47.42068 ], [ -121.90846, 47.42058 ], [ -121.90856, 47.42058 ], [ -121.90856, 47.42068 ], [ -121.90876, 47.42068 ], [ -121.90876, 47.42058 ], [ -121.90896, 47.42058 ], [ -121.90896, 47.42038 ], [ -121.90906, 47.42038 ], [ -121.90906, 47.42028 ], [ -121.90926, 47.42028 ], [ -121.90926, 47.42018 ], [ -121.90936, 47.42018 ], [ -121.90936, 47.41998 ], [ -121.90946, 47.41998 ], [ -121.90946, 47.41978 ], [ -121.90956, 47.41978 ], [ -121.90956, 47.41968 ], [ -121.90966, 47.41968 ], [ -121.90966, 47.41938 ], [ -121.90976, 47.41938 ], [ -121.90976, 47.41788 ], [ -121.90986, 47.41788 ], [ -121.90986, 47.41758 ], [ -121.90976, 47.41758 ], [ -121.90976, 47.41728 ], [ -121.90966, 47.41728 ], [ -121.90966, 47.41698 ], [ -121.90956, 47.41698 ], [ -121.90956, 47.41678 ], [ -121.90966, 47.41678 ], [ -121.90966, 47.41648 ], [ -121.90976, 47.41648 ], [ -121.90976, 47.41628 ], [ -121.90986, 47.41628 ], [ -121.90986, 47.41618 ], [ -121.90996, 47.41618 ], [ -121.90996, 47.41608 ], [ -121.91006, 47.41608 ], [ -121.91006, 47.41588 ], [ -121.91016, 47.41588 ], [ -121.91016, 47.41478 ], [ -121.91026, 47.41478 ], [ -121.91026, 47.41448 ], [ -121.91036, 47.41448 ], [ -121.91036, 47.41438 ], [ -121.91046, 47.41438 ], [ -121.91046, 47.41418 ], [ -121.91056, 47.41418 ], [ -121.91056, 47.41408 ], [ -121.91066, 47.41408 ], [ -121.91066, 47.41398 ], [ -121.91086, 47.41398 ], [ -121.91086, 47.41388 ], [ -121.91096, 47.41388 ], [ -121.91096, 47.41378 ], [ -121.91116, 47.41378 ], [ -121.91116, 47.41368 ], [ -121.91126, 47.41368 ], [ -121.91126, 47.41358 ], [ -121.91136, 47.41358 ], [ -121.91136, 47.41348 ], [ -121.91146, 47.41348 ], [ -121.91146, 47.41338 ], [ -121.91156, 47.41338 ], [ -121.91156, 47.41328 ], [ -121.91176, 47.41328 ], [ -121.91176, 47.41318 ], [ -121.91186, 47.41318 ], [ -121.91186, 47.41308 ], [ -121.91196, 47.41308 ], [ -121.91196, 47.41298 ], [ -121.91206, 47.41298 ], [ -121.91206, 47.41288 ], [ -121.91216, 47.41288 ], [ -121.91216, 47.41278 ], [ -121.91236, 47.41278 ], [ -121.91236, 47.41268 ], [ -121.91246, 47.41268 ], [ -121.91246, 47.41248 ], [ -121.91256, 47.41248 ], [ -121.91256, 47.41228 ], [ -121.91266, 47.41228 ], [ -121.91266, 47.41208 ], [ -121.91276, 47.41208 ], [ -121.91276, 47.41178 ], [ -121.91286, 47.41178 ], [ -121.91286, 47.41138 ], [ -121.91296, 47.41138 ], [ -121.91296, 47.41118 ], [ -121.91306, 47.41118 ], [ -121.91306, 47.41108 ], [ -121.91316, 47.41108 ], [ -121.91316, 47.41088 ], [ -121.91326, 47.41088 ], [ -121.91326, 47.41048 ], [ -121.91336, 47.41048 ], [ -121.91336, 47.40938 ], [ -121.91346, 47.40938 ], [ -121.91346, 47.40908 ], [ -121.91356, 47.40908 ], [ -121.91356, 47.40878 ], [ -121.91366, 47.40878 ], [ -121.91366, 47.40858 ], [ -121.91376, 47.40858 ], [ -121.91376, 47.40838 ], [ -121.91386, 47.40838 ], [ -121.91386, 47.40828 ], [ -121.91436, 47.40828 ], [ -121.91436, 47.40838 ], [ -121.91456, 47.40838 ], [ -121.91456, 47.40858 ], [ -121.91476, 47.40858 ], [ -121.91476, 47.40868 ], [ -121.91486, 47.40868 ], [ -121.91486, 47.40858 ], [ -121.91506, 47.40858 ], [ -121.91506, 47.40848 ], [ -121.91516, 47.40848 ], [ -121.91516, 47.40838 ], [ -121.91536, 47.40838 ], [ -121.91536, 47.40818 ], [ -121.91546, 47.40818 ], [ -121.91546, 47.40788 ], [ -121.91556, 47.40788 ], [ -121.91556, 47.40758 ], [ -121.91566, 47.40758 ], [ -121.91566, 47.40728 ], [ -121.91576, 47.40728 ], [ -121.91576, 47.40678 ], [ -121.91586, 47.40678 ], [ -121.91586, 47.40648 ], [ -121.91596, 47.40648 ], [ -121.91596, 47.40638 ], [ -121.91606, 47.40638 ], [ -121.91606, 47.40618 ], [ -121.91616, 47.40618 ], [ -121.91616, 47.40598 ], [ -121.91626, 47.40598 ], [ -121.91626, 47.40578 ], [ -121.91636, 47.40578 ], [ -121.91636, 47.40568 ], [ -121.91646, 47.40568 ], [ -121.91646, 47.40538 ], [ -121.91656, 47.40538 ], [ -121.91656, 47.40508 ], [ -121.91666, 47.40508 ], [ -121.91666, 47.40498 ], [ -121.91676, 47.40498 ], [ -121.91676, 47.40478 ], [ -121.91686, 47.40478 ], [ -121.91686, 47.40448 ], [ -121.91696, 47.40448 ], [ -121.91696, 47.40418 ], [ -121.91706, 47.40418 ], [ -121.91706, 47.40388 ], [ -121.91716, 47.40388 ], [ -121.91716, 47.40368 ], [ -121.91726, 47.40368 ], [ -121.91726, 47.40358 ], [ -121.91736, 47.40358 ], [ -121.91736, 47.40348 ], [ -121.91746, 47.40348 ], [ -121.91746, 47.40338 ], [ -121.91766, 47.40338 ], [ -121.91766, 47.40328 ], [ -121.91786, 47.40328 ], [ -121.91786, 47.40318 ], [ -121.91796, 47.40318 ], [ -121.91796, 47.40308 ], [ -121.91816, 47.40308 ], [ -121.91816, 47.40298 ], [ -121.91826, 47.40298 ], [ -121.91826, 47.40278 ], [ -121.91836, 47.40278 ], [ -121.91836, 47.40238 ], [ -121.91846, 47.40238 ], [ -121.91846, 47.40218 ], [ -121.91856, 47.40218 ], [ -121.91856, 47.40198 ], [ -121.91866, 47.40198 ], [ -121.91866, 47.40298 ], [ -121.91856, 47.40298 ], [ -121.91856, 47.40368 ], [ -121.91846, 47.40368 ], [ -121.91846, 47.40398 ], [ -121.91836, 47.40398 ], [ -121.91836, 47.40448 ], [ -121.91826, 47.40448 ], [ -121.91826, 47.40478 ], [ -121.91816, 47.40478 ], [ -121.91816, 47.40508 ], [ -121.91806, 47.40508 ], [ -121.91806, 47.40538 ], [ -121.91796, 47.40538 ], [ -121.91796, 47.40578 ], [ -121.91786, 47.40578 ], [ -121.91786, 47.40608 ], [ -121.91776, 47.40608 ], [ -121.91776, 47.40628 ], [ -121.91766, 47.40628 ], [ -121.91766, 47.40658 ], [ -121.91756, 47.40658 ], [ -121.91756, 47.40678 ], [ -121.91746, 47.40678 ], [ -121.91746, 47.40698 ], [ -121.91736, 47.40698 ], [ -121.91736, 47.40718 ], [ -121.91716, 47.40718 ], [ -121.91716, 47.40728 ], [ -121.91696, 47.40728 ], [ -121.91696, 47.40738 ], [ -121.91686, 47.40738 ], [ -121.91686, 47.40748 ], [ -121.91676, 47.40748 ], [ -121.91676, 47.40758 ], [ -121.91666, 47.40758 ], [ -121.91666, 47.40768 ], [ -121.91656, 47.40768 ], [ -121.91656, 47.40778 ], [ -121.91646, 47.40778 ], [ -121.91646, 47.40798 ], [ -121.91636, 47.40798 ], [ -121.91636, 47.40808 ], [ -121.91626, 47.40808 ], [ -121.91626, 47.40828 ], [ -121.91616, 47.40828 ], [ -121.91616, 47.40848 ], [ -121.91606, 47.40848 ], [ -121.91606, 47.40858 ], [ -121.91596, 47.40858 ], [ -121.91596, 47.40878 ], [ -121.91586, 47.40878 ], [ -121.91586, 47.40918 ], [ -121.91576, 47.40918 ], [ -121.91576, 47.40948 ], [ -121.91566, 47.40948 ], [ -121.91566, 47.40978 ], [ -121.91556, 47.40978 ], [ -121.91556, 47.41018 ], [ -121.91546, 47.41018 ], [ -121.91546, 47.41068 ], [ -121.91536, 47.41068 ], [ -121.91536, 47.41098 ], [ -121.91526, 47.41098 ], [ -121.91526, 47.41118 ], [ -121.91516, 47.41118 ], [ -121.91516, 47.41168 ], [ -121.91506, 47.41168 ], [ -121.91506, 47.41248 ], [ -121.91496, 47.41248 ], [ -121.91496, 47.41278 ], [ -121.91486, 47.41278 ], [ -121.91486, 47.41318 ], [ -121.91476, 47.41318 ], [ -121.91476, 47.41348 ], [ -121.91466, 47.41348 ], [ -121.91466, 47.41378 ], [ -121.91456, 47.41378 ], [ -121.91456, 47.41398 ], [ -121.91446, 47.41398 ], [ -121.91446, 47.41418 ], [ -121.91436, 47.41418 ], [ -121.91436, 47.41438 ], [ -121.91426, 47.41438 ], [ -121.91426, 47.41458 ], [ -121.91416, 47.41458 ], [ -121.91416, 47.41468 ], [ -121.91406, 47.41468 ], [ -121.91406, 47.41478 ], [ -121.91396, 47.41478 ], [ -121.91396, 47.41488 ], [ -121.91386, 47.41488 ], [ -121.91386, 47.41498 ], [ -121.91376, 47.41498 ], [ -121.91376, 47.41508 ], [ -121.91366, 47.41508 ], [ -121.91366, 47.41518 ], [ -121.91356, 47.41518 ], [ -121.91356, 47.41528 ], [ -121.91346, 47.41528 ], [ -121.91346, 47.41538 ], [ -121.91336, 47.41538 ], [ -121.91336, 47.41548 ], [ -121.91326, 47.41548 ], [ -121.91326, 47.41558 ], [ -121.91316, 47.41558 ], [ -121.91316, 47.41578 ], [ -121.91306, 47.41578 ], [ -121.91306, 47.41598 ], [ -121.91296, 47.41598 ], [ -121.91296, 47.41608 ], [ -121.91286, 47.41608 ], [ -121.91286, 47.41638 ], [ -121.91276, 47.41638 ], [ -121.91276, 47.41658 ], [ -121.91266, 47.41658 ], [ -121.91266, 47.41688 ], [ -121.91256, 47.41688 ], [ -121.91256, 47.41718 ], [ -121.91246, 47.41718 ], [ -121.91246, 47.41758 ], [ -121.91236, 47.41758 ], [ -121.91236, 47.41798 ], [ -121.91226, 47.41798 ], [ -121.91226, 47.41828 ], [ -121.91216, 47.41828 ], [ -121.91216, 47.41868 ], [ -121.91206, 47.41868 ], [ -121.91206, 47.41918 ], [ -121.91196, 47.41918 ], [ -121.91196, 47.41948 ], [ -121.91186, 47.41948 ], [ -121.91186, 47.41958 ], [ -121.91176, 47.41958 ], [ -121.91176, 47.41978 ], [ -121.91166, 47.41978 ], [ -121.91166, 47.41988 ], [ -121.91156, 47.41988 ], [ -121.91156, 47.41998 ], [ -121.91146, 47.41998 ], [ -121.91146, 47.42008 ], [ -121.91136, 47.42008 ], [ -121.91136, 47.42018 ], [ -121.91126, 47.42018 ], [ -121.91126, 47.42028 ], [ -121.91116, 47.42028 ], [ -121.91116, 47.42038 ], [ -121.91096, 47.42038 ], [ -121.91096, 47.42058 ], [ -121.91086, 47.42058 ], [ -121.91086, 47.42068 ], [ -121.91076, 47.42068 ], [ -121.91076, 47.42078 ], [ -121.91066, 47.42078 ], [ -121.91066, 47.42088 ], [ -121.91056, 47.42088 ], [ -121.91056, 47.42098 ], [ -121.91046, 47.42098 ], [ -121.91046, 47.42108 ], [ -121.91036, 47.42108 ], [ -121.91036, 47.42118 ], [ -121.91026, 47.42118 ], [ -121.91026, 47.42128 ], [ -121.91016, 47.42128 ], [ -121.91016, 47.42138 ], [ -121.91006, 47.42138 ], [ -121.91006, 47.42148 ], [ -121.90996, 47.42148 ], [ -121.90996, 47.42158 ], [ -121.90986, 47.42158 ], [ -121.90986, 47.42178 ], [ -121.90976, 47.42178 ], [ -121.90976, 47.42198 ], [ -121.90966, 47.42198 ], [ -121.90966, 47.42218 ], [ -121.90956, 47.42218 ], [ -121.90956, 47.42238 ], [ -121.90946, 47.42238 ], [ -121.90946, 47.42278 ], [ -121.90936, 47.42278 ], [ -121.90936, 47.42308 ], [ -121.90926, 47.42308 ], [ -121.90926, 47.42328 ], [ -121.90916, 47.42328 ], [ -121.90916, 47.42358 ], [ -121.90906, 47.42358 ], [ -121.90906, 47.42378 ], [ -121.90896, 47.42378 ], [ -121.90896, 47.42398 ], [ -121.90886, 47.42398 ], [ -121.90886, 47.42438 ], [ -121.90876, 47.42438 ], [ -121.90876, 47.42458 ], [ -121.90866, 47.42458 ], [ -121.90866, 47.42478 ], [ -121.90856, 47.42478 ], [ -121.90856, 47.42488 ], [ -121.90846, 47.42488 ], [ -121.90846, 47.42498 ], [ -121.90836, 47.42498 ], [ -121.90836, 47.42518 ], [ -121.90826, 47.42518 ], [ -121.90826, 47.42538 ], [ -121.90816, 47.42538 ], [ -121.90816, 47.42568 ], [ -121.90806, 47.42568 ], [ -121.90806, 47.42598 ], [ -121.90796, 47.42598 ], [ -121.90796, 47.42628 ], [ -121.90786, 47.42628 ], [ -121.90786, 47.42648 ], [ -121.90776, 47.42648 ], [ -121.90776, 47.42658 ], [ -121.90766, 47.42658 ], [ -121.90766, 47.42668 ], [ -121.90756, 47.42668 ], [ -121.90756, 47.42678 ], [ -121.90746, 47.42678 ], [ -121.90746, 47.42688 ], [ -121.90736, 47.42688 ], [ -121.90736, 47.42698 ], [ -121.90726, 47.42698 ], [ -121.90726, 47.42708 ], [ -121.90716, 47.42708 ], [ -121.90716, 47.42728 ], [ -121.90706, 47.42728 ], [ -121.90706, 47.42748 ], [ -121.90696, 47.42748 ], [ -121.90696, 47.42768 ], [ -121.90686, 47.42768 ], [ -121.90686, 47.42788 ], [ -121.90676, 47.42788 ], [ -121.90676, 47.42798 ], [ -121.90666, 47.42798 ], [ -121.90666, 47.42828 ], [ -121.90656, 47.42828 ], [ -121.90656, 47.42848 ], [ -121.90646, 47.42848 ], [ -121.90646, 47.42868 ], [ -121.90636, 47.42868 ], [ -121.90636, 47.42888 ], [ -121.90626, 47.42888 ], [ -121.90626, 47.42908 ], [ -121.90616, 47.42908 ], [ -121.90616, 47.42918 ], [ -121.90606, 47.42918 ], [ -121.90606, 47.42938 ], [ -121.90596, 47.42938 ], [ -121.90596, 47.42958 ], [ -121.90586, 47.42958 ], [ -121.90586, 47.42978 ], [ -121.90576, 47.42978 ], [ -121.90576, 47.42988 ], [ -121.90556, 47.42988 ], [ -121.90556, 47.43018 ], [ -121.90566, 47.43018 ], [ -121.90566, 47.43028 ], [ -121.90586, 47.43028 ], [ -121.90586, 47.43038 ], [ -121.90636, 47.43038 ], [ -121.90636, 47.43048 ], [ -121.90646, 47.43048 ], [ -121.90646, 47.43058 ], [ -121.90636, 47.43058 ], [ -121.90636, 47.43068 ], [ -121.90626, 47.43068 ], [ -121.90626, 47.43078 ], [ -121.90616, 47.43078 ], [ -121.90616, 47.43108 ], [ -121.90606, 47.43108 ], [ -121.90606, 47.43158 ], [ -121.90596, 47.43158 ], [ -121.90596, 47.43198 ], [ -121.90586, 47.43198 ], [ -121.90586, 47.43218 ], [ -121.90576, 47.43218 ], [ -121.90576, 47.43248 ], [ -121.90566, 47.43248 ], [ -121.90566, 47.43258 ], [ -121.90556, 47.43258 ], [ -121.90556, 47.43278 ], [ -121.90546, 47.43278 ], [ -121.90546, 47.43288 ], [ -121.90526, 47.43288 ], [ -121.90526, 47.43298 ], [ -121.90516, 47.43298 ], [ -121.90516, 47.43308 ], [ -121.90496, 47.43308 ], [ -121.90496, 47.43318 ], [ -121.90476, 47.43318 ], [ -121.90476, 47.43328 ], [ -121.90456, 47.43328 ], [ -121.90456, 47.43338 ], [ -121.90426, 47.43338 ], [ -121.90426, 47.43348 ], [ -121.90406, 47.43348 ], [ -121.90406, 47.43358 ], [ -121.90396, 47.43358 ], [ -121.90396, 47.43368 ], [ -121.90386, 47.43368 ], [ -121.90386, 47.43378 ], [ -121.90376, 47.43378 ], [ -121.90376, 47.43388 ], [ -121.90366, 47.43388 ], [ -121.90366, 47.43398 ], [ -121.90356, 47.43398 ], [ -121.90356, 47.43408 ], [ -121.90346, 47.43408 ], [ -121.90346, 47.43418 ], [ -121.90336, 47.43418 ], [ -121.90336, 47.43428 ], [ -121.90326, 47.43428 ], [ -121.90326, 47.43458 ], [ -121.90316, 47.43458 ], [ -121.90316, 47.43598 ], [ -121.90306, 47.43598 ], [ -121.90306, 47.43618 ], [ -121.90296, 47.43618 ], [ -121.90296, 47.43628 ], [ -121.90286, 47.43628 ], [ -121.90286, 47.43658 ], [ -121.90276, 47.43658 ], [ -121.90276, 47.43688 ], [ -121.90266, 47.43688 ], [ -121.90266, 47.43728 ], [ -121.90256, 47.43728 ], [ -121.90256, 47.43758 ], [ -121.90246, 47.43758 ], [ -121.90246, 47.43788 ], [ -121.90236, 47.43788 ], [ -121.90236, 47.43838 ], [ -121.90246, 47.43838 ], [ -121.90246, 47.43848 ], [ -121.90236, 47.43848 ], [ -121.90236, 47.43888 ], [ -121.90226, 47.43888 ], [ -121.90226, 47.43918 ], [ -121.90216, 47.43918 ], [ -121.90216, 47.43938 ], [ -121.90206, 47.43938 ], [ -121.90206, 47.43948 ], [ -121.90196, 47.43948 ], [ -121.90196, 47.43958 ], [ -121.90176, 47.43958 ], [ -121.90176, 47.43968 ], [ -121.90166, 47.43968 ], [ -121.90166, 47.43978 ], [ -121.90156, 47.43978 ], [ -121.90156, 47.43988 ], [ -121.90146, 47.43988 ], [ -121.90146, 47.43998 ], [ -121.90136, 47.43998 ], [ -121.90136, 47.44008 ], [ -121.90126, 47.44008 ], [ -121.90126, 47.44018 ], [ -121.90116, 47.44018 ], [ -121.90116, 47.44028 ], [ -121.90106, 47.44028 ], [ -121.90106, 47.44038 ], [ -121.90096, 47.44038 ], [ -121.90096, 47.44048 ], [ -121.90086, 47.44048 ], [ -121.90086, 47.44058 ], [ -121.90076, 47.44058 ], [ -121.90076, 47.44068 ], [ -121.90066, 47.44068 ], [ -121.90066, 47.44078 ], [ -121.90056, 47.44078 ], [ -121.90056, 47.44088 ], [ -121.90046, 47.44088 ], [ -121.90046, 47.44108 ], [ -121.90036, 47.44108 ], [ -121.90036, 47.44118 ], [ -121.90026, 47.44118 ], [ -121.90026, 47.44138 ], [ -121.90016, 47.44138 ], [ -121.90016, 47.44148 ], [ -121.90006, 47.44148 ], [ -121.90006, 47.44168 ], [ -121.89996, 47.44168 ], [ -121.89996, 47.44178 ], [ -121.89986, 47.44178 ], [ -121.89986, 47.44188 ], [ -121.89976, 47.44188 ], [ -121.89976, 47.44198 ], [ -121.89966, 47.44198 ], [ -121.89966, 47.44208 ], [ -121.89956, 47.44208 ], [ -121.89956, 47.44228 ], [ -121.89946, 47.44228 ], [ -121.89946, 47.44288 ], [ -121.89936, 47.44288 ], [ -121.89936, 47.44298 ], [ -121.89926, 47.44298 ], [ -121.89926, 47.44308 ], [ -121.89896, 47.44308 ], [ -121.89896, 47.44318 ], [ -121.89866, 47.44318 ], [ -121.89866, 47.44328 ], [ -121.89846, 47.44328 ], [ -121.89846, 47.44338 ], [ -121.89816, 47.44338 ], [ -121.89816, 47.44348 ], [ -121.89796, 47.44348 ], [ -121.89796, 47.44358 ], [ -121.89786, 47.44358 ], [ -121.89786, 47.44368 ], [ -121.89776, 47.44368 ], [ -121.89776, 47.44378 ], [ -121.89766, 47.44378 ], [ -121.89766, 47.44388 ], [ -121.89756, 47.44388 ], [ -121.89756, 47.44398 ], [ -121.89746, 47.44398 ], [ -121.89746, 47.44408 ], [ -121.89736, 47.44408 ], [ -121.89736, 47.44418 ], [ -121.89726, 47.44418 ], [ -121.89726, 47.44428 ], [ -121.89716, 47.44428 ], [ -121.89716, 47.44448 ], [ -121.89706, 47.44448 ], [ -121.89706, 47.44468 ], [ -121.89696, 47.44468 ], [ -121.89696, 47.44498 ], [ -121.89686, 47.44498 ], [ -121.89686, 47.44528 ], [ -121.89676, 47.44528 ], [ -121.89676, 47.44538 ], [ -121.89666, 47.44538 ], [ -121.89666, 47.44548 ], [ -121.89656, 47.44548 ], [ -121.89656, 47.44558 ], [ -121.89646, 47.44558 ], [ -121.89646, 47.44568 ], [ -121.89626, 47.44568 ], [ -121.89626, 47.44578 ], [ -121.89606, 47.44578 ], [ -121.89606, 47.44588 ], [ -121.89586, 47.44588 ], [ -121.89586, 47.44598 ], [ -121.89576, 47.44598 ], [ -121.89576, 47.44608 ], [ -121.89566, 47.44608 ], [ -121.89566, 47.44628 ], [ -121.89556, 47.44628 ], [ -121.89556, 47.44638 ], [ -121.89546, 47.44638 ], [ -121.89546, 47.44648 ], [ -121.89526, 47.44648 ], [ -121.89526, 47.44658 ], [ -121.89506, 47.44658 ], [ -121.89506, 47.44668 ], [ -121.89486, 47.44668 ], [ -121.89486, 47.44678 ], [ -121.89476, 47.44678 ], [ -121.89476, 47.44698 ], [ -121.89466, 47.44698 ], [ -121.89466, 47.44728 ], [ -121.89456, 47.44728 ], [ -121.89456, 47.44748 ], [ -121.89446, 47.44748 ], [ -121.89446, 47.44778 ], [ -121.89436, 47.44778 ], [ -121.89436, 47.44788 ], [ -121.89426, 47.44788 ], [ -121.89426, 47.44808 ], [ -121.89416, 47.44808 ], [ -121.89416, 47.44848 ], [ -121.89406, 47.44848 ], [ -121.89406, 47.44908 ], [ -121.89396, 47.44908 ], [ -121.89396, 47.44938 ], [ -121.89386, 47.44938 ], [ -121.89386, 47.44958 ], [ -121.89376, 47.44958 ], [ -121.89376, 47.44978 ], [ -121.89366, 47.44978 ], [ -121.89366, 47.45048 ], [ -121.89356, 47.45048 ], [ -121.89356, 47.45088 ], [ -121.89346, 47.45088 ], [ -121.89346, 47.45148 ], [ -121.89336, 47.45148 ], [ -121.89336, 47.45178 ], [ -121.89326, 47.45178 ], [ -121.89326, 47.45198 ], [ -121.89306, 47.45198 ], [ -121.89306, 47.45208 ], [ -121.89296, 47.45208 ], [ -121.89296, 47.45228 ], [ -121.89286, 47.45228 ], [ -121.89286, 47.45238 ], [ -121.89276, 47.45238 ], [ -121.89276, 47.45248 ], [ -121.89266, 47.45248 ], [ -121.89266, 47.45268 ], [ -121.89256, 47.45268 ], [ -121.89256, 47.45288 ], [ -121.89246, 47.45288 ], [ -121.89246, 47.45298 ], [ -121.89116, 47.45298 ], [ -121.89116, 47.45308 ], [ -121.89096, 47.45308 ], [ -121.89096, 47.45318 ], [ -121.89076, 47.45318 ], [ -121.89076, 47.45328 ], [ -121.89066, 47.45328 ], [ -121.89066, 47.45348 ], [ -121.89056, 47.45348 ], [ -121.89056, 47.45358 ], [ -121.89046, 47.45358 ], [ -121.89046, 47.45378 ], [ -121.89036, 47.45378 ], [ -121.89036, 47.45388 ], [ -121.89026, 47.45388 ], [ -121.89026, 47.45398 ], [ -121.89006, 47.45398 ], [ -121.89006, 47.45408 ], [ -121.88996, 47.45408 ], [ -121.88996, 47.45428 ], [ -121.88986, 47.45428 ], [ -121.88986, 47.45438 ], [ -121.88976, 47.45438 ], [ -121.88976, 47.45448 ], [ -121.88966, 47.45448 ], [ -121.88966, 47.45488 ], [ -121.88956, 47.45488 ], [ -121.88956, 47.45538 ], [ -121.88976, 47.45538 ], [ -121.88976, 47.45548 ], [ -121.89046, 47.45548 ], [ -121.89046, 47.45588 ], [ -121.89056, 47.45588 ], [ -121.89056, 47.45648 ], [ -121.89046, 47.45648 ], [ -121.89046, 47.45658 ], [ -121.89026, 47.45658 ], [ -121.89026, 47.45668 ], [ -121.89006, 47.45668 ], [ -121.89006, 47.45678 ], [ -121.88996, 47.45678 ], [ -121.88996, 47.45708 ], [ -121.88986, 47.45708 ], [ -121.88986, 47.45748 ], [ -121.88976, 47.45748 ], [ -121.88976, 47.45778 ], [ -121.88966, 47.45778 ], [ -121.88966, 47.45798 ], [ -121.88956, 47.45798 ], [ -121.88956, 47.45808 ], [ -121.88946, 47.45808 ], [ -121.88946, 47.45818 ], [ -121.88936, 47.45818 ], [ -121.88936, 47.45828 ], [ -121.88876, 47.45828 ], [ -121.88876, 47.45838 ], [ -121.88856, 47.45838 ], [ -121.88856, 47.45848 ], [ -121.88846, 47.45848 ], [ -121.88846, 47.45858 ], [ -121.88836, 47.45858 ], [ -121.88836, 47.45868 ], [ -121.88826, 47.45868 ], [ -121.88826, 47.45878 ], [ -121.88816, 47.45878 ], [ -121.88816, 47.45898 ], [ -121.88806, 47.45898 ], [ -121.88806, 47.45908 ], [ -121.88796, 47.45908 ], [ -121.88796, 47.45918 ], [ -121.88786, 47.45918 ], [ -121.88786, 47.45928 ], [ -121.88776, 47.45928 ], [ -121.88776, 47.45938 ], [ -121.88766, 47.45938 ], [ -121.88766, 47.45948 ], [ -121.88756, 47.45948 ], [ -121.88756, 47.45958 ], [ -121.88746, 47.45958 ], [ -121.88746, 47.45968 ], [ -121.88736, 47.45968 ], [ -121.88736, 47.45978 ], [ -121.88716, 47.45978 ], [ -121.88716, 47.45988 ], [ -121.88696, 47.45988 ], [ -121.88696, 47.45998 ], [ -121.88656, 47.45998 ], [ -121.88656, 47.46008 ], [ -121.88636, 47.46008 ], [ -121.88636, 47.46028 ], [ -121.88626, 47.46028 ], [ -121.88626, 47.46048 ], [ -121.88616, 47.46048 ], [ -121.88616, 47.46058 ], [ -121.88606, 47.46058 ], [ -121.88606, 47.46078 ], [ -121.88596, 47.46078 ], [ -121.88596, 47.46098 ], [ -121.88586, 47.46098 ], [ -121.88586, 47.46108 ], [ -121.88576, 47.46108 ], [ -121.88576, 47.46118 ], [ -121.88566, 47.46118 ], [ -121.88566, 47.46138 ], [ -121.88556, 47.46138 ], [ -121.88556, 47.46158 ], [ -121.88546, 47.46158 ], [ -121.88546, 47.46168 ], [ -121.88536, 47.46168 ], [ -121.88536, 47.46188 ], [ -121.88526, 47.46188 ], [ -121.88526, 47.46208 ], [ -121.88516, 47.46208 ], [ -121.88516, 47.46228 ], [ -121.88506, 47.46228 ], [ -121.88506, 47.46238 ], [ -121.88496, 47.46238 ], [ -121.88496, 47.46258 ], [ -121.88486, 47.46258 ], [ -121.88486, 47.46278 ], [ -121.88476, 47.46278 ], [ -121.88476, 47.46298 ], [ -121.88466, 47.46298 ], [ -121.88466, 47.46318 ], [ -121.88456, 47.46318 ], [ -121.88456, 47.46348 ], [ -121.88446, 47.46348 ], [ -121.88446, 47.46378 ], [ -121.88436, 47.46378 ], [ -121.88436, 47.46408 ], [ -121.88426, 47.46408 ], [ -121.88426, 47.46448 ], [ -121.88416, 47.46448 ], [ -121.88416, 47.46488 ], [ -121.88406, 47.46488 ], [ -121.88406, 47.46518 ], [ -121.88396, 47.46518 ], [ -121.88396, 47.46548 ], [ -121.88386, 47.46548 ], [ -121.88386, 47.46558 ], [ -121.88376, 47.46558 ], [ -121.88376, 47.46608 ], [ -121.88366, 47.46608 ], [ -121.88366, 47.46698 ], [ -121.88356, 47.46698 ], [ -121.88356, 47.46718 ], [ -121.88346, 47.46718 ], [ -121.88346, 47.46738 ], [ -121.88336, 47.46738 ], [ -121.88336, 47.46768 ], [ -121.88326, 47.46768 ], [ -121.88326, 47.46778 ], [ -121.88316, 47.46778 ], [ -121.88316, 47.46798 ], [ -121.88306, 47.46798 ], [ -121.88306, 47.46818 ], [ -121.88296, 47.46818 ], [ -121.88296, 47.46848 ], [ -121.88286, 47.46848 ], [ -121.88286, 47.46868 ], [ -121.88276, 47.46868 ], [ -121.88276, 47.46888 ], [ -121.88266, 47.46888 ], [ -121.88266, 47.46908 ], [ -121.88256, 47.46908 ], [ -121.88256, 47.46918 ], [ -121.88246, 47.46918 ], [ -121.88246, 47.46938 ], [ -121.88236, 47.46938 ], [ -121.88236, 47.46968 ], [ -121.88226, 47.46968 ], [ -121.88226, 47.46988 ], [ -121.88216, 47.46988 ], [ -121.88216, 47.47008 ], [ -121.88206, 47.47008 ], [ -121.88206, 47.47018 ], [ -121.88196, 47.47018 ], [ -121.88196, 47.47038 ], [ -121.88186, 47.47038 ], [ -121.88186, 47.47048 ], [ -121.88176, 47.47048 ], [ -121.88176, 47.47058 ], [ -121.88166, 47.47058 ], [ -121.88166, 47.47068 ], [ -121.88156, 47.47068 ], [ -121.88156, 47.47088 ], [ -121.88146, 47.47088 ], [ -121.88146, 47.47108 ], [ -121.88136, 47.47108 ], [ -121.88136, 47.47138 ], [ -121.88126, 47.47138 ], [ -121.88126, 47.47178 ], [ -121.88116, 47.47178 ], [ -121.88116, 47.47198 ], [ -121.88106, 47.47198 ], [ -121.88106, 47.47228 ], [ -121.88096, 47.47228 ], [ -121.88096, 47.47258 ], [ -121.88086, 47.47258 ], [ -121.88086, 47.47278 ], [ -121.88076, 47.47278 ], [ -121.88076, 47.47298 ], [ -121.88066, 47.47298 ], [ -121.88066, 47.47308 ], [ -121.88056, 47.47308 ], [ -121.88056, 47.47328 ], [ -121.88046, 47.47328 ], [ -121.88046, 47.47358 ], [ -121.88036, 47.47358 ], [ -121.88036, 47.47408 ], [ -121.88026, 47.47408 ], [ -121.88026, 47.47428 ], [ -121.88016, 47.47428 ], [ -121.88016, 47.47438 ], [ -121.88006, 47.47438 ], [ -121.88006, 47.47468 ], [ -121.87996, 47.47468 ], [ -121.87996, 47.47488 ], [ -121.87986, 47.47488 ], [ -121.87986, 47.47508 ], [ -121.87976, 47.47508 ], [ -121.87976, 47.47518 ], [ -121.87966, 47.47518 ], [ -121.87966, 47.47528 ], [ -121.87956, 47.47528 ], [ -121.87956, 47.47558 ], [ -121.87946, 47.47558 ], [ -121.87946, 47.47598 ], [ -121.87936, 47.47598 ], [ -121.87936, 47.47668 ], [ -121.87926, 47.47668 ], [ -121.87926, 47.47688 ], [ -121.87916, 47.47688 ], [ -121.87916, 47.47718 ], [ -121.87906, 47.47718 ], [ -121.87906, 47.47768 ], [ -121.87896, 47.47768 ], [ -121.87896, 47.47788 ], [ -121.87886, 47.47788 ], [ -121.87886, 47.47808 ], [ -121.87866, 47.47808 ], [ -121.87866, 47.47818 ], [ -121.87856, 47.47818 ], [ -121.87856, 47.47828 ], [ -121.87836, 47.47828 ], [ -121.87836, 47.47838 ], [ -121.87816, 47.47838 ], [ -121.87816, 47.47848 ], [ -121.87796, 47.47848 ], [ -121.87796, 47.47868 ], [ -121.87786, 47.47868 ], [ -121.87786, 47.47888 ], [ -121.87766, 47.47888 ], [ -121.87766, 47.47898 ], [ -121.87756, 47.47898 ], [ -121.87756, 47.47908 ], [ -121.87746, 47.47908 ], [ -121.87746, 47.47928 ], [ -121.87736, 47.47928 ], [ -121.87736, 47.47948 ], [ -121.87726, 47.47948 ], [ -121.87726, 47.47958 ], [ -121.87716, 47.47958 ], [ -121.87716, 47.47978 ], [ -121.87706, 47.47978 ], [ -121.87706, 47.48018 ], [ -121.87716, 47.48018 ], [ -121.87716, 47.48028 ], [ -121.87736, 47.48028 ], [ -121.87736, 47.48038 ], [ -121.87746, 47.48038 ], [ -121.87746, 47.48048 ], [ -121.87756, 47.48048 ], [ -121.87756, 47.48068 ], [ -121.87766, 47.48068 ], [ -121.87766, 47.48208 ], [ -121.87776, 47.48208 ], [ -121.87776, 47.48218 ], [ -121.87786, 47.48218 ], [ -121.87786, 47.48228 ], [ -121.87796, 47.48228 ], [ -121.87796, 47.48248 ], [ -121.87816, 47.48248 ], [ -121.87816, 47.48258 ], [ -121.87836, 47.48258 ], [ -121.87836, 47.48268 ], [ -121.87846, 47.48268 ], [ -121.87846, 47.48288 ], [ -121.87856, 47.48288 ], [ -121.87856, 47.48308 ], [ -121.87866, 47.48308 ], [ -121.87866, 47.48348 ], [ -121.87876, 47.48348 ], [ -121.87876, 47.48438 ], [ -121.87866, 47.48438 ], [ -121.87866, 47.48458 ], [ -121.87856, 47.48458 ], [ -121.87856, 47.48468 ], [ -121.87836, 47.48468 ], [ -121.87836, 47.48478 ], [ -121.87826, 47.48478 ], [ -121.87826, 47.48488 ], [ -121.87816, 47.48488 ], [ -121.87816, 47.48548 ], [ -121.87826, 47.48548 ], [ -121.87826, 47.48578 ], [ -121.87816, 47.48578 ], [ -121.87816, 47.48608 ], [ -121.87806, 47.48608 ], [ -121.87806, 47.48628 ], [ -121.87796, 47.48628 ], [ -121.87796, 47.48648 ], [ -121.87786, 47.48648 ], [ -121.87786, 47.48708 ], [ -121.87796, 47.48708 ], [ -121.87796, 47.48738 ], [ -121.87786, 47.48738 ], [ -121.87786, 47.48788 ], [ -121.87776, 47.48788 ], [ -121.87776, 47.48858 ], [ -121.87766, 47.48858 ], [ -121.87766, 47.48898 ], [ -121.87756, 47.48898 ], [ -121.87756, 47.48928 ], [ -121.87746, 47.48928 ], [ -121.87746, 47.48968 ], [ -121.87736, 47.48968 ], [ -121.87736, 47.48998 ], [ -121.87726, 47.48998 ], [ -121.87726, 47.49018 ], [ -121.87716, 47.49018 ], [ -121.87716, 47.49038 ], [ -121.87706, 47.49038 ], [ -121.87706, 47.49118 ], [ -121.87696, 47.49118 ], [ -121.87696, 47.49138 ], [ -121.87686, 47.49138 ], [ -121.87686, 47.49148 ], [ -121.87666, 47.49148 ], [ -121.87666, 47.49158 ], [ -121.87646, 47.49158 ], [ -121.87646, 47.49168 ], [ -121.87636, 47.49168 ], [ -121.87636, 47.49178 ], [ -121.87626, 47.49178 ], [ -121.87626, 47.49198 ], [ -121.87616, 47.49198 ], [ -121.87616, 47.49208 ], [ -121.87606, 47.49208 ], [ -121.87606, 47.49218 ], [ -121.87596, 47.49218 ], [ -121.87596, 47.49228 ], [ -121.87586, 47.49228 ], [ -121.87586, 47.49238 ], [ -121.87576, 47.49238 ], [ -121.87576, 47.49248 ], [ -121.87566, 47.49248 ], [ -121.87566, 47.49258 ], [ -121.87556, 47.49258 ], [ -121.87556, 47.49278 ], [ -121.87546, 47.49278 ], [ -121.87546, 47.49298 ], [ -121.87536, 47.49298 ], [ -121.87536, 47.49338 ], [ -121.87526, 47.49338 ], [ -121.87526, 47.49388 ], [ -121.87516, 47.49388 ], [ -121.87516, 47.49418 ], [ -121.87506, 47.49418 ], [ -121.87506, 47.49448 ], [ -121.87496, 47.49448 ], [ -121.87496, 47.49498 ], [ -121.87486, 47.49498 ], [ -121.87486, 47.49538 ], [ -121.87476, 47.49538 ], [ -121.87476, 47.49568 ], [ -121.87466, 47.49568 ], [ -121.87466, 47.49608 ], [ -121.87456, 47.49608 ], [ -121.87456, 47.49648 ], [ -121.87446, 47.49648 ], [ -121.87446, 47.49668 ], [ -121.87436, 47.49668 ], [ -121.87436, 47.49688 ], [ -121.87426, 47.49688 ], [ -121.87426, 47.49698 ], [ -121.87416, 47.49698 ], [ -121.87416, 47.49718 ], [ -121.87406, 47.49718 ], [ -121.87406, 47.49748 ], [ -121.87396, 47.49748 ], [ -121.87396, 47.49768 ], [ -121.87386, 47.49768 ], [ -121.87386, 47.49778 ], [ -121.87376, 47.49778 ], [ -121.87376, 47.49798 ], [ -121.87366, 47.49798 ], [ -121.87366, 47.49808 ], [ -121.87356, 47.49808 ], [ -121.87356, 47.49818 ], [ -121.87346, 47.49818 ], [ -121.87346, 47.49838 ], [ -121.87336, 47.49838 ], [ -121.87336, 47.49858 ], [ -121.87326, 47.49858 ], [ -121.87326, 47.49888 ], [ -121.87316, 47.49888 ], [ -121.87316, 47.49898 ], [ -121.87306, 47.49898 ], [ -121.87306, 47.49918 ], [ -121.87296, 47.49918 ], [ -121.87296, 47.49938 ], [ -121.87286, 47.49938 ], [ -121.87286, 47.49948 ], [ -121.87276, 47.49948 ], [ -121.87276, 47.49958 ], [ -121.87266, 47.49958 ], [ -121.87266, 47.49988 ], [ -121.87256, 47.49988 ], [ -121.87256, 47.50028 ], [ -121.87246, 47.50028 ], [ -121.87246, 47.50058 ], [ -121.87236, 47.50058 ], [ -121.87236, 47.50088 ], [ -121.87226, 47.50088 ], [ -121.87226, 47.50108 ], [ -121.87216, 47.50108 ], [ -121.87216, 47.50138 ], [ -121.87206, 47.50138 ], [ -121.87206, 47.50178 ], [ -121.87196, 47.50178 ], [ -121.87196, 47.50198 ], [ -121.87186, 47.50198 ], [ -121.87186, 47.50238 ], [ -121.87176, 47.50238 ], [ -121.87176, 47.50268 ], [ -121.87166, 47.50268 ], [ -121.87166, 47.50298 ], [ -121.87156, 47.50298 ], [ -121.87156, 47.50318 ], [ -121.87146, 47.50318 ], [ -121.87146, 47.50348 ], [ -121.87136, 47.50348 ], [ -121.87136, 47.50368 ], [ -121.87126, 47.50368 ], [ -121.87126, 47.50398 ], [ -121.87116, 47.50398 ], [ -121.87116, 47.50408 ], [ -121.87106, 47.50408 ], [ -121.87106, 47.50428 ], [ -121.87096, 47.50428 ], [ -121.87096, 47.50438 ], [ -121.87086, 47.50438 ], [ -121.87086, 47.50448 ], [ -121.87076, 47.50448 ], [ -121.87076, 47.50478 ], [ -121.87066, 47.50478 ], [ -121.87066, 47.50508 ], [ -121.87056, 47.50508 ], [ -121.87056, 47.50548 ], [ -121.87066, 47.50548 ], [ -121.87066, 47.50568 ], [ -121.87076, 47.50568 ], [ -121.87076, 47.50588 ], [ -121.87086, 47.50588 ], [ -121.87086, 47.50608 ], [ -121.87096, 47.50608 ], [ -121.87096, 47.50638 ], [ -121.87106, 47.50638 ], [ -121.87106, 47.50658 ], [ -121.87116, 47.50658 ], [ -121.87116, 47.50668 ], [ -121.87096, 47.50668 ], [ -121.87096, 47.50708 ], [ -121.87116, 47.50708 ], [ -121.87116, 47.50718 ], [ -121.87146, 47.50718 ], [ -121.87146, 47.50728 ], [ -121.87166, 47.50728 ], [ -121.87166, 47.50738 ], [ -121.87156, 47.50738 ], [ -121.87156, 47.50758 ], [ -121.87146, 47.50758 ], [ -121.87146, 47.50968 ], [ -121.87136, 47.50968 ], [ -121.87136, 47.51018 ], [ -121.87126, 47.51018 ], [ -121.87126, 47.51078 ], [ -121.87116, 47.51078 ], [ -121.87116, 47.51138 ], [ -121.87106, 47.51138 ], [ -121.87106, 47.51198 ], [ -121.87096, 47.51198 ], [ -121.87096, 47.51258 ], [ -121.87086, 47.51258 ], [ -121.87086, 47.51288 ], [ -121.87076, 47.51288 ], [ -121.87076, 47.51308 ], [ -121.87066, 47.51308 ], [ -121.87066, 47.51318 ], [ -121.87056, 47.51318 ], [ -121.87056, 47.51328 ], [ -121.87046, 47.51328 ], [ -121.87046, 47.51338 ], [ -121.87036, 47.51338 ], [ -121.87036, 47.51348 ], [ -121.87016, 47.51348 ], [ -121.87016, 47.51358 ], [ -121.87006, 47.51358 ], [ -121.87006, 47.51368 ], [ -121.86986, 47.51368 ], [ -121.86986, 47.51378 ], [ -121.86916, 47.51378 ], [ -121.86916, 47.51388 ], [ -121.86876, 47.51388 ], [ -121.86876, 47.51398 ], [ -121.86856, 47.51398 ], [ -121.86856, 47.51408 ], [ -121.86836, 47.51408 ], [ -121.86836, 47.51418 ], [ -121.86826, 47.51418 ], [ -121.86826, 47.51428 ], [ -121.86816, 47.51428 ], [ -121.86816, 47.51438 ], [ -121.86806, 47.51438 ], [ -121.86806, 47.51448 ], [ -121.86796, 47.51448 ], [ -121.86796, 47.51468 ], [ -121.86786, 47.51468 ], [ -121.86786, 47.51478 ], [ -121.86776, 47.51478 ], [ -121.86776, 47.51488 ], [ -121.86766, 47.51488 ], [ -121.86766, 47.51548 ], [ -121.86776, 47.51548 ], [ -121.86776, 47.51558 ], [ -121.86786, 47.51558 ], [ -121.86786, 47.51598 ], [ -121.86796, 47.51598 ], [ -121.86796, 47.51628 ], [ -121.86786, 47.51628 ], [ -121.86786, 47.51658 ], [ -121.86776, 47.51658 ], [ -121.86776, 47.51668 ], [ -121.86766, 47.51668 ], [ -121.86766, 47.51678 ], [ -121.86746, 47.51678 ], [ -121.86746, 47.51388 ], [ -121.86726, 47.51388 ], [ -121.86726, 47.51378 ], [ -121.86706, 47.51378 ], [ -121.86706, 47.51388 ], [ -121.86556, 47.51388 ], [ -121.86556, 47.51398 ], [ -121.86536, 47.51398 ], [ -121.86536, 47.51408 ], [ -121.86516, 47.51408 ], [ -121.86516, 47.51418 ], [ -121.86506, 47.51418 ], [ -121.86506, 47.51428 ], [ -121.86496, 47.51428 ], [ -121.86496, 47.51438 ], [ -121.86486, 47.51438 ], [ -121.86486, 47.51448 ], [ -121.86476, 47.51448 ], [ -121.86476, 47.51468 ], [ -121.86466, 47.51468 ], [ -121.86466, 47.51478 ], [ -121.86456, 47.51478 ], [ -121.86456, 47.51538 ], [ -121.86466, 47.51538 ], [ -121.86466, 47.51558 ], [ -121.86476, 47.51558 ], [ -121.86476, 47.51588 ], [ -121.86466, 47.51588 ], [ -121.86466, 47.51598 ], [ -121.86456, 47.51598 ], [ -121.86456, 47.51608 ], [ -121.86446, 47.51608 ], [ -121.86446, 47.51618 ], [ -121.86436, 47.51618 ], [ -121.86436, 47.51628 ], [ -121.86426, 47.51628 ], [ -121.86426, 47.51648 ], [ -121.86416, 47.51648 ], [ -121.86416, 47.51668 ], [ -121.86406, 47.51668 ], [ -121.86406, 47.51678 ], [ -121.86396, 47.51678 ], [ -121.86396, 47.51688 ], [ -121.86376, 47.51688 ], [ -121.86376, 47.51698 ], [ -121.86356, 47.51698 ], [ -121.86356, 47.51708 ], [ -121.86346, 47.51708 ], [ -121.86346, 47.51718 ], [ -121.86326, 47.51718 ], [ -121.86326, 47.51728 ] ] ] } },
{ "type": "Feature", "properties": { "slick_id": 43, "centroid": [ -122.098095, 47.400523 ], "bounding_box": [ -122.09856, 47.397479999999995, -122.09786000000001, 47.40418 ], "area_km2": 0.0289, "perimeter_m": 1714.33, "orientation": 90.0, "compactness": 0.1235, "confidence": 0.3539 }, "geometry": { "type": "Polygon", "coordinates": [ [ [ -122.09796, 47.40418 ], [ -122.09786, 47.40418 ], [ -122.09786, 47.39748 ], [ -122.09796, 47.39748 ], [ -122.09796, 47.39768 ], [ -122.09806, 47.39768 ], [ -122.09806, 47.39788 ], [ -122.09816, 47.39788 ], [ -122.09816, 47.39828 ], [ -122.09806, 47.39828 ], [ -122.09806, 47.39898 ], [ -122.09816, 47.39898 ], [ -122.09816, 47.39908 ], [ -122.09826, 47.39908 ], [ -122.09826, 47.39918 ], [ -122.09836, 47.39918 ], [ -122.09836, 47.39928 ], [ -122.09846, 47.39928 ], [ -122.09846, 47.39958 ], [ -122.09856, 47.39958 ], [ -122.09856, 47.39978 ], [ -122.09846, 47.39978 ], [ -122.09846, 47.40038 ], [ -122.09856, 47.40038 ], [ -122.09856, 47.40108 ], [ -122.09846, 47.40108 ], [ -122.09846, 47.40118 ], [ -122.09836, 47.40118 ], [ -122.09836, 47.40128 ], [ -122.09826, 47.40128 ], [ -122.09826, 47.40148 ], [ -122.09816, 47.40148 ], [ -122.09816, 47.40178 ], [ -122.09806, 47.40178 ], [ -122.09806, 47.40278 ], [ -122.09816, 47.40278 ], [ -122.09816, 47.40298 ], [ -122.09806, 47.40298 ], [ -122.09806, 47.40358 ], [ -122.09796, 47.40358 ], [ -122.09796, 47.40418 ] ] ] } },
{ "type": "Feature", "properties": { "slick_id": 44, "centroid": [ -122.095789, 47.401488 ], "bounding_box": [ -122.09726, 47.397479999999995, -122.09416, 47.405879999999996 ], "area_km2": 0.1918, "perimeter_m": 2783.0, "orientation": 86.19, "compactness": 0.3112, "confidence": 0.3547 }, "geometry": { "type": "Polygon", "coordinates": [ [ [ -122.09566, 47.40588 ], [ -122.09556, 47.40588 ], [ -122.09556, 47.40578 ], [ -122.09526, 47.40578 ], [ -122.09526, 47.40558 ], [ -122.09516, 47.40558 ], [ -122.09516, 47.40538 ], [ -122.09506, 47.40538 ], [ -122.09506, 47.40448 ], [ -122.09496, 47.40448 ], [ -122.09496, 47.40388 ], [ -122.09486, 47.40388 ], [ -122.09486, 47.40368 ], [ -122.09476, 47.40368 ], [ -122.09476, 47.40348 ], [ -122.09466, 47.40348 ], [ -122.09466, 47.40298 ], [ -122.09456, 47.40298 ], [ -122.09456, 47.40278 ], [ -122.09466, 47.40278 ], [ -122.09466, 47.40238 ], [ -122.09476, 47.40238 ], [ -122.09476, 47.40198 ], [ -122.09466, 47.40198 ], [ -122.09466, 47.40178 ], [ -122.09446, 47.40178 ], [ -122.09446, 47.40168 ], [ -122.09416, 47.40168 ], [ -122.09416, 47.40158 ], [ -122.09426, 47.40158 ], [ -122.09426, 47.40138 ], [ -122.09436, 47.40138 ], [ -122.09436, 47.40128 ], [ -122.09446, 47.40128 ], [ -122.09446, 47.40118 ], [ -122.09466, 47.40118 ], [ -122.09466, 47.40108 ], [ -122.09476, 47.40108 ], [ -122.09476, 47.40098 ], [ -122.09486, 47.40098 ], [ -122.09486, 47.40058 ], [ -122.09476, 47.40058 ], [ -122.09476, 47.40018 ], [ -122.09466, 47.40018 ], [ -122.09466, 47.39998 ], [ -122.09456, 47.39998 ], [ -122.09456, 47.39968 ], [ -122.09446, 47.39968 ], [ -122.09446, 47.39948 ], [ -122.09436, 47.39948 ], [ -122.09436, 47.39918 ], [ -122.09446, 47.39918 ], [ -122.09446, 47.39888 ], [ -122.09456, 47.39888 ], [ -122.09456, 47.39878 ], [ -122.09466, 47.39878 ], [ -122.09466, 47.39868 ], [ -122.09476, 47.39868 ], [ -122.09476, 47.39858 ], [ -122.09486, 47.39858 ], [ -122.09486, 47.39848 ], [ -122.09496, 47.39848 ], [ -122.09496, 47.39858 ], [ -122.09516, 47.39858 ], [ -122.09516, 47.39848 ], [ -122.09536, 47.39848 ], [ -122.09536, 47.39838 ], [ -122.09546, 47.39838 ], [ -122.09546, 47.39818 ], [ -122.09556, 47.39818 ], [ -122.09556, 47.39808 ], [ -122.09566, 47.39808 ], [ -122.09566, 47.39798 ], [ -122.09576, 47.39798 ], [ -122.09576, 47.39788 ], [ -122.09586, 47.39788 ], [ -122.09586, 47.39768 ], [ -122.09596, 47.39768 ], [ -122.09596, 47.39758 ], [ -122.09606, 47.39758 ], [ -122.09606, 47.39748 ], [ -122.09646, 47.39748 ], [ -122.09646, 47.39758 ], [ -122.09656, 47.39758 ], [ -122.09656, 47.39818 ], [ -122.09646, 47.39818 ], [ -122.09646, 47.39878 ], [ -122.09656, 47.39878 ], [ -122.09656, 47.39898 ], [ -122.09666, 47.39898 ], [ -122.09666, 47.39908 ], [ -122.09676, 47.39908 ], [ -122.09676, 47.39938 ], [ -122.09686, 47.39938 ], [ -122.09686, 47.39958 ], [ -122.09696, 47.39958 ], [ -122.09696, 47.39968 ], [ -122.09706, 47.39968 ], [ -122.09706, 47.39978 ], [ -122.09716, 47.39978 ], [ -122.09716, 47.39998 ], [ -122.09726, 47.39998 ], [ -122.09726, 47.40038 ], [ -122.09716, 47.40038 ], [ -122.09716, 47.40098 ], [ -122.09706, 47.40098 ], [ -122.09706, 47.40148 ], [ -122.09716, 47.40148 ], [ -122.09716, 47.40188 ], [ -122.09706, 47.40188 ], [ -122.09706, 47.40198 ], [ -122.09696, 47.40198 ], [ -122.09696, 47.40248 ], [ -122.09686, 47.40248 ], [ -122.09686, 47.40388 ], [ -122.09676, 47.40388 ], [ -122.09676, 47.40418 ], [ -122.09666, 47.40418 ], [ -122.09666, 47.40428 ], [ -122.09656, 47.40428 ], [ -122.09656, 47.40438 ], [ -122.09626, 47.40438 ], [ -122.09626, 47.40448 ], [ -122.09606, 47.40448 ], [ -122.09606, 47.40488 ], [ -122.09596, 47.40488 ], [ -122.09596, 47.40548 ], [ -122.09586, 47.40548 ], [ -122.09586, 47.40568 ], [ -122.09576, 47.40568 ], [ -122.09576, 47.40578 ], [ -122.09566, 47.40578 ], [ -122.09566, 47.40588 ] ] ] } },
{ "type": "Feature", "properties": { "slick_id": 45, "centroid": [ -122.120325, 47.406759 ], "bounding_box": [ -122.12556000000001, 47.39268, -122.11496000000001, 47.41728 ], "area_km2": 0.9852, "perimeter_m": 8727.49, "orientation": 111.25, "compactness": 0.1625, "confidence": 0.6038 }, "geometry": { "type": "Polygon", "coordinates": [ [ [ -122.12366, 47.41728 ], [ -122.12346, 47.41728 ], [ -122.12346, 47.41718 ], [ -122.12326, 47.41718 ], [ -122.12326, 47.41708 ], [ -122.12316, 47.41708 ], [ -122.12316, 47.41678 ], [ -122.12306, 47.41678 ], [ -122.12306, 47.41658 ], [ -122.12296, 47.41658 ], [ -122.12296, 47.41628 ], [ -122.12286, 47.41628 ], [ -122.12286, 47.41598 ], [ -122.12276, 47.41598 ], [ -122.12276, 47.41558 ], [ -122.12266, 47.41558 ], [ -122.12266, 47.41538 ], [ -122.12256, 47.41538 ], [ -122.12256, 47.41518 ], [ -122.12236, 47.41518 ], [ -122.12236, 47.41508 ], [ -122.12216, 47.41508 ], [ -122.12216, 47.41498 ], [ -122.12206, 47.41498 ], [ -122.12206, 47.41508 ], [ -122.12186, 47.41508 ], [ -122.12186, 47.41518 ], [ -122.12176, 47.41518 ], [ -122.12176, 47.41528 ], [ -122.12166, 47.41528 ], [ -122.12166, 47.41538 ], [ -122.12156, 47.41538 ], [ -122.12156, 47.41548 ], [ -122.12146, 47.41548 ], [ -122.12146, 47.41568 ], [ -122.12136, 47.41568 ], [ -122.12136, 47.41648 ], [ -122.12146, 47.41648 ], [ -122.12146, 47.41668 ], [ -122.12166, 47.41668 ], [ -122.12166, 47.41678 ], [ -122.12176, 47.41678 ], [ -122.12176, 47.41718 ], [ -122.12156, 47.41718 ], [ -122.12156, 47.41708 ], [ -122.12136, 47.41708 ], [ -122.12136, 47.41698 ], [ -122.12126, 47.41698 ], [ -122.12126, 47.41678 ], [ -122.12116, 47.41678 ], [ -122.12116, 47.41628 ], [ -122.12126, 47.41628 ], [ -122.12126, 47.41598 ], [ -122.12116, 47.41598 ], [ -122.12116, 47.41548 ], [ -122.12106, 47.41548 ], [ -122.12106, 47.41518 ], [ -122.12096, 47.41518 ], [ -122.12096, 47.41498 ], [ -122.12086, 47.41498 ], [ -122.12086, 47.41478 ], [ -122.12076, 47.41478 ], [ -122.12076, 47.41458 ], [ -122.12066, 47.41458 ], [ -122.12066, 47.41428 ], [ -122.12056, 47.41428 ], [ -122.12056, 47.41368 ], [ -122.12046, 47.41368 ], [ -122.12046, 47.41348 ], [ -122.12036, 47.41348 ], [ -122.12036, 47.41318 ], [ -122.12026, 47.41318 ], [ -122.12026, 47.41288 ], [ -122.12016, 47.41288 ], [ -122.12016, 47.41248 ], [ -122.12006, 47.41248 ], [ -122.12006, 47.41228 ], [ -122.11996, 47.41228 ], [ -122.11996, 47.41218 ], [ -122.11986, 47.41218 ], [ -122.11986, 47.41208 ], [ -122.11976, 47.41208 ], [ -122.11976, 47.41188 ], [ -122.11966, 47.41188 ], [ -122.11966, 47.41168 ], [ -122.11956, 47.41168 ], [ -122.11956, 47.41138 ], [ -122.11946, 47.41138 ], [ -122.11946, 47.41108 ], [ -122.11936, 47.41108 ], [ -122.11936, 47.41078 ], [ -122.11926, 47.41078 ], [ -122.11926, 47.41058 ], [ -122.11916, 47.41058 ], [ -122.11916, 47.41048 ], [ -122.11906, 47.41048 ], [ -122.11906, 47.41038 ], [ -122.11896, 47.41038 ], [ -122.11896, 47.41018 ], [ -122.11886, 47.41018 ], [ -122.11886, 47.41008 ], [ -122.11876, 47.41008 ], [ -122.11876, 47.40988 ], [ -122.11866, 47.40988 ], [ -122.11866, 47.40948 ], [ -122.11856, 47.40948 ], [ -122.11856, 47.40888 ], [ -122.11846, 47.40888 ], [ -122.11846, 47.40868 ], [ -122.11836, 47.40868 ], [ -122.11836, 47.40858 ], [ -122.11826, 47.40858 ], [ -122.11826, 47.40848 ], [ -122.11816, 47.40848 ], [ -122.11816, 47.40828 ], [ -122.11806, 47.40828 ], [ -122.11806, 47.40818 ], [ -122.11796, 47.40818 ], [ -122.11796, 47.40808 ], [ -122.11786, 47.40808 ], [ -122.11786, 47.40788 ], [ -122.11776, 47.40788 ], [ -122.11776, 47.40778 ], [ -122.11766, 47.40778 ], [ -122.11766, 47.40738 ], [ -122.11756, 47.40738 ], [ -122.11756, 47.40698 ], [ -122.11746, 47.40698 ], [ -122.11746, 47.40668 ], [ -122.11736, 47.40668 ], [ -122.11736, 47.40638 ], [ -122.11726, 47.40638 ], [ -122.11726, 47.40598 ], [ -122.11716, 47.40598 ], [ -122.11716, 47.40568 ], [ -122.11726, 47.40568 ], [ -122.11726, 47.40498 ], [ -122.11736, 47.40498 ], [ -122.11736, 47.40468 ], [ -122.11746, 47.40468 ], [ -122.11746, 47.40098 ], [ -122.11756, 47.40098 ], [ -122.11756, 47.39998 ], [ -122.11746, 47.39998 ], [ -122.11746, 47.39978 ], [ -122.11736, 47.39978 ], [ -122.11736, 47.39948 ], [ -122.11726, 47.39948 ], [ -122.11726, 47.39878 ], [ -122.11716, 47.39878 ], [ -122.11716, 47.39858 ], [ -122.11706, 47.39858 ], [ -122.11706, 47.39838 ], [ -122.11696, 47.39838 ], [ -122.11696, 47.39828 ], [ -122.11686, 47.39828 ], [ -122.11686, 47.39808 ], [ -122.11676, 47.39808 ], [ -122.11676, 47.39778 ], [ -122.11666, 47.39778 ], [ -122.11666, 47.39708 ], [ -122.11656, 47.39708 ], [ -122.11656, 47.39688 ], [ -122.11636, 47.39688 ], [ -122.11636, 47.39678 ], [ -122.11616, 47.39678 ], [ -122.11616, 47.39668 ], [ -122.11606, 47.39668 ], [ -122.11606, 47.39658 ], [ -122.11596, 47.39658 ], [ -122.11596, 47.39648 ], [ -122.11586, 47.39648 ], [ -122.11586, 47.39628 ], [ -122.11576, 47.39628 ], [ -122.11576, 47.39598 ], [ -122.11566, 47.39598 ], [ -122.11566, 47.39578 ], [ -122.11556, 47.39578 ], [ -122.11556, 47.39548 ], [ -122.11546, 47.39548 ], [ -122.11546, 47.39498 ], [ -122.11536, 47.39498 ], [ -122.11536, 47.39458 ], [ -122.11526, 47.39458 ], [ -122.11526, 47.39428 ], [ -122.11516, 47.39428 ], [ -122.11516, 47.39408 ], [ -122.11506, 47.39408 ], [ -122.11506, 47.39378 ], [ -122.11496, 47.39378 ], [ -122.11496, 47.39288 ], [ -122.11506, 47.39288 ], [ -122.11506, 47.39268 ], [ -122.11546, 47.39268 ], [ -122.11546, 47.39278 ], [ -122.11566, 47.39278 ], [ -122.11566, 47.39288 ], [ -122.11576, 47.39288 ], [ -122.11576, 47.39308 ], [ -122.11586, 47.39308 ], [ -122.11586, 47.39328 ], [ -122.11596, 47.39328 ], [ -122.11596, 47.39358 ], [ -122.11606, 47.39358 ], [ -122.11606, 47.39398 ], [ -122.11616, 47.39398 ], [ -122.11616, 47.39418 ], [ -122.11626, 47.39418 ], [ -122.11626, 47.39428 ], [ -122.11636, 47.39428 ], [ -122.11636, 47.39438 ], [ -122.11646, 47.39438 ], [ -122.11646, 47.39448 ], [ -122.11656, 47.39448 ], [ -122.11656, 47.39458 ], [ -122.11676, 47.39458 ], [ -122.11676, 47.39468 ], [ -122.11686, 47.39468 ], [ -122.11686, 47.39478 ], [ -122.11706, 47.39478 ], [ -122.11706, 47.39498 ], [ -122.11716, 47.39498 ], [ -122.11716, 47.39518 ], [ -122.11726, 47.39518 ], [ -122.11726, 47.39528 ], [ -122.11736, 47.39528 ], [ -122.11736, 47.39538 ], [ -122.11756, 47.39538 ], [ -122.11756, 47.39548 ], [ -122.11816, 47.39548 ], [ -122.11816, 47.39558 ], [ -122.11826, 47.39558 ], [ -122.11826, 47.39568 ], [ -122.11836, 47.39568 ], [ -122.11836, 47.39598 ], [ -122.11846, 47.39598 ], [ -122.11846, 47.39648 ], [ -122.11856, 47.39648 ], [ -122.11856, 47.39658 ], [ -122.11866, 47.39658 ], [ -122.11866, 47.39668 ], [ -122.11876, 47.39668 ], [ -122.11876, 47.39678 ], [ -122.11886, 47.39678 ], [ -122.11886, 47.39688 ], [ -122.11896, 47.39688 ], [ -122.11896, 47.39728 ], [ -122.11886, 47.39728 ], [ -122.11886, 47.39778 ], [ -122.11906, 47.39778 ], [ -122.11906, 47.39788 ], [ -122.11916, 47.39788 ], [ -122.11916, 47.39798 ], [ -122.11926, 47.39798 ], [ -122.11926, 47.39808 ], [ -122.11936, 47.39808 ], [ -122.11936, 47.39818 ], [ -122.11946, 47.39818 ], [ -122.11946, 47.39838 ], [ -122.11956, 47.39838 ], [ -122.11956, 47.39968 ], [ -122.11966, 47.39968 ], [ -122.11966, 47.40008 ], [ -122.11976, 47.40008 ], [ -122.11976, 47.40068 ], [ -122.11986, 47.40068 ], [ -122.11986, 47.40108 ], [ -122.11996, 47.40108 ], [ -122.11996, 47.40228 ], [ -122.11986, 47.40228 ], [ -122.11986, 47.40258 ], [ -122.11996, 47.40258 ], [ -122.11996, 47.40308 ], [ -122.12006, 47.40308 ], [ -122.12006, 47.40318 ], [ -122.12016, 47.40318 ], [ -122.12016, 47.40348 ], [ -122.12026, 47.40348 ], [ -122.12026, 47.40378 ], [ -122.12036, 47.40378 ], [ -122.12036, 47.40428 ], [ -122.12046, 47.40428 ], [ -122.12046, 47.40458 ], [ -122.12056, 47.40458 ], [ -122.12056, 47.40468 ], [ -122.12066, 47.40468 ], [ -122.12066, 47.40478 ], [ -122.12076, 47.40478 ], [ -122.12076, 47.40488 ], [ -122.12086, 47.40488 ], [ -122.12086, 47.40498 ], [ -122.12106, 47.40498 ], [ -122.12106, 47.40508 ], [ -122.12116, 47.40508 ], [ -122.12116, 47.40528 ], [ -122.12126, 47.40528 ], [ -122.12126, 47.40548 ], [ -122.12146, 47.40548 ], [ -122.12146, 47.40558 ], [ -122.12166, 47.40558 ], [ -122.12166, 47.40658 ], [ -122.12176, 47.40658 ], [ -122.12176, 47.40668 ], [ -122.12186, 47.40668 ], [ -122.12186, 47.40678 ], [ -122.12196, 47.40678 ], [ -122.12196, 47.40688 ], [ -122.12206, 47.40688 ], [ -122.12206, 47.40698 ], [ -122.12216, 47.40698 ], [ -122.12216, 47.40708 ], [ -122.12226, 47.40708 ], [ -122.12226, 47.40718 ], [ -122.12236, 47.40718 ], [ -122.12236, 47.40728 ], [ -122.12246, 47.40728 ], [ -122.12246, 47.40748 ], [ -122.12256, 47.40748 ], [ -122.12256, 47.40778 ], [ -122.12266, 47.40778 ], [ -122.12266, 47.40808 ], [ -122.12276, 47.40808 ], [ -122.12276, 47.40838 ], [ -122.12286, 47.40838 ], [ -122.12286, 47.40858 ], [ -122.12296, 47.40858 ], [ -122.12296, 47.40868 ], [ -122.12306, 47.40868 ], [ -122.12306, 47.40888 ], [ -122.12316, 47.40888 ], [ -122.12316, 47.40898 ], [ -122.12326, 47.40898 ], [ -122.12326, 47.40918 ], [ -122.12336, 47.40918 ], [ -122.12336, 47.40938 ], [ -122.12346, 47.40938 ], [ -122.12346, 47.40958 ], [ -122.12356, 47.40958 ], [ -122.12356, 47.40978 ], [ -122.12366, 47.40978 ], [ -122.12366, 47.40998 ], [ -122.12376, 47.40998 ], [ -122.12376, 47.41008 ], [ -122.12386, 47.41008 ], [ -122.12386, 47.41018 ], [ -122.12396, 47.41018 ], [ -122.12396, 47.41028 ], [ -122.12406, 47.41028 ], [ -122.12406, 47.41048 ], [ -122.12416, 47.41048 ], [ -122.12416, 47.41058 ], [ -122.12426, 47.41058 ], [ -122.12426, 47.41078 ], [ -122.12436, 47.41078 ], [ -122.12436, 47.41088 ], [ -122.12456, 47.41088 ], [ -122.12456, 47.41098 ], [ -122.12476, 47.41098 ], [ -122.12476, 47.41108 ], [ -122.12496, 47.41108 ], [ -122.12496, 47.41118 ], [ -122.12526, 47.41118 ], [ -122.12526, 47.41128 ], [ -122.12536, 47.41128 ], [ -122.12536, 47.41158 ], [ -122.12546, 47.41158 ], [ -122.12546, 47.41188 ], [ -122.12556, 47.41188 ], [ -122.12556, 47.41258 ], [ -122.12546, 47.41258 ], [ -122.12546, 47.41348 ], [ -122.12536, 47.41348 ], [ -122.12536, 47.41378 ], [ -122.12526, 47.41378 ], [ -122.12526, 47.41428 ], [ -122.12536, 47.41428 ], [ -122.12536, 47.41458 ], [ -122.12546, 47.41458 ], [ -122.12546, 47.41498 ], [ -122.12556, 47.41498 ], [ -122.12556, 47.41528 ], [ -122.12546, 47.41528 ], [ -122.12546, 47.41538 ], [ -122.12536, 47.41538 ], [ -122.12536, 47.41548 ], [ -122.12496, 47.41548 ], [ -122.12496, 47.41538 ], [ -122.12476, 47.41538 ], [ -122.12476, 47.41528 ], [ -122.12456, 47.41528 ], [ -122.12456, 47.41518 ], [ -122.12396, 47.41518 ], [ -122.12396, 47.41528 ], [ -122.12376, 47.41528 ], [ -122.12376, 47.41538 ], [ -122.12366, 47.41538 ], [ -122.12366, 47.41648 ], [ -122.12376, 47.41648 ], [ -122.12376, 47.41708 ], [ -122.12366, 47.41708 ], [ -122.12366, 47.41728 ] ] ] } },
{ "type": "Feature", "properties": { "slick_id": 46, "centroid": [ -121.924001, 47.390225 ], "bounding_box": [ -121.92946, 47.38128, -121.91916, 47.401579999999996 ], "area_km2": 0.7683, "perimeter_m": 7369.38, "orientation": 73.26, "compactness": 0.1778, "confidence": 0.4917 }, "geometry": { "type": "Polygon", "coordinates": [ [ [ -121.91936, 47.40158 ], [ -121.91926, 47.40158 ], [ -121.91926, 47.40148 ], [ -121.91916, 47.40148 ], [ -121.91916, 47.40088 ], [ -121.91926, 47.40088 ], [ -121.91926, 47.39918 ], [ -121.91936, 47.39918 ], [ -121.91936, 47.39878 ], [ -121.91926, 47.39878 ], [ -121.91926, 47.39828 ], [ -121.91916, 47.39828 ], [ -121.91916, 47.39698 ], [ -121.91926, 47.39698 ], [ -121.91926, 47.39498 ], [ -121.91936, 47.39498 ], [ -121.91936, 47.39508 ], [ -121.91956, 47.39508 ], [ -121.91956, 47.39518 ], [ -121.91966, 47.39518 ], [ -121.91966, 47.39508 ], [ -121.91986, 47.39508 ], [ -121.91986, 47.39498 ], [ -121.91996, 47.39498 ], [ -121.91996, 47.39478 ], [ -121.92006, 47.39478 ], [ -121.92006, 47.39468 ], [ -121.92016, 47.39468 ], [ -121.92016, 47.39458 ], [ -121.92026, 47.39458 ], [ -121.92026, 47.39448 ], [ -121.92036, 47.39448 ], [ -121.92036, 47.39428 ], [ -121.92046, 47.39428 ], [ -121.92046, 47.39418 ], [ -121.92056, 47.39418 ], [ -121.92056, 47.39408 ], [ -121.92066, 47.39408 ], [ -121.92066, 47.39398 ], [ -121.92076, 47.39398 ], [ -121.92076, 47.39388 ], [ -121.92096, 47.39388 ], [ -121.92096, 47.39378 ], [ -121.92116, 47.39378 ], [ -121.92116, 47.39368 ], [ -121.92126, 47.39368 ], [ -121.92126, 47.39358 ], [ -121.92136, 47.39358 ], [ -121.92136, 47.39338 ], [ -121.92146, 47.39338 ], [ -121.92146, 47.39318 ], [ -121.92156, 47.39318 ], [ -121.92156, 47.39298 ], [ -121.92166, 47.39298 ], [ -121.92166, 47.39278 ], [ -121.92176, 47.39278 ], [ -121.92176, 47.39258 ], [ -121.92186, 47.39258 ], [ -121.92186, 47.39248 ], [ -121.92196, 47.39248 ], [ -121.92196, 47.39238 ], [ -121.92206, 47.39238 ], [ -121.92206, 47.39228 ], [ -121.92216, 47.39228 ], [ -121.92216, 47.39208 ], [ -121.92236, 47.39208 ], [ -121.92236, 47.39198 ], [ -121.92246, 47.39198 ], [ -121.92246, 47.39188 ], [ -121.92256, 47.39188 ], [ -121.92256, 47.39168 ], [ -121.92266, 47.39168 ], [ -121.92266, 47.39148 ], [ -121.92276, 47.39148 ], [ -121.92276, 47.39138 ], [ -121.92286, 47.39138 ], [ -121.92286, 47.39108 ], [ -121.92296, 47.39108 ], [ -121.92296, 47.39078 ], [ -121.92306, 47.39078 ], [ -121.92306, 47.39058 ], [ -121.92316, 47.39058 ], [ -121.92316, 47.39048 ], [ -121.92326, 47.39048 ], [ -121.92326, 47.39038 ], [ -121.92336, 47.39038 ], [ -121.92336, 47.39028 ], [ -121.92346, 47.39028 ], [ -121.92346, 47.39018 ], [ -121.92356, 47.39018 ], [ -121.92356, 47.39008 ], [ -121.92366, 47.39008 ], [ -121.92366, 47.38998 ], [ -121.92376, 47.38998 ], [ -121.92376, 47.38988 ], [ -121.92386, 47.38988 ], [ -121.92386, 47.38978 ], [ -121.92396, 47.38978 ], [ -121.92396, 47.38968 ], [ -121.92406, 47.38968 ], [ -121.92406, 47.38958 ], [ -121.92416, 47.38958 ], [ -121.92416, 47.38948 ], [ -121.92426, 47.38948 ], [ -121.92426, 47.38928 ], [ -121.92436, 47.38928 ], [ -121.92436, 47.38908 ], [ -121.92446, 47.38908 ], [ -121.92446, 47.38898 ], [ -121.92456, 47.38898 ], [ -121.92456, 47.38848 ], [ -121.92436, 47.38848 ], [ -121.92436, 47.38838 ], [ -121.92416, 47.38838 ], [ -121.92416, 47.38848 ], [ -121.92406, 47.38848 ], [ -121.92406, 47.38838 ], [ -121.92396, 47.38838 ], [ -121.92396, 47.38768 ], [ -121.92406, 47.38768 ], [ -121.92406, 47.38748 ], [ -121.92426, 47.38748 ], [ -121.92426, 47.38658 ], [ -121.92416, 47.38658 ], [ -121.92416, 47.38608 ], [ -121.92406, 47.38608 ], [ -121.92406, 47.38578 ], [ -121.92396, 47.38578 ], [ -121.92396, 47.38458 ], [ -121.92386, 47.38458 ], [ -121.92386, 47.38448 ], [ -121.92396, 47.38448 ], [ -121.92396, 47.38358 ], [ -121.92406, 47.38358 ], [ -121.92406, 47.38308 ], [ -121.92396, 47.38308 ], [ -121.92396, 47.38258 ], [ -121.92376, 47.38258 ], [ -121.92376, 47.38248 ], [ -121.92356, 47.38248 ], [ -121.92356, 47.38228 ], [ -121.92346, 47.38228 ], [ -121.92346, 47.38218 ], [ -121.92336, 47.38218 ], [ -121.92336, 47.38208 ], [ -121.92326, 47.38208 ], [ -121.92326, 47.38168 ], [ -121.92346, 47.38168 ], [ -121.92346, 47.38158 ], [ -121.92366, 47.38158 ], [ -121.92366, 47.38138 ], [ -121.92376, 47.38138 ], [ -121.92376, 47.38128 ], [ -121.92466, 47.38128 ], [ -121.92466, 47.38138 ], [ -121.92506, 47.38138 ], [ -121.92506, 47.38148 ], [ -121.92536, 47.38148 ], [ -121.92536, 47.38158 ], [ -121.92556, 47.38158 ], [ -121.92556, 47.38168 ], [ -121.92586, 47.38168 ], [ -121.92586, 47.38178 ], [ -121.92616, 47.38178 ], [ -121.92616, 47.38188 ], [ -121.92636, 47.38188 ], [ -121.92636, 47.38198 ], [ -121.92656, 47.38198 ], [ -121.92656, 47.38208 ], [ -121.92696, 47.38208 ], [ -121.92696, 47.38218 ], [ -121.92756, 47.38218 ], [ -121.92756, 47.38228 ], [ -121.92786, 47.38228 ], [ -121.92786, 47.38238 ], [ -121.92806, 47.38238 ], [ -121.92806, 47.38248 ], [ -121.92826, 47.38248 ], [ -121.92826, 47.38258 ], [ -121.92836, 47.38258 ], [ -121.92836, 47.38268 ], [ -121.92846, 47.38268 ], [ -121.92846, 47.38278 ], [ -121.92856, 47.38278 ], [ -121.92856, 47.38288 ], [ -121.92866, 47.38288 ], [ -121.92866, 47.38298 ], [ -121.92876, 47.38298 ], [ -121.92876, 47.38308 ], [ -121.92886, 47.38308 ], [ -121.92886, 47.38328 ], [ -121.92896, 47.38328 ], [ -121.92896, 47.38338 ], [ -121.92906, 47.38338 ], [ -121.92906, 47.38348 ], [ -121.92916, 47.38348 ], [ -121.92916, 47.38358 ], [ -121.92926, 47.38358 ], [ -121.92926, 47.38378 ], [ -121.92936, 47.38378 ], [ -121.92936, 47.38408 ], [ -121.92946, 47.38408 ], [ -121.92946, 47.38458 ], [ -121.92936, 47.38458 ], [ -121.92936, 47.38478 ], [ -121.92926, 47.38478 ], [ -121.92926, 47.38518 ], [ -121.92916, 47.38518 ], [ -121.92916, 47.38548 ], [ -121.92906, 47.38548 ], [ -121.92906, 47.38578 ], [ -121.92896, 47.38578 ], [ -121.92896, 47.38598 ], [ -121.92886, 47.38598 ], [ -121.92886, 47.38618 ], [ -121.92876, 47.38618 ], [ -121.92876, 47.38638 ], [ -121.92866, 47.38638 ], [ -121.92866, 47.38648 ], [ -121.92856, 47.38648 ], [ -121.92856, 47.38658 ], [ -121.92846, 47.38658 ], [ -121.92846, 47.38668 ], [ -121.92836, 47.38668 ], [ -121.92836, 47.38688 ], [ -121.92826, 47.38688 ], [ -121.92826, 47.38698 ], [ -121.92816, 47.38698 ], [ -121.92816, 47.38718 ], [ -121.92806, 47.38718 ], [ -121.92806, 47.38728 ], [ -121.92796, 47.38728 ], [ -121.92796, 47.38748 ], [ -121.92786, 47.38748 ], [ -121.92786, 47.38758 ], [ -121.92776, 47.38758 ], [ -121.92776, 47.38768 ], [ -121.92756, 47.38768 ], [ -121.92756, 47.38778 ], [ -121.92736, 47.38778 ], [ -121.92736, 47.38788 ], [ -121.92686, 47.38788 ], [ -121.92686, 47.38778 ], [ -121.92676, 47.38778 ], [ -121.92676, 47.38788 ], [ -121.92636, 47.38788 ], [ -121.92636, 47.38798 ], [ -121.92616, 47.38798 ], [ -121.92616, 47.38808 ], [ -121.92596, 47.38808 ], [ -121.92596, 47.38818 ], [ -121.92586, 47.38818 ], [ -121.92586, 47.38828 ], [ -121.92576, 47.38828 ], [ -121.92576, 47.38838 ], [ -121.92566, 47.38838 ], [ -121.92566, 47.38848 ], [ -121.92556, 47.38848 ], [ -121.92556, 47.38858 ], [ -121.92536, 47.38858 ], [ -121.92536, 47.38868 ], [ -121.92516, 47.38868 ], [ -121.92516, 47.38878 ], [ -121.92496, 47.38878 ], [ -121.92496, 47.38888 ], [ -121.92486, 47.38888 ], [ -121.92486, 47.38908 ], [ -121.92476, 47.38908 ], [ -121.92476, 47.38978 ], [ -121.92466, 47.38978 ], [ -121.92466, 47.39018 ], [ -121.92456, 47.39018 ], [ -121.92456, 47.39068 ], [ -121.92446, 47.39068 ], [ -121.92446, 47.39218 ], [ -121.92436, 47.39218 ], [ -121.92436, 47.39268 ], [ -121.92446, 47.39268 ], [ -121.92446, 47.39378 ], [ -121.92436, 47.39378 ], [ -121.92436, 47.39428 ], [ -121.92426, 47.39428 ], [ -121.92426, 47.39488 ], [ -121.92416, 47.39488 ], [ -121.92416, 47.39538 ], [ -121.92406, 47.39538 ], [ -121.92406, 47.39578 ], [ -121.92396, 47.39578 ], [ -121.92396, 47.39588 ], [ -121.92386, 47.39588 ], [ -121.92386, 47.39598 ], [ -121.92366, 47.39598 ], [ -121.92366, 47.39608 ], [ -121.92346, 47.39608 ], [ -121.92346, 47.39618 ], [ -121.92336, 47.39618 ], [ -121.92336, 47.39648 ], [ -121.92316, 47.39648 ], [ -121.92316, 47.39658 ], [ -121.92296, 47.39658 ], [ -121.92296, 47.39668 ], [ -121.92286, 47.39668 ], [ -121.92286, 47.39678 ], [ -121.92276, 47.39678 ], [ -121.92276, 47.39688 ], [ -121.92266, 47.39688 ], [ -121.92266, 47.39768 ], [ -121.92256, 47.39768 ], [ -121.92256, 47.39788 ], [ -121.92246, 47.39788 ], [ -121.92246, 47.39798 ], [ -121.92236, 47.39798 ], [ -121.92236, 47.39808 ], [ -121.92226, 47.39808 ], [ -121.92226, 47.39818 ], [ -121.92216, 47.39818 ], [ -121.92216, 47.39828 ], [ -121.92206, 47.39828 ], [ -121.92206, 47.39838 ], [ -121.92196, 47.39838 ], [ -121.92196, 47.39848 ], [ -121.92186, 47.39848 ], [ -121.92186, 47.39858 ], [ -121.92176, 47.39858 ], [ -121.92176, 47.39878 ], [ -121.92166, 47.39878 ], [ -121.92166, 47.39908 ], [ -121.92156, 47.39908 ], [ -121.92156, 47.39928 ], [ -121.92146, 47.39928 ], [ -121.92146, 47.39938 ], [ -121.92136, 47.39938 ], [ -121.92136, 47.39958 ], [ -121.92126, 47.39958 ], [ -121.92126, 47.39968 ], [ -121.92116, 47.39968 ], [ -121.92116, 47.39978 ], [ -121.92106, 47.39978 ], [ -121.92106, 47.39988 ], [ -121.92096, 47.39988 ], [ -121.92096, 47.39998 ], [ -121.92086, 47.39998 ], [ -121.92086, 47.40008 ], [ -121.92076, 47.40008 ], [ -121.92076, 47.40018 ], [ -121.92066, 47.40018 ], [ -121.92066, 47.40028 ], [ -121.92046, 47.40028 ], [ -121.92046, 47.40038 ], [ -121.92036, 47.40038 ], [ -121.92036, 47.40048 ], [ -121.92016, 47.40048 ], [ -121.92016, 47.40058 ], [ -121.92006, 47.40058 ], [ -121.92006, 47.40068 ], [ -121.91996, 47.40068 ], [ -121.91996, 47.40078 ], [ -121.91986, 47.40078 ], [ -121.91986, 47.40088 ], [ -121.91976, 47.40088 ], [ -121.91976, 47.40108 ], [ -121.91966, 47.40108 ], [ -121.91966, 47.40128 ], [ -121.91956, 47.40128 ], [ -121.91956, 47.40138 ], [ -121.91946, 47.40138 ], [ -121.91946, 47.40148 ], [ -121.91936, 47.40148 ], [ -121.91936, 47.40158 ] ] ] } },
{ "type": "Feature", "properties": { "slick_id": 47, "centroid": [ -121.841413, 47.385517 ], "bounding_box": [ -121.84186000000001, 47.37898, -121.84056000000001, 47.39028 ], "area_km2": 0.0985, "perimeter_m": 2805.26, "orientation": 90.0, "compactness": 0.1573, "confidence": 0.3833 }, "geometry": { "type": "Polygon", "coordinates": [ [ [ -121.84186, 47.39028 ], [ -121.84176, 47.39028 ], [ -121.84176, 47.39008 ], [ -121.84166, 47.39008 ], [ -121.84166, 47.38998 ], [ -121.84146, 47.38998 ], [ -121.84146, 47.38978 ], [ -121.84136, 47.38978 ], [ -121.84136, 47.38958 ], [ -121.84126, 47.38958 ], [ -121.84126, 47.38908 ], [ -121.84116, 47.38908 ], [ -121.84116, 47.38868 ], [ -121.84106, 47.38868 ], [ -121.84106, 47.38828 ], [ -121.84096, 47.38828 ], [ -121.84096, 47.38808 ], [ -121.84086, 47.38808 ], [ -121.84086, 47.38748 ], [ -121.84076, 47.38748 ], [ -121.84076, 47.38718 ], [ -121.84066, 47.38718 ], [ -121.84066, 47.38668 ], [ -121.84056, 47.38668 ], [ -121.84056, 47.38638 ], [ -121.84066, 47.38638 ], [ -121.84066, 47.38538 ], [ -121.84076, 47.38538 ], [ -121.84076, 47.38498 ], [ -121.84086, 47.38498 ], [ -121.84086, 47.38408 ], [ -121.84096, 47.38408 ], [ -121.84096, 47.38388 ], [ -121.84106, 47.38388 ], [ -121.84106, 47.38368 ], [ -121.84116, 47.38368 ], [ -121.84116, 47.38288 ], [ -121.84126, 47.38288 ], [ -121.84126, 47.38258 ], [ -121.84136, 47.38258 ], [ -121.84136, 47.38208 ], [ -121.84146, 47.38208 ], [ -121.84146, 47.38058 ], [ -121.84156, 47.38058 ], [ -121.84156, 47.38028 ], [ -121.84166, 47.38028 ], [ -121.84166, 47.37988 ], [ -121.84176, 47.37988 ], [ -121.84176, 47.37898 ], [ -121.84186, 47.37898 ], [ -121.84186, 47.39028 ] ] ] } },
{ "type": "Feature", "properties": { "slick_id": 48, "centroid": [ -121.846446, 47.38489 ], "bounding_box": [ -121.85036000000001, 47.378679999999996, -121.84296, 47.39058 ], "area_km2": 0.8732, "perimeter_m": 4608.65, "orientation": 90.0, "compactness": 0.5166, "confidence": 0.3784 }, "geometry": { "type": "Polygon", "coordinates": [ [ [ -121.84756, 47.39058 ], [ -121.84546, 47.39058 ], [ -121.84546, 47.39048 ], [ -121.84506, 47.39048 ], [ -121.84506, 47.39038 ], [ -121.84466, 47.39038 ], [ -121.84466, 47.39028 ], [ -121.84436, 47.39028 ], [ -121.84436, 47.39018 ], [ -121.84416, 47.39018 ], [ -121.84416, 47.39008 ], [ -121.84406, 47.39008 ], [ -121.84406, 47.38998 ], [ -121.84386, 47.38998 ], [ -121.84386, 47.38988 ], [ -121.84366, 47.38988 ], [ -121.84366, 47.38978 ], [ -121.84356, 47.38978 ], [ -121.84356, 47.38968 ], [ -121.84336, 47.38968 ], [ -121.84336, 47.38958 ], [ -121.84326, 47.38958 ], [ -121.84326, 47.38938 ], [ -121.84306, 47.38938 ], [ -121.84306, 47.38918 ], [ -121.84296, 47.38918 ], [ -121.84296, 47.38868 ], [ -121.84306, 47.38868 ], [ -121.84306, 47.38858 ], [ -121.84316, 47.38858 ], [ -121.84316, 47.38838 ], [ -121.84326, 47.38838 ], [ -121.84326, 47.38788 ], [ -121.84316, 47.38788 ], [ -121.84316, 47.38768 ], [ -121.84306, 47.38768 ], [ -121.84306, 47.38708 ], [ -121.84316, 47.38708 ], [ -121.84316, 47.38678 ], [ -121.84326, 47.38678 ], [ -121.84326, 47.38588 ], [ -121.84316, 47.38588 ], [ -121.84316, 47.38578 ], [ -121.84306, 47.38578 ], [ -121.84306, 47.38568 ], [ -121.84316, 47.38568 ], [ -121.84316, 47.38558 ], [ -121.84326, 47.38558 ], [ -121.84326, 47.38548 ], [ -121.84336, 47.38548 ], [ -121.84336, 47.38528 ], [ -121.84346, 47.38528 ], [ -121.84346, 47.38488 ], [ -121.84356, 47.38488 ], [ -121.84356, 47.38458 ], [ -121.84366, 47.38458 ], [ -121.84366, 47.38438 ], [ -121.84376, 47.38438 ], [ -121.84376, 47.38428 ], [ -121.84386, 47.38428 ], [ -121.84386, 47.38338 ], [ -121.84376, 47.38338 ], [ -121.84376, 47.38318 ], [ -121.84356, 47.38318 ], [ -121.84356, 47.38308 ], [ -121.84336, 47.38308 ], [ -121.84336, 47.38298 ], [ -121.84326, 47.38298 ], [ -121.84326, 47.38288 ], [ -121.84316, 47.38288 ], [ -121.84316, 47.38268 ], [ -121.84306, 47.38268 ], [ -121.84306, 47.38168 ], [ -121.84296, 47.38168 ], [ -121.84296, 47.38088 ], [ -121.84306, 47.38088 ], [ -121.84306, 47.38058 ], [ -121.84316, 47.38058 ], [ -121.84316, 47.38038 ], [ -121.84326, 47.38038 ], [ -121.84326, 47.38018 ], [ -121.84336, 47.38018 ], [ -121.84336, 47.38008 ], [ -121.84356, 47.38008 ], [ -121.84356, 47.37998 ], [ -121.84366, 47.37998 ], [ -121.84366, 47.37988 ], [ -121.84376, 47.37988 ], [ -121.84376, 47.37978 ], [ -121.84386, 47.37978 ], [ -121.84386, 47.37948 ], [ -121.84396, 47.37948 ], [ -121.84396, 47.37928 ], [ -121.84406, 47.37928 ], [ -121.84406, 47.37918 ], [ -121.84426, 47.37918 ], [ -121.84426, 47.37908 ], [ -121.84456, 47.37908 ], [ -121.84456, 47.37898 ], [ -121.84486, 47.37898 ], [ -121.84486, 47.37888 ], [ -121.84526, 47.37888 ], [ -121.84526, 47.37878 ], [ -121.84566, 47.37878 ], [ -121.84566, 47.37868 ], [ -121.84716, 47.37868 ], [ -121.84716, 47.37878 ], [ -121.84736, 47.37878 ], [ -121.84736, 47.37888 ], [ -121.84746, 47.37888 ], [ -121.84746, 47.37898 ], [ -121.84756, 47.37898 ], [ -121.84756, 47.37908 ], [ -121.84766, 47.37908 ], [ -121.84766, 47.37918 ], [ -121.84786, 47.37918 ], [ -121.84786, 47.37928 ], [ -121.84796, 47.37928 ], [ -121.84796, 47.37948 ], [ -121.84806, 47.37948 ], [ -121.84806, 47.37958 ], [ -121.84816, 47.37958 ], [ -121.84816, 47.37978 ], [ -121.84826, 47.37978 ], [ -121.84826, 47.37988 ], [ -121.84836, 47.37988 ], [ -121.84836, 47.37998 ], [ -121.84846, 47.37998 ], [ -121.84846, 47.38008 ], [ -121.84856, 47.38008 ], [ -121.84856, 47.38018 ], [ -121.84866, 47.38018 ], [ -121.84866, 47.38028 ], [ -121.84876, 47.38028 ], [ -121.84876, 47.38038 ], [ -121.84886, 47.38038 ], [ -121.84886, 47.38048 ], [ -121.84896, 47.38048 ], [ -121.84896, 47.38088 ], [ -121.84906, 47.38088 ], [ -121.84906, 47.38128 ], [ -121.84916, 47.38128 ], [ -121.84916, 47.38168 ], [ -121.84926, 47.38168 ], [ -121.84926, 47.38188 ], [ -121.84936, 47.38188 ], [ -121.84936, 47.38208 ], [ -121.84946, 47.38208 ], [ -121.84946, 47.38408 ], [ -121.84956, 47.38408 ], [ -121.84956, 47.38438 ], [ -121.84966, 47.38438 ], [ -121.84966, 47.38448 ], [ -121.84976, 47.38448 ], [ -121.84976, 47.38468 ], [ -121.84986, 47.38468 ], [ -121.84986, 47.38488 ], [ -121.84996, 47.38488 ], [ -121.84996, 47.38518 ], [ -121.85006, 47.38518 ], [ -121.85006, 47.38578 ], [ -121.85016, 47.38578 ], [ -121.85016, 47.38608 ], [ -121.85026, 47.38608 ], [ -121.85026, 47.38628 ], [ -121.85036, 47.38628 ], [ -121.85036, 47.38718 ], [ -121.85026, 47.38718 ], [ -121.85026, 47.38758 ], [ -121.85016, 47.38758 ], [ -121.85016, 47.38788 ], [ -121.85026, 47.38788 ], [ -121.85026, 47.38818 ], [ -121.85016, 47.38818 ], [ -121.85016, 47.38848 ], [ -121.85006, 47.38848 ], [ -121.85006, 47.38858 ], [ -121.84996, 47.38858 ], [ -121.84996, 47.38878 ], [ -121.84986, 47.38878 ], [ -121.84986, 47.38888 ], [ -121.84976, 47.38888 ], [ -121.84976, 47.38898 ], [ -121.84966, 47.38898 ], [ -121.84966, 47.38908 ], [ -121.84956, 47.38908 ], [ -121.84956, 47.38918 ], [ -121.84936, 47.38918 ], [ -121.84936, 47.38928 ], [ -121.84926, 47.38928 ], [ -121.84926, 47.38948 ], [ -121.84916, 47.38948 ], [ -121.84916, 47.38968 ], [ -121.84906, 47.38968 ], [ -121.84906, 47.38978 ], [ -121.84896, 47.38978 ], [ -121.84896, 47.38988 ], [ -121.84886, 47.38988 ], [ -121.84886, 47.38998 ], [ -121.84866, 47.38998 ], [ -121.84866, 47.39008 ], [ -121.84856, 47.39008 ], [ -121.84856, 47.39018 ], [ -121.84826, 47.39018 ], [ -121.84826, 47.39028 ], [ -121.84796, 47.39028 ], [ -121.84796, 47.39038 ], [ -121.84776, 47.39038 ], [ -121.84776, 47.39048 ], [ -121.84756, 47.39048 ], [ -121.84756, 47.39058 ] ] ] } },
{ "type": "Feature", "properties": { "slick_id": 49, "centroid": [ -122.090088, 47.373634 ], "bounding_box": [ -122.09146000000001, 47.37208, -122.08906, 47.37528 ], "area_km2": 0.0476, "perimeter_m": 1313.58, "orientation": 38.16, "compactness": 0.3466, "confidence": 0.3332 }, "geometry": { "type": "Polygon", "coordinates": [ [ [ -122.09006, 47.37528 ], [ -122.08996, 47.37528 ], [ -122.08996, 47.37518 ], [ -122.08986, 47.37518 ], [ -122.08986, 47.37508 ], [ -122.08966, 47.37508 ], [ -122.08966, 47.37498 ], [ -122.08956, 47.37498 ], [ -122.08956, 47.37478 ], [ -122.08946, 47.37478 ], [ -122.08946, 47.37468 ], [ -122.08936, 47.37468 ], [ -122.08936, 47.37458 ], [ -122.08926, 47.37458 ], [ -122.08926, 47.37438 ], [ -122.08916, 47.37438 ], [ -122.08916, 47.37408 ], [ -122.08906, 47.37408 ], [ -122.08906, 47.37318 ], [ -122.08916, 47.37318 ], [ -122.08916, 47.37308 ], [ -122.08926, 47.37308 ], [ -122.08926, 47.37298 ], [ -122.08946, 47.37298 ], [ -122.08946, 47.37288 ], [ -122.08976, 47.37288 ], [ -122.08976, 47.37278 ], [ -122.08996, 47.37278 ], [ -122.08996, 47.37268 ], [ -122.09006, 47.37268 ], [ -122.09006, 47.37258 ], [ -122.09016, 47.37258 ], [ -122.09016, 47.37248 ], [ -122.09026, 47.37248 ], [ -122.09026, 47.37238 ], [ -122.09036, 47.37238 ], [ -122.09036, 47.37208 ], [ -122.09076, 47.37208 ], [ -122.09076, 47.37228 ], [ -122.09086, 47.37228 ], [ -122.09086, 47.37268 ], [ -122.09096, 47.37268 ], [ -122.09096, 47.37308 ], [ -122.09086, 47.37308 ], [ -122.09086, 47.37338 ], [ -122.09096, 47.37338 ], [ -122.09096, 47.37358 ], [ -122.09106, 47.37358 ], [ -122.09106, 47.37368 ], [ -122.09116, 47.37368 ], [ -122.09116, 47.37378 ], [ -122.09126, 47.37378 ], [ -122.09126, 47.37388 ], [ -122.09136, 47.37388 ], [ -122.09136, 47.37398 ], [ -122.09146, 47.37398 ], [ -122.09146, 47.37418 ], [ -122.09106, 47.37418 ], [ -122.09106, 47.37408 ], [ -122.09086, 47.37408 ], [ -122.09086, 47.37398 ], [ -122.09056, 47.37398 ], [ -122.09056, 47.37408 ], [ -122.09036, 47.37408 ], [ -122.09036, 47.37428 ], [ -122.09026, 47.37428 ], [ -122.09026, 47.37488 ], [ -122.09016, 47.37488 ], [ -122.09016, 47.37518 ], [ -122.09006, 47.37518 ], [ -122.09006, 47.37528 ] ] ] } },
{ "type": "Feature", "properties": { "slick_id": 50, "centroid": [ -121.767591, 47.373594 ], "bounding_box": [ -121.76966, 47.37198, -121.76556000000001, 47.37508 ], "area_km2": 0.1121, "perimeter_m": 1736.59, "orientation": 0.0, "compactness": 0.4673, "confidence": 0.3093 }, "geometry": { "type": "Polygon", "coordinates": [ [ [ -121.76886, 47.37508 ], [ -121.76836, 47.37508 ], [ -121.76836, 47.37498 ], [ -121.76786, 47.37498 ], [ -121.76786, 47.37488 ], [ -121.76746, 47.37488 ], [ -121.76746, 47.37478 ], [ -121.76706, 47.37478 ], [ -121.76706, 47.37468 ], [ -121.76666, 47.37468 ], [ -121.76666, 47.37458 ], [ -121.76636, 47.37458 ], [ -121.76636, 47.37448 ], [ -121.76606, 47.37448 ], [ -121.76606, 47.37458 ], [ -121.76586, 47.37458 ], [ -121.76586, 47.37468 ], [ -121.76566, 47.37468 ], [ -121.76566, 47.37448 ], [ -121.76556, 47.37448 ], [ -121.76556, 47.37298 ], [ -121.76566, 47.37298 ], [ -121.76566, 47.37268 ], [ -121.76576, 47.37268 ], [ -121.76576, 47.37278 ], [ -121.76596, 47.37278 ], [ -121.76596, 47.37288 ], [ -121.76616, 47.37288 ], [ -121.76616, 47.37278 ], [ -121.76636, 47.37278 ], [ -121.76636, 47.37268 ], [ -121.76656, 47.37268 ], [ -121.76656, 47.37258 ], [ -121.76666, 47.37258 ], [ -121.76666, 47.37248 ], [ -121.76676, 47.37248 ], [ -121.76676, 47.37238 ], [ -121.76686, 47.37238 ], [ -121.76686, 47.37228 ], [ -121.76706, 47.37228 ], [ -121.76706, 47.37218 ], [ -121.76736, 47.37218 ], [ -121.76736, 47.37208 ], [ -121.76776, 47.37208 ], [ -121.76776, 47.37198 ], [ -121.76856, 47.37198 ], [ -121.76856, 47.37218 ], [ -121.76866, 47.37218 ], [ -121.76866, 47.37228 ], [ -121.76876, 47.37228 ], [ -121.76876, 47.37248 ], [ -121.76886, 47.37248 ], [ -121.76886, 47.37268 ], [ -121.76896, 47.37268 ], [ -121.76896, 47.37278 ], [ -121.76906, 47.37278 ], [ -121.76906, 47.37298 ], [ -121.76916, 47.37298 ], [ -121.76916, 47.37328 ], [ -121.76926, 47.37328 ], [ -121.76926, 47.37378 ], [ -121.76946, 47.37378 ], [ -121.76946, 47.37388 ], [ -121.76956, 47.37388 ], [ -121.76956, 47.37378 ], [ -121.76966, 47.37378 ], [ -121.76966, 47.37458 ], [ -121.76956, 47.37458 ], [ -121.76956, 47.37448 ], [ -121.76936, 47.37448 ], [ -121.76936, 47.37458 ], [ -121.76916, 47.37458 ], [ -121.76916, 47.37468 ], [ -121.76906, 47.37468 ], [ -121.76906, 47.37478 ], [ -121.76896, 47.37478 ], [ -121.76896, 47.37498 ], [ -121.76886, 47.37498 ], [ -121.76886, 47.37508 ] ] ] } },
{ "type": "Feature", "properties": { "slick_id": 51, "centroid": [ -121.846664, 47.373825 ], "bounding_box": [ -121.84946000000001, 47.371179999999995, -121.84416, 47.37618 ], "area_km2": 0.2207, "perimeter_m": 2293.19, "orientation": 14.04, "compactness": 0.5274, "confidence": 0.3263 }, "geometry": { "type": "Polygon", "coordinates": [ [ [ -121.84586, 47.37618 ], [ -121.84516, 47.37618 ], [ -121.84516, 47.37608 ], [ -121.84506, 47.37608 ], [ -121.84506, 47.37598 ], [ -121.84496, 47.37598 ], [ -121.84496, 47.37578 ], [ -121.84486, 47.37578 ], [ -121.84486, 47.37568 ], [ -121.84476, 47.37568 ], [ -121.84476, 47.37548 ], [ -121.84466, 47.37548 ], [ -121.84466, 47.37528 ], [ -121.84456, 47.37528 ], [ -121.84456, 47.37518 ], [ -121.84446, 47.37518 ], [ -121.84446, 47.37498 ], [ -121.84436, 47.37498 ], [ -121.84436, 47.37488 ], [ -121.84426, 47.37488 ], [ -121.84426, 47.37468 ], [ -121.84416, 47.37468 ], [ -121.84416, 47.37398 ], [ -121.84426, 47.37398 ], [ -121.84426, 47.37378 ], [ -121.84436, 47.37378 ], [ -121.84436, 47.37368 ], [ -121.84446, 47.37368 ], [ -121.84446, 47.37358 ], [ -121.84456, 47.37358 ], [ -121.84456, 47.37348 ], [ -121.84466, 47.37348 ], [ -121.84466, 47.37338 ], [ -121.84476, 47.37338 ], [ -121.84476, 47.37238 ], [ -121.84486, 47.37238 ], [ -121.84486, 47.37208 ], [ -121.84496, 47.37208 ], [ -121.84496, 47.37198 ], [ -121.84516, 47.37198 ], [ -121.84516, 47.37188 ], [ -121.84546, 47.37188 ], [ -121.84546, 47.37178 ], [ -121.84566, 47.37178 ], [ -121.84566, 47.37168 ], [ -121.84576, 47.37168 ], [ -121.84576, 47.37158 ], [ -121.84586, 47.37158 ], [ -121.84586, 47.37148 ], [ -121.84596, 47.37148 ], [ -121.84596, 47.37138 ], [ -121.84676, 47.37138 ], [ -121.84676, 47.37128 ], [ -121.84716, 47.37128 ], [ -121.84716, 47.37118 ], [ -121.84736, 47.37118 ], [ -121.84736, 47.37128 ], [ -121.84746, 47.37128 ], [ -121.84746, 47.37148 ], [ -121.84756, 47.37148 ], [ -121.84756, 47.37168 ], [ -121.84766, 47.37168 ], [ -121.84766, 47.37178 ], [ -121.84776, 47.37178 ], [ -121.84776, 47.37198 ], [ -121.84796, 47.37198 ], [ -121.84796, 47.37208 ], [ -121.84806, 47.37208 ], [ -121.84806, 47.37228 ], [ -121.84816, 47.37228 ], [ -121.84816, 47.37238 ], [ -121.84836, 47.37238 ], [ -121.84836, 47.37288 ], [ -121.84846, 47.37288 ], [ -121.84846, 47.37298 ], [ -121.84866, 47.37298 ], [ -121.84866, 47.37308 ], [ -121.84886, 47.37308 ], [ -121.84886, 47.37318 ], [ -121.84896, 47.37318 ], [ -121.84896, 47.37328 ], [ -121.84906, 47.37328 ], [ -121.84906, 47.37338 ], [ -121.84916, 47.37338 ], [ -121.84916, 47.37348 ], [ -121.84926, 47.37348 ], [ -121.84926, 47.37408 ], [ -121.84936, 47.37408 ], [ -121.84936, 47.37438 ], [ -121.84946, 47.37438 ], [ -121.84946, 47.37458 ], [ -121.84936, 47.37458 ], [ -121.84936, 47.37478 ], [ -121.84926, 47.37478 ], [ -121.84926, 47.37488 ], [ -121.84916, 47.37488 ], [ -121.84916, 47.37498 ], [ -121.84906, 47.37498 ], [ -121.84906, 47.37508 ], [ -121.84896, 47.37508 ], [ -121.84896, 47.37518 ], [ -121.84886, 47.37518 ], [ -121.84886, 47.37528 ], [ -121.84876, 47.37528 ], [ -121.84876, 47.37538 ], [ -121.84806, 47.37538 ], [ -121.84806, 47.37548 ], [ -121.84786, 47.37548 ], [ -121.84786, 47.37558 ], [ -121.84776, 47.37558 ], [ -121.84776, 47.37568 ], [ -121.84746, 47.37568 ], [ -121.84746, 47.37578 ], [ -121.84646, 47.37578 ], [ -121.84646, 47.37588 ], [ -121.84626, 47.37588 ], [ -121.84626, 47.37598 ], [ -121.84606, 47.37598 ], [ -121.84606, 47.37608 ], [ -121.84586, 47.37608 ], [ -121.84586, 47.37618 ] ] ] } },
{ "type": "Feature", "properties": { "slick_id": 52, "centroid": [ -122.033921, 47.369496 ], "bounding_box": [ -122.03536000000001, 47.366479999999996, -122.03196000000001, 47.37218 ], "area_km2": 0.102, "perimeter_m": 2315.46, "orientation": 69.68, "compactness": 0.239, "confidence": 0.3481 }, "geometry": { "type": "Polygon", "coordinates": [ [ [ -122.03296, 47.37218 ], [ -122.03206, 47.37218 ], [ -122.03206, 47.37208 ], [ -122.03196, 47.37208 ], [ -122.03196, 47.37198 ], [ -122.03206, 47.37198 ], [ -122.03206, 47.37168 ], [ -122.03226, 47.37168 ], [ -122.03226, 47.37158 ], [ -122.03246, 47.37158 ], [ -122.03246, 47.37148 ], [ -122.03256, 47.37148 ], [ -122.03256, 47.37118 ], [ -122.03236, 47.37118 ], [ -122.03236, 47.37108 ], [ -122.03226, 47.37108 ], [ -122.03226, 47.37098 ], [ -122.03216, 47.37098 ], [ -122.03216, 47.37068 ], [ -122.03236, 47.37068 ], [ -122.03236, 47.37058 ], [ -122.03246, 47.37058 ], [ -122.03246, 47.37068 ], [ -122.03266, 47.37068 ], [ -122.03266, 47.37078 ], [ -122.03316, 47.37078 ], [ -122.03316, 47.37068 ], [ -122.03336, 47.37068 ], [ -122.03336, 47.37028 ], [ -122.03326, 47.37028 ], [ -122.03326, 47.36968 ], [ -122.03336, 47.36968 ], [ -122.03336, 47.36958 ], [ -122.03346, 47.36958 ], [ -122.03346, 47.36948 ], [ -122.03356, 47.36948 ], [ -122.03356, 47.36938 ], [ -122.03376, 47.36938 ], [ -122.03376, 47.36878 ], [ -122.03366, 47.36878 ], [ -122.03366, 47.36868 ], [ -122.03346, 47.36868 ], [ -122.03346, 47.36858 ], [ -122.03316, 47.36858 ], [ -122.03316, 47.36798 ], [ -122.03326, 47.36798 ], [ -122.03326, 47.36788 ], [ -122.03336, 47.36788 ], [ -122.03336, 47.36768 ], [ -122.03346, 47.36768 ], [ -122.03346, 47.36748 ], [ -122.03356, 47.36748 ], [ -122.03356, 47.36738 ], [ -122.03366, 47.36738 ], [ -122.03366, 47.36688 ], [ -122.03376, 47.36688 ], [ -122.03376, 47.36668 ], [ -122.03386, 47.36668 ], [ -122.03386, 47.36658 ], [ -122.03396, 47.36658 ], [ -122.03396, 47.36648 ], [ -122.03416, 47.36648 ], [ -122.03416, 47.36668 ], [ -122.03426, 47.36668 ], [ -122.03426, 47.36708 ], [ -122.03436, 47.36708 ], [ -122.03436, 47.36728 ], [ -122.03446, 47.36728 ], [ -122.03446, 47.36738 ], [ -122.03456, 47.36738 ], [ -122.03456, 47.36748 ], [ -122.03476, 47.36748 ], [ -122.03476, 47.36758 ], [ -122.03496, 47.36758 ], [ -122.03496, 47.36768 ], [ -122.03506, 47.36768 ], [ -122.03506, 47.36778 ], [ -122.03516, 47.36778 ], [ -122.03516, 47.36788 ], [ -122.03526, 47.36788 ], [ -122.03526, 47.36798 ], [ -122.03536, 47.36798 ], [ -122.03536, 47.36818 ], [ -122.03526, 47.36818 ], [ -122.03526, 47.36878 ], [ -122.03516, 47.36878 ], [ -122.03516, 47.36988 ], [ -122.03506, 47.36988 ], [ -122.03506, 47.37018 ], [ -122.03496, 47.37018 ], [ -122.03496, 47.37028 ], [ -122.03486, 47.37028 ], [ -122.03486, 47.37048 ], [ -122.03476, 47.37048 ], [ -122.03476, 47.37058 ], [ -122.03466, 47.37058 ], [ -122.03466, 47.37068 ], [ -122.03456, 47.37068 ], [ -122.03456, 47.37078 ], [ -122.03436, 47.37078 ], [ -122.03436, 47.37088 ], [ -122.03426, 47.37088 ], [ -122.03426, 47.37098 ], [ -122.03416, 47.37098 ], [ -122.03416, 47.37108 ], [ -122.03406, 47.37108 ], [ -122.03406, 47.37128 ], [ -122.03396, 47.37128 ], [ -122.03396, 47.37138 ], [ -122.03386, 47.37138 ], [ -122.03386, 47.37148 ], [ -122.03376, 47.37148 ], [ -122.03376, 47.37158 ], [ -122.03336, 47.37158 ], [ -122.03336, 47.37168 ], [ -122.03316, 47.37168 ], [ -122.03316, 47.37198 ], [ -122.03306, 47.37198 ], [ -122.03306, 47.37208 ], [ -122.03296, 47.37208 ], [ -122.03296, 47.37218 ] ] ] } },
{ "type": "Feature", "properties": { "slick_id": 53, "centroid": [ -122.205477, 47.363096 ], "bounding_box": [ -122.20666, 47.36138, -122.20406000000001, 47.36468 ], "area_km2": 0.0658, "perimeter_m": 1491.69, "orientation": 83.29, "compactness": 0.3716, "confidence": 0.3572 }, "geometry": { "type": "Polygon", "coordinates": [ [ [ -122.20606, 47.36468 ], [ -122.20576, 47.36468 ], [ -122.20576, 47.36458 ], [ -122.20556, 47.36458 ], [ -122.20556, 47.36428 ], [ -122.20546, 47.36428 ], [ -122.20546, 47.36398 ], [ -122.20536, 47.36398 ], [ -122.20536, 47.36378 ], [ -122.20516, 47.36378 ], [ -122.20516, 47.36368 ], [ -122.20496, 47.36368 ], [ -122.20496, 47.36378 ], [ -122.20476, 47.36378 ], [ -122.20476, 47.36388 ], [ -122.20466, 47.36388 ], [ -122.20466, 47.36418 ], [ -122.20456, 47.36418 ], [ -122.20456, 47.36438 ], [ -122.20446, 47.36438 ], [ -122.20446, 47.36448 ], [ -122.20406, 47.36448 ], [ -122.20406, 47.36368 ], [ -122.20416, 47.36368 ], [ -122.20416, 47.36348 ], [ -122.20426, 47.36348 ], [ -122.20426, 47.36318 ], [ -122.20436, 47.36318 ], [ -122.20436, 47.36298 ], [ -122.20446, 47.36298 ], [ -122.20446, 47.36288 ], [ -122.20456, 47.36288 ], [ -122.20456, 47.36258 ], [ -122.20466, 47.36258 ], [ -122.20466, 47.36228 ], [ -122.20476, 47.36228 ], [ -122.20476, 47.36198 ], [ -122.20486, 47.36198 ], [ -122.20486, 47.36188 ], [ -122.20496, 47.36188 ], [ -122.20496, 47.36178 ], [ -122.20506, 47.36178 ], [ -122.20506, 47.36168 ], [ -122.20516, 47.36168 ], [ -122.20516, 47.36158 ], [ -122.20546, 47.36158 ], [ -122.20546, 47.36148 ], [ -122.20576, 47.36148 ], [ -122.20576, 47.36138 ], [ -122.20586, 47.36138 ], [ -122.20586, 47.36178 ], [ -122.20596, 47.36178 ], [ -122.20596, 47.36188 ], [ -122.20606, 47.36188 ], [ -122.20606, 47.36198 ], [ -122.20616, 47.36198 ], [ -122.20616, 47.36208 ], [ -122.20636, 47.36208 ], [ -122.20636, 47.36218 ], [ -122.20656, 47.36218 ], [ -122.20656, 47.36238 ], [ -122.20666, 47.36238 ], [ -122.20666, 47.36328 ], [ -122.20656, 47.36328 ], [ -122.20656, 47.36368 ], [ -122.20646, 47.36368 ], [ -122.20646, 47.36408 ], [ -122.20636, 47.36408 ], [ -122.20636, 47.36428 ], [ -122.20626, 47.36428 ], [ -122.20626, 47.36438 ], [ -122.20616, 47.36438 ], [ -122.20616, 47.36458 ], [ -122.20606, 47.36458 ], [ -122.20606, 47.36468 ] ] ] } },
{ "type": "Feature", "properties": { "slick_id": 54, "centroid": [ -122.128883, 47.364644 ], "bounding_box": [ -122.13396, 47.358779999999996, -122.12426, 47.371779999999994 ], "area_km2": 0.4786, "perimeter_m": 5499.21, "orientation": 53.13, "compactness": 0.1989, "confidence": 0.4686 }, "geometry": { "type": "Polygon", "coordinates": [ [ [ -122.12496, 47.37178 ], [ -122.12486, 47.37178 ], [ -122.12486, 47.37168 ], [ -122.12456, 47.37168 ], [ -122.12456, 47.37158 ], [ -122.12446, 47.37158 ], [ -122.12446, 47.37148 ], [ -122.12436, 47.37148 ], [ -122.12436, 47.37118 ], [ -122.12426, 47.37118 ], [ -122.12426, 47.37068 ], [ -122.12436, 47.37068 ], [ -122.12436, 47.37008 ], [ -122.12446, 47.37008 ], [ -122.12446, 47.36908 ], [ -122.12436, 47.36908 ], [ -122.12436, 47.36778 ], [ -122.12446, 47.36778 ], [ -122.12446, 47.36768 ], [ -122.12456, 47.36768 ], [ -122.12456, 47.36758 ], [ -122.12466, 47.36758 ], [ -122.12466, 47.36748 ], [ -122.12486, 47.36748 ], [ -122.12486, 47.36728 ], [ -122.12496, 47.36728 ], [ -122.12496, 47.36708 ], [ -122.12506, 47.36708 ], [ -122.12506, 47.36688 ], [ -122.12516, 47.36688 ], [ -122.12516, 47.36678 ], [ -122.12526, 47.36678 ], [ -122.12526, 47.36668 ], [ -122.12536, 47.36668 ], [ -122.12536, 47.36658 ], [ -122.12556, 47.36658 ], [ -122.12556, 47.36648 ], [ -122.12586, 47.36648 ], [ -122.12586, 47.36638 ], [ -122.12606, 47.36638 ], [ -122.12606, 47.36628 ], [ -122.12626, 47.36628 ], [ -122.12626, 47.36618 ], [ -122.12646, 47.36618 ], [ -122.12646, 47.36608 ], [ -122.12656, 47.36608 ], [ -122.12656, 47.36588 ], [ -122.12666, 47.36588 ], [ -122.12666, 47.36578 ], [ -122.12676, 47.36578 ], [ -122.12676, 47.36568 ], [ -122.12686, 47.36568 ], [ -122.12686, 47.36548 ], [ -122.12696, 47.36548 ], [ -122.12696, 47.36538 ], [ -122.12706, 47.36538 ], [ -122.12706, 47.36528 ], [ -122.12716, 47.36528 ], [ -122.12716, 47.36498 ], [ -122.12726, 47.36498 ], [ -122.12726, 47.36478 ], [ -122.12736, 47.36478 ], [ -122.12736, 47.36468 ], [ -122.12746, 47.36468 ], [ -122.12746, 47.36458 ], [ -122.12756, 47.36458 ], [ -122.12756, 47.36448 ], [ -122.12766, 47.36448 ], [ -122.12766, 47.36438 ], [ -122.12786, 47.36438 ], [ -122.12786, 47.36418 ], [ -122.12796, 47.36418 ], [ -122.12796, 47.36398 ], [ -122.12806, 47.36398 ], [ -122.12806, 47.36368 ], [ -122.12816, 47.36368 ], [ -122.12816, 47.36348 ], [ -122.12826, 47.36348 ], [ -122.12826, 47.36318 ], [ -122.12836, 47.36318 ], [ -122.12836, 47.36308 ], [ -122.12846, 47.36308 ], [ -122.12846, 47.36298 ], [ -122.12856, 47.36298 ], [ -122.12856, 47.36288 ], [ -122.12886, 47.36288 ], [ -122.12886, 47.36298 ], [ -122.12896, 47.36298 ], [ -122.12896, 47.36338 ], [ -122.12916, 47.36338 ], [ -122.12916, 47.36348 ], [ -122.12936, 47.36348 ], [ -122.12936, 47.36338 ], [ -122.12956, 47.36338 ], [ -122.12956, 47.36328 ], [ -122.12966, 47.36328 ], [ -122.12966, 47.36318 ], [ -122.12976, 47.36318 ], [ -122.12976, 47.36248 ], [ -122.12966, 47.36248 ], [ -122.12966, 47.36238 ], [ -122.12956, 47.36238 ], [ -122.12956, 47.36228 ], [ -122.12946, 47.36228 ], [ -122.12946, 47.36218 ], [ -122.12936, 47.36218 ], [ -122.12936, 47.36118 ], [ -122.12946, 47.36118 ], [ -122.12946, 47.36078 ], [ -122.12956, 47.36078 ], [ -122.12956, 47.36058 ], [ -122.12966, 47.36058 ], [ -122.12966, 47.36008 ], [ -122.12976, 47.36008 ], [ -122.12976, 47.35988 ], [ -122.12986, 47.35988 ], [ -122.12986, 47.35968 ], [ -122.12996, 47.35968 ], [ -122.12996, 47.35918 ], [ -122.13006, 47.35918 ], [ -122.13006, 47.35908 ], [ -122.13026, 47.35908 ], [ -122.13026, 47.35898 ], [ -122.13046, 47.35898 ], [ -122.13046, 47.35888 ], [ -122.13116, 47.35888 ], [ -122.13116, 47.35898 ], [ -122.13136, 47.35898 ], [ -122.13136, 47.35888 ], [ -122.13196, 47.35888 ], [ -122.13196, 47.35878 ], [ -122.13216, 47.35878 ], [ -122.13216, 47.35888 ], [ -122.13236, 47.35888 ], [ -122.13236, 47.35898 ], [ -122.13246, 47.35898 ], [ -122.13246, 47.35908 ], [ -122.13256, 47.35908 ], [ -122.13256, 47.35918 ], [ -122.13276, 47.35918 ], [ -122.13276, 47.35928 ], [ -122.13286, 47.35928 ], [ -122.13286, 47.35918 ], [ -122.13306, 47.35918 ], [ -122.13306, 47.35908 ], [ -122.13336, 47.35908 ], [ -122.13336, 47.35898 ], [ -122.13376, 47.35898 ], [ -122.13376, 47.35908 ], [ -122.13386, 47.35908 ], [ -122.13386, 47.35918 ], [ -122.13396, 47.35918 ], [ -122.13396, 47.35958 ], [ -122.13386, 47.35958 ], [ -122.13386, 47.35988 ], [ -122.13376, 47.35988 ], [ -122.13376, 47.36008 ], [ -122.13366, 47.36008 ], [ -122.13366, 47.36038 ], [ -122.13356, 47.36038 ], [ -122.13356, 47.36068 ], [ -122.13366, 47.36068 ], [ -122.13366, 47.36138 ], [ -122.13346, 47.36138 ], [ -122.13346, 47.36148 ], [ -122.13336, 47.36148 ], [ -122.13336, 47.36168 ], [ -122.13326, 47.36168 ], [ -122.13326, 47.36178 ], [ -122.13306, 47.36178 ], [ -122.13306, 47.36188 ], [ -122.13296, 47.36188 ], [ -122.13296, 47.36198 ], [ -122.13286, 47.36198 ], [ -122.13286, 47.36208 ], [ -122.13276, 47.36208 ], [ -122.13276, 47.36218 ], [ -122.13266, 47.36218 ], [ -122.13266, 47.36228 ], [ -122.13256, 47.36228 ], [ -122.13256, 47.36238 ], [ -122.13246, 47.36238 ], [ -122.13246, 47.36248 ], [ -122.13236, 47.36248 ], [ -122.13236, 47.36268 ], [ -122.13226, 47.36268 ], [ -122.13226, 47.36278 ], [ -122.13206, 47.36278 ], [ -122.13206, 47.36288 ], [ -122.13196, 47.36288 ], [ -122.13196, 47.36298 ], [ -122.13186, 47.36298 ], [ -122.13186, 47.36308 ], [ -122.13166, 47.36308 ], [ -122.13166, 47.36318 ], [ -122.13146, 47.36318 ], [ -122.13146, 47.36328 ], [ -122.13136, 47.36328 ], [ -122.13136, 47.36338 ], [ -122.13126, 47.36338 ], [ -122.13126, 47.36348 ], [ -122.13106, 47.36348 ], [ -122.13106, 47.36358 ], [ -122.13096, 47.36358 ], [ -122.13096, 47.36378 ], [ -122.13086, 47.36378 ], [ -122.13086, 47.36398 ], [ -122.13076, 47.36398 ], [ -122.13076, 47.36408 ], [ -122.13066, 47.36408 ], [ -122.13066, 47.36418 ], [ -122.13056, 47.36418 ], [ -122.13056, 47.36428 ], [ -122.13046, 47.36428 ], [ -122.13046, 47.36438 ], [ -122.13036, 47.36438 ], [ -122.13036, 47.36448 ], [ -122.13026, 47.36448 ], [ -122.13026, 47.36458 ], [ -122.13006, 47.36458 ], [ -122.13006, 47.36468 ], [ -122.12986, 47.36468 ], [ -122.12986, 47.36478 ], [ -122.12976, 47.36478 ], [ -122.12976, 47.36488 ], [ -122.12966, 47.36488 ], [ -122.12966, 47.36558 ], [ -122.12976, 47.36558 ], [ -122.12976, 47.36638 ], [ -122.12966, 47.36638 ], [ -122.12966, 47.36668 ], [ -122.12956, 47.36668 ], [ -122.12956, 47.36678 ], [ -122.12946, 47.36678 ], [ -122.12946, 47.36698 ], [ -122.12936, 47.36698 ], [ -122.12936, 47.36708 ], [ -122.12926, 47.36708 ], [ -122.12926, 47.36718 ], [ -122.12916, 47.36718 ], [ -122.12916, 47.36728 ], [ -122.12906, 47.36728 ], [ -122.12906, 47.36748 ], [ -122.12896, 47.36748 ], [ -122.12896, 47.36758 ], [ -122.12886, 47.36758 ], [ -122.12886, 47.36768 ], [ -122.12876, 47.36768 ], [ -122.12876, 47.36758 ], [ -122.12866, 47.36758 ], [ -122.12866, 47.36748 ], [ -122.12846, 47.36748 ], [ -122.12846, 47.36738 ], [ -122.12816, 47.36738 ], [ -122.12816, 47.36748 ], [ -122.12796, 47.36748 ], [ -122.12796, 47.36758 ], [ -122.12786, 47.36758 ], [ -122.12786, 47.36778 ], [ -122.12776, 47.36778 ], [ -122.12776, 47.36788 ], [ -122.12766, 47.36788 ], [ -122.12766, 47.36798 ], [ -122.12756, 47.36798 ], [ -122.12756, 47.36808 ], [ -122.12746, 47.36808 ], [ -122.12746, 47.36818 ], [ -122.12736, 47.36818 ], [ -122.12736, 47.36828 ], [ -122.12726, 47.36828 ], [ -122.12726, 47.36848 ], [ -122.12716, 47.36848 ], [ -122.12716, 47.36858 ], [ -122.12706, 47.36858 ], [ -122.12706, 47.36868 ], [ -122.12696, 47.36868 ], [ -122.12696, 47.36878 ], [ -122.12686, 47.36878 ], [ -122.12686, 47.36888 ], [ -122.12676, 47.36888 ], [ -122.12676, 47.36908 ], [ -122.12666, 47.36908 ], [ -122.12666, 47.36938 ], [ -122.12656, 47.36938 ], [ -122.12656, 47.36948 ], [ -122.12646, 47.36948 ], [ -122.12646, 47.36978 ], [ -122.12636, 47.36978 ], [ -122.12636, 47.37028 ], [ -122.12626, 47.37028 ], [ -122.12626, 47.37098 ], [ -122.12616, 47.37098 ], [ -122.12616, 47.37118 ], [ -122.12606, 47.37118 ], [ -122.12606, 47.37128 ], [ -122.12596, 47.37128 ], [ -122.12596, 47.37138 ], [ -122.12586, 47.37138 ], [ -122.12586, 47.37148 ], [ -122.12576, 47.37148 ], [ -122.12576, 47.37158 ], [ -122.12566, 47.37158 ], [ -122.12566, 47.37168 ], [ -122.12496, 47.37168 ], [ -122.12496, 47.37178 ] ] ] } },
{ "type": "Feature", "properties": { "slick_id": 55, "centroid": [ -122.107111, 47.364893 ], "bounding_box": [ -122.11066000000001, 47.357679999999995, -122.10416000000001, 47.37318 ], "area_km2": 0.8708, "perimeter_m": 5187.51, "orientation": 90.91, "compactness": 0.4066, "confidence": 0.5656 }, "geometry": { "type": "Polygon", "coordinates": [ [ [ -122.10616, 47.37318 ], [ -122.10606, 47.37318 ], [ -122.10606, 47.37308 ], [ -122.10596, 47.37308 ], [ -122.10596, 47.37298 ], [ -122.10576, 47.37298 ], [ -122.10576, 47.37288 ], [ -122.10556, 47.37288 ], [ -122.10556, 47.37278 ], [ -122.10546, 47.37278 ], [ -122.10546, 47.37258 ], [ -122.10536, 47.37258 ], [ -122.10536, 47.37218 ], [ -122.10526, 47.37218 ], [ -122.10526, 47.37198 ], [ -122.10536, 47.37198 ], [ -122.10536, 47.37068 ], [ -122.10526, 47.37068 ], [ -122.10526, 47.37048 ], [ -122.10516, 47.37048 ], [ -122.10516, 47.37038 ], [ -122.10506, 47.37038 ], [ -122.10506, 47.37028 ], [ -122.10496, 47.37028 ], [ -122.10496, 47.37008 ], [ -122.10486, 47.37008 ], [ -122.10486, 47.36998 ], [ -122.10476, 47.36998 ], [ -122.10476, 47.36988 ], [ -122.10466, 47.36988 ], [ -122.10466, 47.36978 ], [ -122.10446, 47.36978 ], [ -122.10446, 47.36968 ], [ -122.10436, 47.36968 ], [ -122.10436, 47.36938 ], [ -122.10426, 47.36938 ], [ -122.10426, 47.36878 ], [ -122.10436, 47.36878 ], [ -122.10436, 47.36738 ], [ -122.10446, 47.36738 ], [ -122.10446, 47.36638 ], [ -122.10436, 47.36638 ], [ -122.10436, 47.36598 ], [ -122.10446, 47.36598 ], [ -122.10446, 47.36588 ], [ -122.10456, 47.36588 ], [ -122.10456, 47.36538 ], [ -122.10466, 47.36538 ], [ -122.10466, 47.36458 ], [ -122.10456, 47.36458 ], [ -122.10456, 47.36438 ], [ -122.10446, 47.36438 ], [ -122.10446, 47.36418 ], [ -122.10436, 47.36418 ], [ -122.10436, 47.36388 ], [ -122.10426, 47.36388 ], [ -122.10426, 47.36308 ], [ -122.10416, 47.36308 ], [ -122.10416, 47.36258 ], [ -122.10426, 47.36258 ], [ -122.10426, 47.36098 ], [ -122.10436, 47.36098 ], [ -122.10436, 47.36048 ], [ -122.10446, 47.36048 ], [ -122.10446, 47.36008 ], [ -122.10456, 47.36008 ], [ -122.10456, 47.35978 ], [ -122.10466, 47.35978 ], [ -122.10466, 47.35958 ], [ -122.10476, 47.35958 ], [ -122.10476, 47.35938 ], [ -122.10486, 47.35938 ], [ -122.10486, 47.35928 ], [ -122.10496, 47.35928 ], [ -122.10496, 47.35908 ], [ -122.10506, 47.35908 ], [ -122.10506, 47.35898 ], [ -122.10516, 47.35898 ], [ -122.10516, 47.35878 ], [ -122.10526, 47.35878 ], [ -122.10526, 47.35868 ], [ -122.10536, 47.35868 ], [ -122.10536, 47.35858 ], [ -122.10546, 47.35858 ], [ -122.10546, 47.35838 ], [ -122.10556, 47.35838 ], [ -122.10556, 47.35828 ], [ -122.10576, 47.35828 ], [ -122.10576, 47.35818 ], [ -122.10596, 47.35818 ], [ -122.10596, 47.35808 ], [ -122.10616, 47.35808 ], [ -122.10616, 47.35798 ], [ -122.10636, 47.35798 ], [ -122.10636, 47.35788 ], [ -122.10696, 47.35788 ], [ -122.10696, 47.35778 ], [ -122.10726, 47.35778 ], [ -122.10726, 47.35768 ], [ -122.10736, 47.35768 ], [ -122.10736, 47.35778 ], [ -122.10776, 47.35778 ], [ -122.10776, 47.35798 ], [ -122.10786, 47.35798 ], [ -122.10786, 47.35818 ], [ -122.10796, 47.35818 ], [ -122.10796, 47.35838 ], [ -122.10806, 47.35838 ], [ -122.10806, 47.35858 ], [ -122.10816, 47.35858 ], [ -122.10816, 47.35878 ], [ -122.10826, 47.35878 ], [ -122.10826, 47.35898 ], [ -122.10836, 47.35898 ], [ -122.10836, 47.35918 ], [ -122.10856, 47.35918 ], [ -122.10856, 47.35928 ], [ -122.10896, 47.35928 ], [ -122.10896, 47.35938 ], [ -122.10916, 47.35938 ], [ -122.10916, 47.35948 ], [ -122.10936, 47.35948 ], [ -122.10936, 47.35958 ], [ -122.10956, 47.35958 ], [ -122.10956, 47.35968 ], [ -122.10966, 47.35968 ], [ -122.10966, 47.35998 ], [ -122.10976, 47.35998 ], [ -122.10976, 47.36028 ], [ -122.10966, 47.36028 ], [ -122.10966, 47.36078 ], [ -122.10976, 47.36078 ], [ -122.10976, 47.36098 ], [ -122.10986, 47.36098 ], [ -122.10986, 47.36108 ], [ -122.10996, 47.36108 ], [ -122.10996, 47.36128 ], [ -122.11006, 47.36128 ], [ -122.11006, 47.36138 ], [ -122.11016, 47.36138 ], [ -122.11016, 47.36168 ], [ -122.11026, 47.36168 ], [ -122.11026, 47.36208 ], [ -122.11036, 47.36208 ], [ -122.11036, 47.36248 ], [ -122.11046, 47.36248 ], [ -122.11046, 47.36268 ], [ -122.11056, 47.36268 ], [ -122.11056, 47.36278 ], [ -122.11066, 47.36278 ], [ -122.11066, 47.36478 ], [ -122.11056, 47.36478 ], [ -122.11056, 47.36508 ], [ -122.11046, 47.36508 ], [ -122.11046, 47.36518 ], [ -122.11036, 47.36518 ], [ -122.11036, 47.36528 ], [ -122.11026, 47.36528 ], [ -122.11026, 47.36548 ], [ -122.11016, 47.36548 ], [ -122.11016, 47.36558 ], [ -122.11006, 47.36558 ], [ -122.11006, 47.36568 ], [ -122.10996, 47.36568 ], [ -122.10996, 47.36578 ], [ -122.10986, 47.36578 ], [ -122.10986, 47.36588 ], [ -122.10976, 47.36588 ], [ -122.10976, 47.36608 ], [ -122.10966, 47.36608 ], [ -122.10966, 47.36648 ], [ -122.10976, 47.36648 ], [ -122.10976, 47.36658 ], [ -122.10986, 47.36658 ], [ -122.10986, 47.36668 ], [ -122.10996, 47.36668 ], [ -122.10996, 47.36678 ], [ -122.11006, 47.36678 ], [ -122.11006, 47.36698 ], [ -122.11016, 47.36698 ], [ -122.11016, 47.36738 ], [ -122.11006, 47.36738 ], [ -122.11006, 47.36758 ], [ -122.10996, 47.36758 ], [ -122.10996, 47.36768 ], [ -122.10986, 47.36768 ], [ -122.10986, 47.36778 ], [ -122.10976, 47.36778 ], [ -122.10976, 47.36788 ], [ -122.10926, 47.36788 ], [ -122.10926, 47.36798 ], [ -122.10906, 47.36798 ], [ -122.10906, 47.36848 ], [ -122.10916, 47.36848 ], [ -122.10916, 47.36938 ], [ -122.10906, 47.36938 ], [ -122.10906, 47.36978 ], [ -122.10896, 47.36978 ], [ -122.10896, 47.37018 ], [ -122.10886, 47.37018 ], [ -122.10886, 47.37028 ], [ -122.10876, 47.37028 ], [ -122.10876, 47.37048 ], [ -122.10856, 47.37048 ], [ -122.10856, 47.37058 ], [ -122.10836, 47.37058 ], [ -122.10836, 47.37068 ], [ -122.10816, 47.37068 ], [ -122.10816, 47.37078 ], [ -122.10796, 47.37078 ], [ -122.10796, 47.37088 ], [ -122.10786, 47.37088 ], [ -122.10786, 47.37118 ], [ -122.10776, 47.37118 ], [ -122.10776, 47.37138 ], [ -122.10766, 47.37138 ], [ -122.10766, 47.37148 ], [ -122.10756, 47.37148 ], [ -122.10756, 47.37158 ], [ -122.10746, 47.37158 ], [ -122.10746, 47.37168 ], [ -122.10736, 47.37168 ], [ -122.10736, 47.37178 ], [ -122.10726, 47.37178 ], [ -122.10726, 47.37228 ], [ -122.10716, 47.37228 ], [ -122.10716, 47.37248 ], [ -122.10706, 47.37248 ], [ -122.10706, 47.37258 ], [ -122.10696, 47.37258 ], [ -122.10696, 47.37278 ], [ -122.10686, 47.37278 ], [ -122.10686, 47.37288 ], [ -122.10676, 47.37288 ], [ -122.10676, 47.37298 ], [ -122.10666, 47.37298 ], [ -122.10666, 47.37308 ], [ -122.10616, 47.37308 ], [ -122.10616, 47.37318 ] ] ] } },
{ "type": "Feature", "properties": { "slick_id": 56, "centroid": [ -122.179948, 47.355083 ], "bounding_box": [ -122.18116, 47.35348, -122.17906, 47.35718 ], "area_km2": 0.0333, "perimeter_m": 1424.9, "orientation": 79.99, "compactness": 0.2063, "confidence": 0.3506 }, "geometry": { "type": "Polygon", "coordinates": [ [ [ -122.18056, 47.35718 ], [ -122.18036, 47.35718 ], [ -122.18036, 47.35708 ], [ -122.18026, 47.35708 ], [ -122.18026, 47.35698 ], [ -122.18016, 47.35698 ], [ -122.18016, 47.35688 ], [ -122.18006, 47.35688 ], [ -122.18006, 47.35678 ], [ -122.17996, 47.35678 ], [ -122.17996, 47.35648 ], [ -122.17986, 47.35648 ], [ -122.17986, 47.35578 ], [ -122.17976, 47.35578 ], [ -122.17976, 47.35568 ], [ -122.17966, 47.35568 ], [ -122.17966, 47.35558 ], [ -122.17956, 47.35558 ], [ -122.17956, 47.35548 ], [ -122.17946, 47.35548 ], [ -122.17946, 47.35538 ], [ -122.17936, 47.35538 ], [ -122.17936, 47.35528 ], [ -122.17926, 47.35528 ], [ -122.17926, 47.35478 ], [ -122.17936, 47.35478 ], [ -122.17936, 47.35468 ], [ -122.17946, 47.35468 ], [ -122.17946, 47.35398 ], [ -122.17936, 47.35398 ], [ -122.17936, 47.35388 ], [ -122.17926, 47.35388 ], [ -122.17926, 47.35378 ], [ -122.17906, 47.35378 ], [ -122.17906, 47.35368 ], [ -122.17926, 47.35368 ], [ -122.17926, 47.35358 ], [ -122.17966, 47.35358 ], [ -122.17966, 47.35348 ], [ -122.17976, 47.35348 ], [ -122.17976, 47.35358 ], [ -122.18026, 47.35358 ], [ -122.18026, 47.35368 ], [ -122.18116, 47.35368 ], [ -122.18116, 47.35378 ], [ -122.18046, 47.35378 ], [ -122.18046, 47.35388 ], [ -122.18026, 47.35388 ], [ -122.18026, 47.35398 ], [ -122.18016, 47.35398 ], [ -122.18016, 47.35468 ], [ -122.18026, 47.35468 ], [ -122.18026, 47.35578 ], [ -122.18036, 47.35578 ], [ -122.18036, 47.35608 ], [ -122.18046, 47.35608 ], [ -122.18046, 47.35628 ], [ -122.18056, 47.35628 ], [ -122.18056, 47.35718 ] ] ] } },
{ "type": "Feature", "properties": { "slick_id": 57, "centroid": [ -122.123415, 47.357136 ], "bounding_box": [ -122.12806, 47.348879999999994, -122.11756000000001, 47.36308 ], "area_km2": 0.9868, "perimeter_m": 6055.81, "orientation": 52.47, "compactness": 0.3381, "confidence": 0.6309 }, "geometry": { "type": "Polygon", "coordinates": [ [ [ -122.12016, 47.36308 ], [ -122.11986, 47.36308 ], [ -122.11986, 47.36298 ], [ -122.11896, 47.36298 ], [ -122.11896, 47.36288 ], [ -122.11856, 47.36288 ], [ -122.11856, 47.36278 ], [ -122.11836, 47.36278 ], [ -122.11836, 47.36268 ], [ -122.11826, 47.36268 ], [ -122.11826, 47.36258 ], [ -122.11816, 47.36258 ], [ -122.11816, 47.36248 ], [ -122.11806, 47.36248 ], [ -122.11806, 47.36228 ], [ -122.11796, 47.36228 ], [ -122.11796, 47.36208 ], [ -122.11786, 47.36208 ], [ -122.11786, 47.36168 ], [ -122.11776, 47.36168 ], [ -122.11776, 47.36148 ], [ -122.11766, 47.36148 ], [ -122.11766, 47.36118 ], [ -122.11756, 47.36118 ], [ -122.11756, 47.36038 ], [ -122.11766, 47.36038 ], [ -122.11766, 47.36018 ], [ -122.11776, 47.36018 ], [ -122.11776, 47.35998 ], [ -122.11786, 47.35998 ], [ -122.11786, 47.35988 ], [ -122.11796, 47.35988 ], [ -122.11796, 47.35978 ], [ -122.11806, 47.35978 ], [ -122.11806, 47.35968 ], [ -122.11816, 47.35968 ], [ -122.11816, 47.35958 ], [ -122.11826, 47.35958 ], [ -122.11826, 47.35948 ], [ -122.11836, 47.35948 ], [ -122.11836, 47.35938 ], [ -122.11846, 47.35938 ], [ -122.11846, 47.35928 ], [ -122.11856, 47.35928 ], [ -122.11856, 47.35918 ], [ -122.11866, 47.35918 ], [ -122.11866, 47.35898 ], [ -122.11876, 47.35898 ], [ -122.11876, 47.35888 ], [ -122.11886, 47.35888 ], [ -122.11886, 47.35868 ], [ -122.11896, 47.35868 ], [ -122.11896, 47.35838 ], [ -122.11906, 47.35838 ], [ -122.11906, 47.35828 ], [ -122.11916, 47.35828 ], [ -122.11916, 47.35798 ], [ -122.11926, 47.35798 ], [ -122.11926, 47.35738 ], [ -122.11936, 47.35738 ], [ -122.11936, 47.35668 ], [ -122.11946, 47.35668 ], [ -122.11946, 47.35648 ], [ -122.11956, 47.35648 ], [ -122.11956, 47.35608 ], [ -122.11966, 47.35608 ], [ -122.11966, 47.35598 ], [ -122.11976, 47.35598 ], [ -122.11976, 47.35588 ], [ -122.11996, 47.35588 ], [ -122.11996, 47.35578 ], [ -122.12016, 47.35578 ], [ -122.12016, 47.35568 ], [ -122.12036, 47.35568 ], [ -122.12036, 47.35558 ], [ -122.12056, 47.35558 ], [ -122.12056, 47.35548 ], [ -122.12066, 47.35548 ], [ -122.12066, 47.35538 ], [ -122.12076, 47.35538 ], [ -122.12076, 47.35528 ], [ -122.12086, 47.35528 ], [ -122.12086, 47.35518 ], [ -122.12166, 47.35518 ], [ -122.12166, 47.35508 ], [ -122.12186, 47.35508 ], [ -122.12186, 47.35498 ], [ -122.12196, 47.35498 ], [ -122.12196, 47.35488 ], [ -122.12216, 47.35488 ], [ -122.12216, 47.35478 ], [ -122.12226, 47.35478 ], [ -122.12226, 47.35468 ], [ -122.12236, 47.35468 ], [ -122.12236, 47.35458 ], [ -122.12246, 47.35458 ], [ -122.12246, 47.35418 ], [ -122.12236, 47.35418 ], [ -122.12236, 47.35398 ], [ -122.12226, 47.35398 ], [ -122.12226, 47.35388 ], [ -122.12216, 47.35388 ], [ -122.12216, 47.35378 ], [ -122.12196, 47.35378 ], [ -122.12196, 47.35368 ], [ -122.12236, 47.35368 ], [ -122.12236, 47.35358 ], [ -122.12296, 47.35358 ], [ -122.12296, 47.35348 ], [ -122.12336, 47.35348 ], [ -122.12336, 47.35338 ], [ -122.12356, 47.35338 ], [ -122.12356, 47.35308 ], [ -122.12336, 47.35308 ], [ -122.12336, 47.35298 ], [ -122.12346, 47.35298 ], [ -122.12346, 47.35278 ], [ -122.12356, 47.35278 ], [ -122.12356, 47.35268 ], [ -122.12366, 47.35268 ], [ -122.12366, 47.35258 ], [ -122.12376, 47.35258 ], [ -122.12376, 47.35238 ], [ -122.12386, 47.35238 ], [ -122.12386, 47.35228 ], [ -122.12396, 47.35228 ], [ -122.12396, 47.35208 ], [ -122.12406, 47.35208 ], [ -122.12406, 47.35178 ], [ -122.12416, 47.35178 ], [ -122.12416, 47.35148 ], [ -122.12426, 47.35148 ], [ -122.12426, 47.35118 ], [ -122.12436, 47.35118 ], [ -122.12436, 47.35108 ], [ -122.12446, 47.35108 ], [ -122.12446, 47.35088 ], [ -122.12456, 47.35088 ], [ -122.12456, 47.35068 ], [ -122.12466, 47.35068 ], [ -122.12466, 47.34988 ], [ -122.12476, 47.34988 ], [ -122.12476, 47.34938 ], [ -122.12486, 47.34938 ], [ -122.12486, 47.34918 ], [ -122.12496, 47.34918 ], [ -122.12496, 47.34908 ], [ -122.12506, 47.34908 ], [ -122.12506, 47.34898 ], [ -122.12516, 47.34898 ], [ -122.12516, 47.34888 ], [ -122.12536, 47.34888 ], [ -122.12536, 47.34908 ], [ -122.12546, 47.34908 ], [ -122.12546, 47.34918 ], [ -122.12556, 47.34918 ], [ -122.12556, 47.34968 ], [ -122.12566, 47.34968 ], [ -122.12566, 47.34978 ], [ -122.12576, 47.34978 ], [ -122.12576, 47.34988 ], [ -122.12596, 47.34988 ], [ -122.12596, 47.34998 ], [ -122.12606, 47.34998 ], [ -122.12606, 47.34988 ], [ -122.12626, 47.34988 ], [ -122.12626, 47.34978 ], [ -122.12636, 47.34978 ], [ -122.12636, 47.34968 ], [ -122.12666, 47.34968 ], [ -122.12666, 47.34958 ], [ -122.12686, 47.34958 ], [ -122.12686, 47.34968 ], [ -122.12696, 47.34968 ], [ -122.12696, 47.34998 ], [ -122.12706, 47.34998 ], [ -122.12706, 47.35168 ], [ -122.12716, 47.35168 ], [ -122.12716, 47.35178 ], [ -122.12726, 47.35178 ], [ -122.12726, 47.35198 ], [ -122.12746, 47.35198 ], [ -122.12746, 47.35208 ], [ -122.12756, 47.35208 ], [ -122.12756, 47.35228 ], [ -122.12766, 47.35228 ], [ -122.12766, 47.35238 ], [ -122.12776, 47.35238 ], [ -122.12776, 47.35258 ], [ -122.12786, 47.35258 ], [ -122.12786, 47.35268 ], [ -122.12796, 47.35268 ], [ -122.12796, 47.35278 ], [ -122.12806, 47.35278 ], [ -122.12806, 47.35308 ], [ -122.12746, 47.35308 ], [ -122.12746, 47.35318 ], [ -122.12726, 47.35318 ], [ -122.12726, 47.35348 ], [ -122.12746, 47.35348 ], [ -122.12746, 47.35358 ], [ -122.12786, 47.35358 ], [ -122.12786, 47.35368 ], [ -122.12796, 47.35368 ], [ -122.12796, 47.35378 ], [ -122.12786, 47.35378 ], [ -122.12786, 47.35398 ], [ -122.12776, 47.35398 ], [ -122.12776, 47.35488 ], [ -122.12786, 47.35488 ], [ -122.12786, 47.35508 ], [ -122.12796, 47.35508 ], [ -122.12796, 47.35618 ], [ -122.12786, 47.35618 ], [ -122.12786, 47.35688 ], [ -122.12776, 47.35688 ], [ -122.12776, 47.35718 ], [ -122.12766, 47.35718 ], [ -122.12766, 47.35738 ], [ -122.12756, 47.35738 ], [ -122.12756, 47.35758 ], [ -122.12746, 47.35758 ], [ -122.12746, 47.35768 ], [ -122.12736, 47.35768 ], [ -122.12736, 47.35788 ], [ -122.12726, 47.35788 ], [ -122.12726, 47.35818 ], [ -122.12716, 47.35818 ], [ -122.12716, 47.35858 ], [ -122.12726, 47.35858 ], [ -122.12726, 47.35868 ], [ -122.12746, 47.35868 ], [ -122.12746, 47.35878 ], [ -122.12766, 47.35878 ], [ -122.12766, 47.35898 ], [ -122.12756, 47.35898 ], [ -122.12756, 47.35928 ], [ -122.12746, 47.35928 ], [ -122.12746, 47.35948 ], [ -122.12736, 47.35948 ], [ -122.12736, 47.35968 ], [ -122.12726, 47.35968 ], [ -122.12726, 47.35978 ], [ -122.12696, 47.35978 ], [ -122.12696, 47.35988 ], [ -122.12666, 47.35988 ], [ -122.12666, 47.35998 ], [ -122.12646, 47.35998 ], [ -122.12646, 47.36008 ], [ -122.12626, 47.36008 ], [ -122.12626, 47.36018 ], [ -122.12596, 47.36018 ], [ -122.12596, 47.36028 ], [ -122.12576, 47.36028 ], [ -122.12576, 47.36038 ], [ -122.12556, 47.36038 ], [ -122.12556, 47.36048 ], [ -122.12536, 47.36048 ], [ -122.12536, 47.36058 ], [ -122.12526, 47.36058 ], [ -122.12526, 47.36068 ], [ -122.12516, 47.36068 ], [ -122.12516, 47.36078 ], [ -122.12506, 47.36078 ], [ -122.12506, 47.36088 ], [ -122.12496, 47.36088 ], [ -122.12496, 47.36098 ], [ -122.12486, 47.36098 ], [ -122.12486, 47.36108 ], [ -122.12456, 47.36108 ], [ -122.12456, 47.36118 ], [ -122.12416, 47.36118 ], [ -122.12416, 47.36128 ], [ -122.12396, 47.36128 ], [ -122.12396, 47.36138 ], [ -122.12386, 47.36138 ], [ -122.12386, 47.36148 ], [ -122.12376, 47.36148 ], [ -122.12376, 47.36158 ], [ -122.12356, 47.36158 ], [ -122.12356, 47.36168 ], [ -122.12336, 47.36168 ], [ -122.12336, 47.36178 ], [ -122.12326, 47.36178 ], [ -122.12326, 47.36188 ], [ -122.12306, 47.36188 ], [ -122.12306, 47.36198 ], [ -122.12296, 47.36198 ], [ -122.12296, 47.36208 ], [ -122.12286, 47.36208 ], [ -122.12286, 47.36218 ], [ -122.12276, 47.36218 ], [ -122.12276, 47.36228 ], [ -122.12256, 47.36228 ], [ -122.12256, 47.36238 ], [ -122.12236, 47.36238 ], [ -122.12236, 47.36248 ], [ -122.12186, 47.36248 ], [ -122.12186, 47.36258 ], [ -122.12146, 47.36258 ], [ -122.12146, 47.36268 ], [ -122.12116, 47.36268 ], [ -122.12116, 47.36278 ], [ -122.12076, 47.36278 ], [ -122.12076, 47.36288 ], [ -122.12056, 47.36288 ], [ -122.12056, 47.36298 ], [ -122.12016, 47.36298 ], [ -122.12016, 47.36308 ] ] ] } },
{ "type": "Feature", "properties": { "slick_id": 58, "centroid": [ -121.768108, 47.354276 ], "bounding_box": [ -121.77006, 47.34858, -121.76556000000001, 47.35908 ], "area_km2": 0.3916, "perimeter_m": 3851.67, "orientation": 90.0, "compactness": 0.3317, "confidence": 0.354 }, "geometry": { "type": "Polygon", "coordinates": [ [ [ -121.76946, 47.35908 ], [ -121.76916, 47.35908 ], [ -121.76916, 47.35898 ], [ -121.76896, 47.35898 ], [ -121.76896, 47.35888 ], [ -121.76886, 47.35888 ], [ -121.76886, 47.35878 ], [ -121.76866, 47.35878 ], [ -121.76866, 47.35868 ], [ -121.76846, 47.35868 ], [ -121.76846, 47.35858 ], [ -121.76826, 47.35858 ], [ -121.76826, 47.35848 ], [ -121.76806, 47.35848 ], [ -121.76806, 47.35838 ], [ -121.76796, 47.35838 ], [ -121.76796, 47.35828 ], [ -121.76776, 47.35828 ], [ -121.76776, 47.35818 ], [ -121.76766, 47.35818 ], [ -121.76766, 47.35808 ], [ -121.76756, 47.35808 ], [ -121.76756, 47.35798 ], [ -121.76746, 47.35798 ], [ -121.76746, 47.35788 ], [ -121.76736, 47.35788 ], [ -121.76736, 47.35778 ], [ -121.76726, 47.35778 ], [ -121.76726, 47.35768 ], [ -121.76716, 47.35768 ], [ -121.76716, 47.35758 ], [ -121.76706, 47.35758 ], [ -121.76706, 47.35748 ], [ -121.76696, 47.35748 ], [ -121.76696, 47.35738 ], [ -121.76686, 47.35738 ], [ -121.76686, 47.35718 ], [ -121.76676, 47.35718 ], [ -121.76676, 47.35708 ], [ -121.76666, 47.35708 ], [ -121.76666, 47.35698 ], [ -121.76656, 47.35698 ], [ -121.76656, 47.35688 ], [ -121.76646, 47.35688 ], [ -121.76646, 47.35678 ], [ -121.76626, 47.35678 ], [ -121.76626, 47.35668 ], [ -121.76616, 47.35668 ], [ -121.76616, 47.35678 ], [ -121.76596, 47.35678 ], [ -121.76596, 47.35688 ], [ -121.76586, 47.35688 ], [ -121.76586, 47.35718 ], [ -121.76576, 47.35718 ], [ -121.76576, 47.35738 ], [ -121.76566, 47.35738 ], [ -121.76566, 47.35658 ], [ -121.76556, 47.35658 ], [ -121.76556, 47.35358 ], [ -121.76566, 47.35358 ], [ -121.76566, 47.35348 ], [ -121.76586, 47.35348 ], [ -121.76586, 47.35318 ], [ -121.76576, 47.35318 ], [ -121.76576, 47.35308 ], [ -121.76556, 47.35308 ], [ -121.76556, 47.35268 ], [ -121.76566, 47.35268 ], [ -121.76566, 47.35198 ], [ -121.76576, 47.35198 ], [ -121.76576, 47.35218 ], [ -121.76586, 47.35218 ], [ -121.76586, 47.35238 ], [ -121.76606, 47.35238 ], [ -121.76606, 47.35248 ], [ -121.76636, 47.35248 ], [ -121.76636, 47.35238 ], [ -121.76656, 47.35238 ], [ -121.76656, 47.35228 ], [ -121.76666, 47.35228 ], [ -121.76666, 47.35218 ], [ -121.76676, 47.35218 ], [ -121.76676, 47.35208 ], [ -121.76686, 47.35208 ], [ -121.76686, 47.35198 ], [ -121.76696, 47.35198 ], [ -121.76696, 47.35188 ], [ -121.76706, 47.35188 ], [ -121.76706, 47.35178 ], [ -121.76716, 47.35178 ], [ -121.76716, 47.35168 ], [ -121.76726, 47.35168 ], [ -121.76726, 47.35158 ], [ -121.76736, 47.35158 ], [ -121.76736, 47.35138 ], [ -121.76746, 47.35138 ], [ -121.76746, 47.35128 ], [ -121.76756, 47.35128 ], [ -121.76756, 47.35108 ], [ -121.76766, 47.35108 ], [ -121.76766, 47.35088 ], [ -121.76776, 47.35088 ], [ -121.76776, 47.35068 ], [ -121.76786, 47.35068 ], [ -121.76786, 47.35048 ], [ -121.76796, 47.35048 ], [ -121.76796, 47.35028 ], [ -121.76806, 47.35028 ], [ -121.76806, 47.35008 ], [ -121.76816, 47.35008 ], [ -121.76816, 47.34988 ], [ -121.76826, 47.34988 ], [ -121.76826, 47.34968 ], [ -121.76836, 47.34968 ], [ -121.76836, 47.34948 ], [ -121.76846, 47.34948 ], [ -121.76846, 47.34938 ], [ -121.76856, 47.34938 ], [ -121.76856, 47.34918 ], [ -121.76866, 47.34918 ], [ -121.76866, 47.34898 ], [ -121.76876, 47.34898 ], [ -121.76876, 47.34878 ], [ -121.76886, 47.34878 ], [ -121.76886, 47.34868 ], [ -121.76896, 47.34868 ], [ -121.76896, 47.34858 ], [ -121.76956, 47.34858 ], [ -121.76956, 47.34868 ], [ -121.76966, 47.34868 ], [ -121.76966, 47.34928 ], [ -121.76976, 47.34928 ], [ -121.76976, 47.35078 ], [ -121.76986, 47.35078 ], [ -121.76986, 47.35218 ], [ -121.76996, 47.35218 ], [ -121.76996, 47.35308 ], [ -121.76956, 47.35308 ], [ -121.76956, 47.35318 ], [ -121.76936, 47.35318 ], [ -121.76936, 47.35348 ], [ -121.76956, 47.35348 ], [ -121.76956, 47.35358 ], [ -121.76996, 47.35358 ], [ -121.76996, 47.35368 ], [ -121.77006, 47.35368 ], [ -121.77006, 47.35378 ], [ -121.76996, 47.35378 ], [ -121.76996, 47.35398 ], [ -121.76986, 47.35398 ], [ -121.76986, 47.35508 ], [ -121.76996, 47.35508 ], [ -121.76996, 47.35748 ], [ -121.77006, 47.35748 ], [ -121.77006, 47.35798 ], [ -121.76996, 47.35798 ], [ -121.76996, 47.35848 ], [ -121.76986, 47.35848 ], [ -121.76986, 47.35878 ], [ -121.76976, 47.35878 ], [ -121.76976, 47.35888 ], [ -121.76966, 47.35888 ], [ -121.76966, 47.35898 ], [ -121.76946, 47.35898 ], [ -121.76946, 47.35908 ] ] ] } },
{ "type": "Feature", "properties": { "slick_id": 59, "centroid": [ -122.127071, 47.345213 ], "bounding_box": [ -122.13026, 47.342679999999994, -122.12446, 47.348079999999996 ], "area_km2": 0.1791, "perimeter_m": 2849.79, "orientation": 38.05, "compactness": 0.2771, "confidence": 0.4333 }, "geometry": { "type": "Polygon", "coordinates": [ [ [ -122.12656, 47.34808 ], [ -122.12636, 47.34808 ], [ -122.12636, 47.34788 ], [ -122.12626, 47.34788 ], [ -122.12626, 47.34778 ], [ -122.12616, 47.34778 ], [ -122.12616, 47.34768 ], [ -122.12596, 47.34768 ], [ -122.12596, 47.34758 ], [ -122.12536, 47.34758 ], [ -122.12536, 47.34748 ], [ -122.12526, 47.34748 ], [ -122.12526, 47.34738 ], [ -122.12516, 47.34738 ], [ -122.12516, 47.34708 ], [ -122.12506, 47.34708 ], [ -122.12506, 47.34678 ], [ -122.12496, 47.34678 ], [ -122.12496, 47.34628 ], [ -122.12486, 47.34628 ], [ -122.12486, 47.34598 ], [ -122.12476, 47.34598 ], [ -122.12476, 47.34588 ], [ -122.12466, 47.34588 ], [ -122.12466, 47.34578 ], [ -122.12456, 47.34578 ], [ -122.12456, 47.34548 ], [ -122.12446, 47.34548 ], [ -122.12446, 47.34518 ], [ -122.12456, 47.34518 ], [ -122.12456, 47.34508 ], [ -122.12466, 47.34508 ], [ -122.12466, 47.34498 ], [ -122.12476, 47.34498 ], [ -122.12476, 47.34488 ], [ -122.12486, 47.34488 ], [ -122.12486, 47.34478 ], [ -122.12496, 47.34478 ], [ -122.12496, 47.34468 ], [ -122.12506, 47.34468 ], [ -122.12506, 47.34458 ], [ -122.12516, 47.34458 ], [ -122.12516, 47.34448 ], [ -122.12526, 47.34448 ], [ -122.12526, 47.34438 ], [ -122.12546, 47.34438 ], [ -122.12546, 47.34428 ], [ -122.12556, 47.34428 ], [ -122.12556, 47.34418 ], [ -122.12566, 47.34418 ], [ -122.12566, 47.34408 ], [ -122.12586, 47.34408 ], [ -122.12586, 47.34398 ], [ -122.12606, 47.34398 ], [ -122.12606, 47.34388 ], [ -122.12636, 47.34388 ], [ -122.12636, 47.34378 ], [ -122.12676, 47.34378 ], [ -122.12676, 47.34368 ], [ -122.12716, 47.34368 ], [ -122.12716, 47.34358 ], [ -122.12736, 47.34358 ], [ -122.12736, 47.34348 ], [ -122.12756, 47.34348 ], [ -122.12756, 47.34338 ], [ -122.12796, 47.34338 ], [ -122.12796, 47.34328 ], [ -122.12826, 47.34328 ], [ -122.12826, 47.34318 ], [ -122.12846, 47.34318 ], [ -122.12846, 47.34308 ], [ -122.12856, 47.34308 ], [ -122.12856, 47.34288 ], [ -122.12866, 47.34288 ], [ -122.12866, 47.34278 ], [ -122.12886, 47.34278 ], [ -122.12886, 47.34268 ], [ -122.12896, 47.34268 ], [ -122.12896, 47.34278 ], [ -122.12916, 47.34278 ], [ -122.12916, 47.34288 ], [ -122.12926, 47.34288 ], [ -122.12926, 47.34308 ], [ -122.12936, 47.34308 ], [ -122.12936, 47.34328 ], [ -122.12946, 47.34328 ], [ -122.12946, 47.34338 ], [ -122.12936, 47.34338 ], [ -122.12936, 47.34378 ], [ -122.12946, 47.34378 ], [ -122.12946, 47.34388 ], [ -122.12956, 47.34388 ], [ -122.12956, 47.34398 ], [ -122.12976, 47.34398 ], [ -122.12976, 47.34408 ], [ -122.12996, 47.34408 ], [ -122.12996, 47.34418 ], [ -122.13006, 47.34418 ], [ -122.13006, 47.34428 ], [ -122.13016, 47.34428 ], [ -122.13016, 47.34438 ], [ -122.13026, 47.34438 ], [ -122.13026, 47.34478 ], [ -122.13016, 47.34478 ], [ -122.13016, 47.34488 ], [ -122.13006, 47.34488 ], [ -122.13006, 47.34498 ], [ -122.12956, 47.34498 ], [ -122.12956, 47.34488 ], [ -122.12886, 47.34488 ], [ -122.12886, 47.34498 ], [ -122.12866, 47.34498 ], [ -122.12866, 47.34508 ], [ -122.12846, 47.34508 ], [ -122.12846, 47.34518 ], [ -122.12826, 47.34518 ], [ -122.12826, 47.34548 ], [ -122.12846, 47.34548 ], [ -122.12846, 47.34558 ], [ -122.12886, 47.34558 ], [ -122.12886, 47.34568 ], [ -122.12896, 47.34568 ], [ -122.12896, 47.34578 ], [ -122.12906, 47.34578 ], [ -122.12906, 47.34588 ], [ -122.12916, 47.34588 ], [ -122.12916, 47.34608 ], [ -122.12906, 47.34608 ], [ -122.12906, 47.34618 ], [ -122.12876, 47.34618 ], [ -122.12876, 47.34608 ], [ -122.12866, 47.34608 ], [ -122.12866, 47.34598 ], [ -122.12856, 47.34598 ], [ -122.12856, 47.34588 ], [ -122.12846, 47.34588 ], [ -122.12846, 47.34578 ], [ -122.12826, 47.34578 ], [ -122.12826, 47.34568 ], [ -122.12806, 47.34568 ], [ -122.12806, 47.34578 ], [ -122.12786, 47.34578 ], [ -122.12786, 47.34588 ], [ -122.12776, 47.34588 ], [ -122.12776, 47.34598 ], [ -122.12756, 47.34598 ], [ -122.12756, 47.34608 ], [ -122.12736, 47.34608 ], [ -122.12736, 47.34618 ], [ -122.12726, 47.34618 ], [ -122.12726, 47.34638 ], [ -122.12716, 47.34638 ], [ -122.12716, 47.34658 ], [ -122.12706, 47.34658 ], [ -122.12706, 47.34688 ], [ -122.12696, 47.34688 ], [ -122.12696, 47.34778 ], [ -122.12686, 47.34778 ], [ -122.12686, 47.34788 ], [ -122.12676, 47.34788 ], [ -122.12676, 47.34798 ], [ -122.12656, 47.34798 ], [ -122.12656, 47.34808 ] ] ] } },
{ "type": "Feature", "properties": { "slick_id": 60, "centroid": [ -122.102387, 47.341515 ], "bounding_box": [ -122.10326, 47.340579999999996, -122.10116000000001, 47.34238 ], "area_km2": 0.0306, "perimeter_m": 868.3, "orientation": 0.0, "compactness": 0.5102, "confidence": 0.3584 }, "geometry": { "type": "Polygon", "coordinates": [ [ [ -122.10256, 47.34238 ], [ -122.10196, 47.34238 ], [ -122.10196, 47.34228 ], [ -122.10176, 47.34228 ], [ -122.10176, 47.34218 ], [ -122.10166, 47.34218 ], [ -122.10166, 47.34198 ], [ -122.10156, 47.34198 ], [ -122.10156, 47.34168 ], [ -122.10146, 47.34168 ], [ -122.10146, 47.34158 ], [ -122.10126, 47.34158 ], [ -122.10126, 47.34148 ], [ -122.10116, 47.34148 ], [ -122.10116, 47.34128 ], [ -122.10126, 47.34128 ], [ -122.10126, 47.34118 ], [ -122.10196, 47.34118 ], [ -122.10196, 47.34108 ], [ -122.10216, 47.34108 ], [ -122.10216, 47.34098 ], [ -122.10226, 47.34098 ], [ -122.10226, 47.34088 ], [ -122.10236, 47.34088 ], [ -122.10236, 47.34068 ], [ -122.10246, 47.34068 ], [ -122.10246, 47.34058 ], [ -122.10306, 47.34058 ], [ -122.10306, 47.34068 ], [ -122.10326, 47.34068 ], [ -122.10326, 47.34138 ], [ -122.10316, 47.34138 ], [ -122.10316, 47.34178 ], [ -122.10306, 47.34178 ], [ -122.10306, 47.34218 ], [ -122.10296, 47.34218 ], [ -122.10296, 47.34228 ], [ -122.10256, 47.34228 ], [ -122.10256, 47.34238 ] ] ] } },
{ "type": "Feature", "properties": { "slick_id": 61, "centroid": [ -122.193633, 47.341427 ], "bounding_box": [ -122.19556, 47.33868, -122.19156000000001, 47.34468 ], "area_km2": 0.1383, "perimeter_m": 2270.93, "orientation": 42.88, "compactness": 0.337, "confidence": 0.3664 }, "geometry": { "type": "Polygon", "coordinates": [ [ [ -122.19176, 47.34468 ], [ -122.19166, 47.34468 ], [ -122.19166, 47.34458 ], [ -122.19156, 47.34458 ], [ -122.19156, 47.34438 ], [ -122.19166, 47.34438 ], [ -122.19166, 47.34428 ], [ -122.19176, 47.34428 ], [ -122.19176, 47.34418 ], [ -122.19186, 47.34418 ], [ -122.19186, 47.34398 ], [ -122.19196, 47.34398 ], [ -122.19196, 47.34378 ], [ -122.19206, 47.34378 ], [ -122.19206, 47.34348 ], [ -122.19196, 47.34348 ], [ -122.19196, 47.34318 ], [ -122.19206, 47.34318 ], [ -122.19206, 47.34248 ], [ -122.19196, 47.34248 ], [ -122.19196, 47.34138 ], [ -122.19206, 47.34138 ], [ -122.19206, 47.34118 ], [ -122.19216, 47.34118 ], [ -122.19216, 47.34108 ], [ -122.19226, 47.34108 ], [ -122.19226, 47.34098 ], [ -122.19236, 47.34098 ], [ -122.19236, 47.34078 ], [ -122.19246, 47.34078 ], [ -122.19246, 47.34058 ], [ -122.19256, 47.34058 ], [ -122.19256, 47.34048 ], [ -122.19266, 47.34048 ], [ -122.19266, 47.34038 ], [ -122.19286, 47.34038 ], [ -122.19286, 47.34028 ], [ -122.19296, 47.34028 ], [ -122.19296, 47.34018 ], [ -122.19316, 47.34018 ], [ -122.19316, 47.34008 ], [ -122.19336, 47.34008 ], [ -122.19336, 47.33998 ], [ -122.19346, 47.33998 ], [ -122.19346, 47.33978 ], [ -122.19356, 47.33978 ], [ -122.19356, 47.33968 ], [ -122.19366, 47.33968 ], [ -122.19366, 47.33958 ], [ -122.19376, 47.33958 ], [ -122.19376, 47.33948 ], [ -122.19386, 47.33948 ], [ -122.19386, 47.33928 ], [ -122.19396, 47.33928 ], [ -122.19396, 47.33918 ], [ -122.19406, 47.33918 ], [ -122.19406, 47.33908 ], [ -122.19426, 47.33908 ], [ -122.19426, 47.33898 ], [ -122.19446, 47.33898 ], [ -122.19446, 47.33888 ], [ -122.19456, 47.33888 ], [ -122.19456, 47.33878 ], [ -122.19476, 47.33878 ], [ -122.19476, 47.33868 ], [ -122.19496, 47.33868 ], [ -122.19496, 47.33878 ], [ -122.19516, 47.33878 ], [ -122.19516, 47.33998 ], [ -122.19526, 47.33998 ], [ -122.19526, 47.34038 ], [ -122.19536, 47.34038 ], [ -122.19536, 47.34068 ], [ -122.19546, 47.34068 ], [ -122.19546, 47.34098 ], [ -122.19556, 47.34098 ], [ -122.19556, 47.34158 ], [ -122.19546, 47.34158 ], [ -122.19546, 47.34168 ], [ -122.19536, 47.34168 ], [ -122.19536, 47.34178 ], [ -122.19526, 47.34178 ], [ -122.19526, 47.34188 ], [ -122.19516, 47.34188 ], [ -122.19516, 47.34198 ], [ -122.19496, 47.34198 ], [ -122.19496, 47.34208 ], [ -122.19486, 47.34208 ], [ -122.19486, 47.34218 ], [ -122.19456, 47.34218 ], [ -122.19456, 47.34228 ], [ -122.19436, 47.34228 ], [ -122.19436, 47.34238 ], [ -122.19426, 47.34238 ], [ -122.19426, 47.34248 ], [ -122.19406, 47.34248 ], [ -122.19406, 47.34258 ], [ -122.19396, 47.34258 ], [ -122.19396, 47.34268 ], [ -122.19386, 47.34268 ], [ -122.19386, 47.34278 ], [ -122.19376, 47.34278 ], [ -122.19376, 47.34288 ], [ -122.19356, 47.34288 ], [ -122.19356, 47.34298 ], [ -122.19346, 47.34298 ], [ -122.19346, 47.34308 ], [ -122.19336, 47.34308 ], [ -122.19336, 47.34328 ], [ -122.19326, 47.34328 ], [ -122.19326, 47.34338 ], [ -122.19306, 47.34338 ], [ -122.19306, 47.34348 ], [ -122.19296, 47.34348 ], [ -122.19296, 47.34368 ], [ -122.19286, 47.34368 ], [ -122.19286, 47.34378 ], [ -122.19266, 47.34378 ], [ -122.19266, 47.34388 ], [ -122.19256, 47.34388 ], [ -122.19256, 47.34398 ], [ -122.19246, 47.34398 ], [ -122.19246, 47.34408 ], [ -122.19236, 47.34408 ], [ -122.19236, 47.34418 ], [ -122.19226, 47.34418 ], [ -122.19226, 47.34428 ], [ -122.19216, 47.34428 ], [ -122.19216, 47.34448 ], [ -122.19206, 47.34448 ], [ -122.19206, 47.34458 ], [ -122.19176, 47.34458 ], [ -122.19176, 47.34468 ] ] ] } },
{ "type": "Feature", "properties": { "slick_id": 62, "centroid": [ -122.17661, 47.351578 ], "bounding_box": [ -122.18136000000001, 47.337779999999995, -122.17086, 47.369879999999995 ], "area_km2": 1.0691, "perimeter_m": 13937.26, "orientation": 78.27, "compactness": 0.0692, "confidence": 0.4501 }, "geometry": { "type": "Polygon", "coordinates": [ [ [ -122.17476, 47.36988 ], [ -122.17466, 47.36988 ], [ -122.17466, 47.36178 ], [ -122.17446, 47.36178 ], [ -122.17446, 47.36168 ], [ -122.17436, 47.36168 ], [ -122.17436, 47.36178 ], [ -122.17416, 47.36178 ], [ -122.17416, 47.36198 ], [ -122.17406, 47.36198 ], [ -122.17406, 47.36228 ], [ -122.17396, 47.36228 ], [ -122.17396, 47.36298 ], [ -122.17406, 47.36298 ], [ -122.17406, 47.36348 ], [ -122.17416, 47.36348 ], [ -122.17416, 47.36618 ], [ -122.17406, 47.36618 ], [ -122.17406, 47.36668 ], [ -122.17396, 47.36668 ], [ -122.17396, 47.36818 ], [ -122.17386, 47.36818 ], [ -122.17386, 47.36848 ], [ -122.17376, 47.36848 ], [ -122.17376, 47.36868 ], [ -122.17366, 47.36868 ], [ -122.17366, 47.36878 ], [ -122.17316, 47.36878 ], [ -122.17316, 47.36858 ], [ -122.17306, 47.36858 ], [ -122.17306, 47.36848 ], [ -122.17296, 47.36848 ], [ -122.17296, 47.36808 ], [ -122.17286, 47.36808 ], [ -122.17286, 47.36778 ], [ -122.17276, 47.36778 ], [ -122.17276, 47.36758 ], [ -122.17266, 47.36758 ], [ -122.17266, 47.36738 ], [ -122.17256, 47.36738 ], [ -122.17256, 47.36718 ], [ -122.17236, 47.36718 ], [ -122.17236, 47.36708 ], [ -122.17206, 47.36708 ], [ -122.17206, 47.36698 ], [ -122.17186, 47.36698 ], [ -122.17186, 47.36688 ], [ -122.17176, 47.36688 ], [ -122.17176, 47.36678 ], [ -122.17166, 47.36678 ], [ -122.17166, 47.36668 ], [ -122.17156, 47.36668 ], [ -122.17156, 47.36658 ], [ -122.17146, 47.36658 ], [ -122.17146, 47.36648 ], [ -122.17136, 47.36648 ], [ -122.17136, 47.36638 ], [ -122.17126, 47.36638 ], [ -122.17126, 47.36628 ], [ -122.17116, 47.36628 ], [ -122.17116, 47.36618 ], [ -122.17106, 47.36618 ], [ -122.17106, 47.36608 ], [ -122.17086, 47.36608 ], [ -122.17086, 47.36568 ], [ -122.17106, 47.36568 ], [ -122.17106, 47.36558 ], [ -122.17146, 47.36558 ], [ -122.17146, 47.36568 ], [ -122.17156, 47.36568 ], [ -122.17156, 47.36578 ], [ -122.17166, 47.36578 ], [ -122.17166, 47.36588 ], [ -122.17186, 47.36588 ], [ -122.17186, 47.36598 ], [ -122.17226, 47.36598 ], [ -122.17226, 47.36588 ], [ -122.17246, 47.36588 ], [ -122.17246, 47.36578 ], [ -122.17256, 47.36578 ], [ -122.17256, 47.36568 ], [ -122.17266, 47.36568 ], [ -122.17266, 47.36518 ], [ -122.17256, 47.36518 ], [ -122.17256, 47.36508 ], [ -122.17236, 47.36508 ], [ -122.17236, 47.36488 ], [ -122.17226, 47.36488 ], [ -122.17226, 47.36448 ], [ -122.17216, 47.36448 ], [ -122.17216, 47.36348 ], [ -122.17226, 47.36348 ], [ -122.17226, 47.36328 ], [ -122.17236, 47.36328 ], [ -122.17236, 47.36318 ], [ -122.17246, 47.36318 ], [ -122.17246, 47.36298 ], [ -122.17256, 47.36298 ], [ -122.17256, 47.36258 ], [ -122.17266, 47.36258 ], [ -122.17266, 47.36178 ], [ -122.17276, 47.36178 ], [ -122.17276, 47.36138 ], [ -122.17286, 47.36138 ], [ -122.17286, 47.36128 ], [ -122.17296, 47.36128 ], [ -122.17296, 47.36118 ], [ -122.17316, 47.36118 ], [ -122.17316, 47.36108 ], [ -122.17356, 47.36108 ], [ -122.17356, 47.36098 ], [ -122.17416, 47.36098 ], [ -122.17416, 47.36088 ], [ -122.17436, 47.36088 ], [ -122.17436, 47.36068 ], [ -122.17456, 47.36068 ], [ -122.17456, 47.36058 ], [ -122.17466, 47.36058 ], [ -122.17466, 47.35388 ], [ -122.17446, 47.35388 ], [ -122.17446, 47.35378 ], [ -122.17426, 47.35378 ], [ -122.17426, 47.35368 ], [ -122.17446, 47.35368 ], [ -122.17446, 47.35358 ], [ -122.17466, 47.35358 ], [ -122.17466, 47.34918 ], [ -122.17476, 47.34918 ], [ -122.17476, 47.34818 ], [ -122.17486, 47.34818 ], [ -122.17486, 47.34788 ], [ -122.17496, 47.34788 ], [ -122.17496, 47.34748 ], [ -122.17506, 47.34748 ], [ -122.17506, 47.34688 ], [ -122.17516, 47.34688 ], [ -122.17516, 47.34638 ], [ -122.17526, 47.34638 ], [ -122.17526, 47.34608 ], [ -122.17536, 47.34608 ], [ -122.17536, 47.34588 ], [ -122.17546, 47.34588 ], [ -122.17546, 47.34568 ], [ -122.17556, 47.34568 ], [ -122.17556, 47.34468 ], [ -122.17566, 47.34468 ], [ -122.17566, 47.34428 ], [ -122.17556, 47.34428 ], [ -122.17556, 47.34408 ], [ -122.17546, 47.34408 ], [ -122.17546, 47.34368 ], [ -122.17556, 47.34368 ], [ -122.17556, 47.34328 ], [ -122.17566, 47.34328 ], [ -122.17566, 47.34298 ], [ -122.17576, 47.34298 ], [ -122.17576, 47.34208 ], [ -122.17586, 47.34208 ], [ -122.17586, 47.34198 ], [ -122.17596, 47.34198 ], [ -122.17596, 47.34188 ], [ -122.17606, 47.34188 ], [ -122.17606, 47.34178 ], [ -122.17616, 47.34178 ], [ -122.17616, 47.34168 ], [ -122.17626, 47.34168 ], [ -122.17626, 47.34148 ], [ -122.17636, 47.34148 ], [ -122.17636, 47.34128 ], [ -122.17646, 47.34128 ], [ -122.17646, 47.34118 ], [ -122.17656, 47.34118 ], [ -122.17656, 47.34108 ], [ -122.17666, 47.34108 ], [ -122.17666, 47.34098 ], [ -122.17676, 47.34098 ], [ -122.17676, 47.34088 ], [ -122.17696, 47.34088 ], [ -122.17696, 47.34078 ], [ -122.17706, 47.34078 ], [ -122.17706, 47.34068 ], [ -122.17716, 47.34068 ], [ -122.17716, 47.34048 ], [ -122.17726, 47.34048 ], [ -122.17726, 47.34038 ], [ -122.17736, 47.34038 ], [ -122.17736, 47.34028 ], [ -122.17756, 47.34028 ], [ -122.17756, 47.34018 ], [ -122.17766, 47.34018 ], [ -122.17766, 47.34008 ], [ -122.17776, 47.34008 ], [ -122.17776, 47.33998 ], [ -122.17796, 47.33998 ], [ -122.17796, 47.33978 ], [ -122.17816, 47.33978 ], [ -122.17816, 47.33968 ], [ -122.17836, 47.33968 ], [ -122.17836, 47.33958 ], [ -122.17856, 47.33958 ], [ -122.17856, 47.33948 ], [ -122.17866, 47.33948 ], [ -122.17866, 47.33928 ], [ -122.17876, 47.33928 ], [ -122.17876, 47.33818 ], [ -122.17886, 47.33818 ], [ -122.17886, 47.33798 ], [ -122.17906, 47.33798 ], [ -122.17906, 47.33788 ], [ -122.17916, 47.33788 ], [ -122.17916, 47.33778 ], [ -122.17936, 47.33778 ], [ -122.17936, 47.33798 ], [ -122.17946, 47.33798 ], [ -122.17946, 47.33818 ], [ -122.17956, 47.33818 ], [ -122.17956, 47.33848 ], [ -122.17966, 47.33848 ], [ -122.17966, 47.33868 ], [ -122.17956, 47.33868 ], [ -122.17956, 47.33898 ], [ -122.17966, 47.33898 ], [ -122.17966, 47.33928 ], [ -122.17976, 47.33928 ], [ -122.17976, 47.33958 ], [ -122.17986, 47.33958 ], [ -122.17986, 47.33988 ], [ -122.17996, 47.33988 ], [ -122.17996, 47.34018 ], [ -122.18006, 47.34018 ], [ -122.18006, 47.34038 ], [ -122.18016, 47.34038 ], [ -122.18016, 47.34048 ], [ -122.18026, 47.34048 ], [ -122.18026, 47.34058 ], [ -122.18036, 47.34058 ], [ -122.18036, 47.34068 ], [ -122.18046, 47.34068 ], [ -122.18046, 47.34078 ], [ -122.18056, 47.34078 ], [ -122.18056, 47.34108 ], [ -122.18066, 47.34108 ], [ -122.18066, 47.34138 ], [ -122.18076, 47.34138 ], [ -122.18076, 47.34158 ], [ -122.18086, 47.34158 ], [ -122.18086, 47.34168 ], [ -122.18096, 47.34168 ], [ -122.18096, 47.34188 ], [ -122.18106, 47.34188 ], [ -122.18106, 47.34208 ], [ -122.18116, 47.34208 ], [ -122.18116, 47.34238 ], [ -122.18126, 47.34238 ], [ -122.18126, 47.34258 ], [ -122.18116, 47.34258 ], [ -122.18116, 47.34298 ], [ -122.18126, 47.34298 ], [ -122.18126, 47.34318 ], [ -122.18136, 47.34318 ], [ -122.18136, 47.34378 ], [ -122.18126, 47.34378 ], [ -122.18126, 47.34388 ], [ -122.18116, 47.34388 ], [ -122.18116, 47.34398 ], [ -122.18106, 47.34398 ], [ -122.18106, 47.34408 ], [ -122.18096, 47.34408 ], [ -122.18096, 47.34418 ], [ -122.18086, 47.34418 ], [ -122.18086, 47.34438 ], [ -122.18076, 47.34438 ], [ -122.18076, 47.34528 ], [ -122.18066, 47.34528 ], [ -122.18066, 47.34668 ], [ -122.18076, 47.34668 ], [ -122.18076, 47.34688 ], [ -122.18066, 47.34688 ], [ -122.18066, 47.34748 ], [ -122.18056, 47.34748 ], [ -122.18056, 47.34768 ], [ -122.18046, 47.34768 ], [ -122.18046, 47.34778 ], [ -122.18036, 47.34778 ], [ -122.18036, 47.34788 ], [ -122.18026, 47.34788 ], [ -122.18026, 47.34798 ], [ -122.18016, 47.34798 ], [ -122.18016, 47.34818 ], [ -122.17996, 47.34818 ], [ -122.17996, 47.34808 ], [ -122.17986, 47.34808 ], [ -122.17986, 47.34748 ], [ -122.17976, 47.34748 ], [ -122.17976, 47.34688 ], [ -122.17956, 47.34688 ], [ -122.17956, 47.34678 ], [ -122.17926, 47.34678 ], [ -122.17926, 47.34688 ], [ -122.17906, 47.34688 ], [ -122.17906, 47.34698 ], [ -122.17896, 47.34698 ], [ -122.17896, 47.34708 ], [ -122.17886, 47.34708 ], [ -122.17886, 47.34718 ], [ -122.17876, 47.34718 ], [ -122.17876, 47.34728 ], [ -122.17856, 47.34728 ], [ -122.17856, 47.34738 ], [ -122.17846, 47.34738 ], [ -122.17846, 47.34748 ], [ -122.17836, 47.34748 ], [ -122.17836, 47.34768 ], [ -122.17826, 47.34768 ], [ -122.17826, 47.34868 ], [ -122.17836, 47.34868 ], [ -122.17836, 47.34888 ], [ -122.17846, 47.34888 ], [ -122.17846, 47.34908 ], [ -122.17856, 47.34908 ], [ -122.17856, 47.34918 ], [ -122.17876, 47.34918 ], [ -122.17876, 47.34938 ], [ -122.17866, 47.34938 ], [ -122.17866, 47.34978 ], [ -122.17876, 47.34978 ], [ -122.17876, 47.34988 ], [ -122.17896, 47.34988 ], [ -122.17896, 47.34998 ], [ -122.17916, 47.34998 ], [ -122.17916, 47.35008 ], [ -122.17926, 47.35008 ], [ -122.17926, 47.34998 ], [ -122.17946, 47.34998 ], [ -122.17946, 47.34988 ], [ -122.17956, 47.34988 ], [ -122.17956, 47.34978 ], [ -122.18006, 47.34978 ], [ -122.18006, 47.34988 ], [ -122.18016, 47.34988 ], [ -122.18016, 47.35058 ], [ -122.18006, 47.35058 ], [ -122.18006, 47.35068 ], [ -122.17986, 47.35068 ], [ -122.17986, 47.35088 ], [ -122.17976, 47.35088 ], [ -122.17976, 47.35108 ], [ -122.17966, 47.35108 ], [ -122.17966, 47.35138 ], [ -122.17956, 47.35138 ], [ -122.17956, 47.35178 ], [ -122.17946, 47.35178 ], [ -122.17946, 47.35218 ], [ -122.17936, 47.35218 ], [ -122.17936, 47.35248 ], [ -122.17926, 47.35248 ], [ -122.17926, 47.35238 ], [ -122.17916, 47.35238 ], [ -122.17916, 47.35218 ], [ -122.17906, 47.35218 ], [ -122.17906, 47.35168 ], [ -122.17916, 47.35168 ], [ -122.17916, 47.35138 ], [ -122.17926, 47.35138 ], [ -122.17926, 47.35118 ], [ -122.17936, 47.35118 ], [ -122.17936, 47.35058 ], [ -122.17916, 47.35058 ], [ -122.17916, 47.35048 ], [ -122.17906, 47.35048 ], [ -122.17906, 47.35058 ], [ -122.17856, 47.35058 ], [ -122.17856, 47.35068 ], [ -122.17846, 47.35068 ], [ -122.17846, 47.35058 ], [ -122.17816, 47.35058 ], [ -122.17816, 47.35048 ], [ -122.17786, 47.35048 ], [ -122.17786, 47.35058 ], [ -122.17756, 47.35058 ], [ -122.17756, 47.35048 ], [ -122.17686, 47.35048 ], [ -122.17686, 47.35058 ], [ -122.17666, 47.35058 ], [ -122.17666, 47.35068 ], [ -122.17656, 47.35068 ], [ -122.17656, 47.35078 ], [ -122.17646, 47.35078 ], [ -122.17646, 47.35088 ], [ -122.17636, 47.35088 ], [ -122.17636, 47.35108 ], [ -122.17626, 47.35108 ], [ -122.17626, 47.35118 ], [ -122.17616, 47.35118 ], [ -122.17616, 47.35128 ], [ -122.17606, 47.35128 ], [ -122.17606, 47.35138 ], [ -122.17596, 47.35138 ], [ -122.17596, 47.35148 ], [ -122.17586, 47.35148 ], [ -122.17586, 47.35158 ], [ -122.17576, 47.35158 ], [ -122.17576, 47.35168 ], [ -122.17566, 47.35168 ], [ -122.17566, 47.35238 ], [ -122.17576, 47.35238 ], [ -122.17576, 47.35258 ], [ -122.17566, 47.35258 ], [ -122.17566, 47.35308 ], [ -122.17536, 47.35308 ], [ -122.17536, 47.35318 ], [ -122.17516, 47.35318 ], [ -122.17516, 47.35348 ], [ -122.17536, 47.35348 ], [ -122.17536, 47.35358 ], [ -122.17556, 47.35358 ], [ -122.17556, 47.35368 ], [ -122.17576, 47.35368 ], [ -122.17576, 47.35378 ], [ -122.17566, 47.35378 ], [ -122.17566, 47.35388 ], [ -122.17556, 47.35388 ], [ -122.17556, 47.35418 ], [ -122.17546, 47.35418 ], [ -122.17546, 47.35478 ], [ -122.17536, 47.35478 ], [ -122.17536, 47.35518 ], [ -122.17546, 47.35518 ], [ -122.17546, 47.35538 ], [ -122.17556, 47.35538 ], [ -122.17556, 47.35558 ], [ -122.17566, 47.35558 ], [ -122.17566, 47.35568 ], [ -122.17576, 47.35568 ], [ -122.17576, 47.35578 ], [ -122.17586, 47.35578 ], [ -122.17586, 47.35598 ], [ -122.17596, 47.35598 ], [ -122.17596, 47.35648 ], [ -122.17606, 47.35648 ], [ -122.17606, 47.35688 ], [ -122.17616, 47.35688 ], [ -122.17616, 47.35708 ], [ -122.17626, 47.35708 ], [ -122.17626, 47.35738 ], [ -122.17616, 47.35738 ], [ -122.17616, 47.35778 ], [ -122.17636, 47.35778 ], [ -122.17636, 47.35788 ], [ -122.17696, 47.35788 ], [ -122.17696, 47.35778 ], [ -122.17726, 47.35778 ], [ -122.17726, 47.35788 ], [ -122.17736, 47.35788 ], [ -122.17736, 47.35818 ], [ -122.17726, 47.35818 ], [ -122.17726, 47.35828 ], [ -122.17716, 47.35828 ], [ -122.17716, 47.35838 ], [ -122.17706, 47.35838 ], [ -122.17706, 47.35858 ], [ -122.17696, 47.35858 ], [ -122.17696, 47.35868 ], [ -122.17686, 47.35868 ], [ -122.17686, 47.35878 ], [ -122.17676, 47.35878 ], [ -122.17676, 47.35888 ], [ -122.17666, 47.35888 ], [ -122.17666, 47.35898 ], [ -122.17656, 47.35898 ], [ -122.17656, 47.35908 ], [ -122.17626, 47.35908 ], [ -122.17626, 47.35898 ], [ -122.17606, 47.35898 ], [ -122.17606, 47.35908 ], [ -122.17586, 47.35908 ], [ -122.17586, 47.35928 ], [ -122.17576, 47.35928 ], [ -122.17576, 47.35938 ], [ -122.17566, 47.35938 ], [ -122.17566, 47.35978 ], [ -122.17556, 47.35978 ], [ -122.17556, 47.36028 ], [ -122.17546, 47.36028 ], [ -122.17546, 47.36078 ], [ -122.17536, 47.36078 ], [ -122.17536, 47.36098 ], [ -122.17526, 47.36098 ], [ -122.17526, 47.36108 ], [ -122.17516, 47.36108 ], [ -122.17516, 47.36118 ], [ -122.17506, 47.36118 ], [ -122.17506, 47.36128 ], [ -122.17496, 47.36128 ], [ -122.17496, 47.36148 ], [ -122.17486, 47.36148 ], [ -122.17486, 47.36168 ], [ -122.17476, 47.36168 ], [ -122.17476, 47.36228 ], [ -122.17496, 47.36228 ], [ -122.17496, 47.36238 ], [ -122.17506, 47.36238 ], [ -122.17506, 47.36248 ], [ -122.17526, 47.36248 ], [ -122.17526, 47.36268 ], [ -122.17536, 47.36268 ], [ -122.17536, 47.36298 ], [ -122.17546, 47.36298 ], [ -122.17546, 47.36348 ], [ -122.17536, 47.36348 ], [ -122.17536, 47.36408 ], [ -122.17546, 47.36408 ], [ -122.17546, 47.36418 ], [ -122.17566, 47.36418 ], [ -122.17566, 47.36428 ], [ -122.17596, 47.36428 ], [ -122.17596, 47.36438 ], [ -122.17606, 47.36438 ], [ -122.17606, 47.36448 ], [ -122.17616, 47.36448 ], [ -122.17616, 47.36508 ], [ -122.17606, 47.36508 ], [ -122.17606, 47.36568 ], [ -122.17616, 47.36568 ], [ -122.17616, 47.36638 ], [ -122.17606, 47.36638 ], [ -122.17606, 47.36668 ], [ -122.17596, 47.36668 ], [ -122.17596, 47.36678 ], [ -122.17586, 47.36678 ], [ -122.17586, 47.36698 ], [ -122.17576, 47.36698 ], [ -122.17576, 47.36718 ], [ -122.17566, 47.36718 ], [ -122.17566, 47.36738 ], [ -122.17556, 47.36738 ], [ -122.17556, 47.36758 ], [ -122.17546, 47.36758 ], [ -122.17546, 47.36828 ], [ -122.17536, 47.36828 ], [ -122.17536, 47.36848 ], [ -122.17526, 47.36848 ], [ -122.17526, 47.36888 ], [ -122.17516, 47.36888 ], [ -122.17516, 47.36908 ], [ -122.17506, 47.36908 ], [ -122.17506, 47.36918 ], [ -122.17496, 47.36918 ], [ -122.17496, 47.36928 ], [ -122.17486, 47.36928 ], [ -122.17486, 47.36958 ], [ -122.17476, 47.36958 ], [ -122.17476, 47.36988 ] ] ] } },
{ "type": "Feature", "properties": { "slick_id": 63, "centroid": [ -122.163756, 47.341391 ], "bounding_box": [ -122.16586000000001, 47.336479999999995, -122.16126000000001, 47.34628 ], "area_km2": 0.3175, "perimeter_m": 3295.07, "orientation": 76.53, "compactness": 0.3675, "confidence": 0.5423 }, "geometry": { "type": "Polygon", "coordinates": [ [ [ -122.16336, 47.34628 ], [ -122.16286, 47.34628 ], [ -122.16286, 47.34618 ], [ -122.16276, 47.34618 ], [ -122.16276, 47.34578 ], [ -122.16266, 47.34578 ], [ -122.16266, 47.34508 ], [ -122.16256, 47.34508 ], [ -122.16256, 47.34478 ], [ -122.16246, 47.34478 ], [ -122.16246, 47.34468 ], [ -122.16236, 47.34468 ], [ -122.16236, 47.34448 ], [ -122.16226, 47.34448 ], [ -122.16226, 47.34428 ], [ -122.16216, 47.34428 ], [ -122.16216, 47.34408 ], [ -122.16206, 47.34408 ], [ -122.16206, 47.34398 ], [ -122.16186, 47.34398 ], [ -122.16186, 47.34388 ], [ -122.16166, 47.34388 ], [ -122.16166, 47.34378 ], [ -122.16126, 47.34378 ], [ -122.16126, 47.34358 ], [ -122.16146, 47.34358 ], [ -122.16146, 47.34348 ], [ -122.16156, 47.34348 ], [ -122.16156, 47.34338 ], [ -122.16166, 47.34338 ], [ -122.16166, 47.34328 ], [ -122.16176, 47.34328 ], [ -122.16176, 47.34228 ], [ -122.16186, 47.34228 ], [ -122.16186, 47.34168 ], [ -122.16196, 47.34168 ], [ -122.16196, 47.34148 ], [ -122.16206, 47.34148 ], [ -122.16206, 47.34118 ], [ -122.16216, 47.34118 ], [ -122.16216, 47.34008 ], [ -122.16226, 47.34008 ], [ -122.16226, 47.33988 ], [ -122.16236, 47.33988 ], [ -122.16236, 47.33978 ], [ -122.16246, 47.33978 ], [ -122.16246, 47.33958 ], [ -122.16256, 47.33958 ], [ -122.16256, 47.33948 ], [ -122.16266, 47.33948 ], [ -122.16266, 47.33928 ], [ -122.16276, 47.33928 ], [ -122.16276, 47.33918 ], [ -122.16286, 47.33918 ], [ -122.16286, 47.33898 ], [ -122.16296, 47.33898 ], [ -122.16296, 47.33878 ], [ -122.16306, 47.33878 ], [ -122.16306, 47.33848 ], [ -122.16316, 47.33848 ], [ -122.16316, 47.33698 ], [ -122.16306, 47.33698 ], [ -122.16306, 47.33658 ], [ -122.16296, 47.33658 ], [ -122.16296, 47.33648 ], [ -122.16366, 47.33648 ], [ -122.16366, 47.33658 ], [ -122.16396, 47.33658 ], [ -122.16396, 47.33668 ], [ -122.16416, 47.33668 ], [ -122.16416, 47.33678 ], [ -122.16436, 47.33678 ], [ -122.16436, 47.33688 ], [ -122.16446, 47.33688 ], [ -122.16446, 47.33698 ], [ -122.16456, 47.33698 ], [ -122.16456, 47.33708 ], [ -122.16466, 47.33708 ], [ -122.16466, 47.33718 ], [ -122.16476, 47.33718 ], [ -122.16476, 47.33728 ], [ -122.16486, 47.33728 ], [ -122.16486, 47.33748 ], [ -122.16496, 47.33748 ], [ -122.16496, 47.33758 ], [ -122.16506, 47.33758 ], [ -122.16506, 47.33778 ], [ -122.16516, 47.33778 ], [ -122.16516, 47.33818 ], [ -122.16526, 47.33818 ], [ -122.16526, 47.33838 ], [ -122.16536, 47.33838 ], [ -122.16536, 47.33878 ], [ -122.16546, 47.33878 ], [ -122.16546, 47.33898 ], [ -122.16556, 47.33898 ], [ -122.16556, 47.33918 ], [ -122.16566, 47.33918 ], [ -122.16566, 47.33938 ], [ -122.16576, 47.33938 ], [ -122.16576, 47.33958 ], [ -122.16586, 47.33958 ], [ -122.16586, 47.34008 ], [ -122.16576, 47.34008 ], [ -122.16576, 47.34048 ], [ -122.16566, 47.34048 ], [ -122.16566, 47.34088 ], [ -122.16556, 47.34088 ], [ -122.16556, 47.34138 ], [ -122.16546, 47.34138 ], [ -122.16546, 47.34198 ], [ -122.16536, 47.34198 ], [ -122.16536, 47.34218 ], [ -122.16526, 47.34218 ], [ -122.16526, 47.34258 ], [ -122.16516, 47.34258 ], [ -122.16516, 47.34308 ], [ -122.16526, 47.34308 ], [ -122.16526, 47.34338 ], [ -122.16536, 47.34338 ], [ -122.16536, 47.34378 ], [ -122.16526, 47.34378 ], [ -122.16526, 47.34388 ], [ -122.16516, 47.34388 ], [ -122.16516, 47.34398 ], [ -122.16506, 47.34398 ], [ -122.16506, 47.34408 ], [ -122.16496, 47.34408 ], [ -122.16496, 47.34418 ], [ -122.16476, 47.34418 ], [ -122.16476, 47.34428 ], [ -122.16466, 47.34428 ], [ -122.16466, 47.34438 ], [ -122.16456, 47.34438 ], [ -122.16456, 47.34448 ], [ -122.16446, 47.34448 ], [ -122.16446, 47.34468 ], [ -122.16436, 47.34468 ], [ -122.16436, 47.34498 ], [ -122.16426, 47.34498 ], [ -122.16426, 47.34518 ], [ -122.16416, 47.34518 ], [ -122.16416, 47.34538 ], [ -122.16406, 47.34538 ], [ -122.16406, 47.34548 ], [ -122.16396, 47.34548 ], [ -122.16396, 47.34558 ], [ -122.16386, 47.34558 ], [ -122.16386, 47.34568 ], [ -122.16376, 47.34568 ], [ -122.16376, 47.34578 ], [ -122.16366, 47.34578 ], [ -122.16366, 47.34588 ], [ -122.16356, 47.34588 ], [ -122.16356, 47.34608 ], [ -122.16346, 47.34608 ], [ -122.16346, 47.34618 ], [ -122.16336, 47.34618 ], [ -122.16336, 47.34628 ] ] ] } },
{ "type": "Feature", "properties": { "slick_id": 64, "centroid": [ -122.062406, 47.334027 ], "bounding_box": [ -122.06576000000001, 47.330679999999994, -122.05886000000001, 47.33728 ], "area_km2": 0.4374, "perimeter_m": 3050.17, "orientation": 0.0, "compactness": 0.5909, "confidence": 0.4629 }, "geometry": { "type": "Polygon", "coordinates": [ [ [ -122.06216, 47.33728 ], [ -122.06156, 47.33728 ], [ -122.06156, 47.33718 ], [ -122.06106, 47.33718 ], [ -122.06106, 47.33708 ], [ -122.06096, 47.33708 ], [ -122.06096, 47.33698 ], [ -122.06076, 47.33698 ], [ -122.06076, 47.33688 ], [ -122.06066, 47.33688 ], [ -122.06066, 47.33678 ], [ -122.06046, 47.33678 ], [ -122.06046, 47.33668 ], [ -122.06036, 47.33668 ], [ -122.06036, 47.33658 ], [ -122.06016, 47.33658 ], [ -122.06016, 47.33648 ], [ -122.06006, 47.33648 ], [ -122.06006, 47.33628 ], [ -122.05996, 47.33628 ], [ -122.05996, 47.33608 ], [ -122.05986, 47.33608 ], [ -122.05986, 47.33588 ], [ -122.05976, 47.33588 ], [ -122.05976, 47.33558 ], [ -122.05966, 47.33558 ], [ -122.05966, 47.33538 ], [ -122.05956, 47.33538 ], [ -122.05956, 47.33528 ], [ -122.05946, 47.33528 ], [ -122.05946, 47.33498 ], [ -122.05936, 47.33498 ], [ -122.05936, 47.33398 ], [ -122.05926, 47.33398 ], [ -122.05926, 47.33378 ], [ -122.05916, 47.33378 ], [ -122.05916, 47.33348 ], [ -122.05906, 47.33348 ], [ -122.05906, 47.33328 ], [ -122.05896, 47.33328 ], [ -122.05896, 47.33258 ], [ -122.05886, 47.33258 ], [ -122.05886, 47.33248 ], [ -122.05896, 47.33248 ], [ -122.05896, 47.33238 ], [ -122.05906, 47.33238 ], [ -122.05906, 47.33218 ], [ -122.05926, 47.33218 ], [ -122.05926, 47.33198 ], [ -122.05936, 47.33198 ], [ -122.05936, 47.33188 ], [ -122.05946, 47.33188 ], [ -122.05946, 47.33168 ], [ -122.05956, 47.33168 ], [ -122.05956, 47.33158 ], [ -122.05966, 47.33158 ], [ -122.05966, 47.33148 ], [ -122.05986, 47.33148 ], [ -122.05986, 47.33138 ], [ -122.05996, 47.33138 ], [ -122.05996, 47.33128 ], [ -122.06016, 47.33128 ], [ -122.06016, 47.33118 ], [ -122.06036, 47.33118 ], [ -122.06036, 47.33108 ], [ -122.06046, 47.33108 ], [ -122.06046, 47.33098 ], [ -122.06066, 47.33098 ], [ -122.06066, 47.33088 ], [ -122.06076, 47.33088 ], [ -122.06076, 47.33078 ], [ -122.06096, 47.33078 ], [ -122.06096, 47.33068 ], [ -122.06146, 47.33068 ], [ -122.06146, 47.33078 ], [ -122.06186, 47.33078 ], [ -122.06186, 47.33088 ], [ -122.06206, 47.33088 ], [ -122.06206, 47.33098 ], [ -122.06236, 47.33098 ], [ -122.06236, 47.33108 ], [ -122.06276, 47.33108 ], [ -122.06276, 47.33098 ], [ -122.06286, 47.33098 ], [ -122.06286, 47.33108 ], [ -122.06306, 47.33108 ], [ -122.06306, 47.33118 ], [ -122.06326, 47.33118 ], [ -122.06326, 47.33128 ], [ -122.06426, 47.33128 ], [ -122.06426, 47.33138 ], [ -122.06446, 47.33138 ], [ -122.06446, 47.33148 ], [ -122.06456, 47.33148 ], [ -122.06456, 47.33158 ], [ -122.06476, 47.33158 ], [ -122.06476, 47.33168 ], [ -122.06486, 47.33168 ], [ -122.06486, 47.33178 ], [ -122.06496, 47.33178 ], [ -122.06496, 47.33188 ], [ -122.06506, 47.33188 ], [ -122.06506, 47.33208 ], [ -122.06516, 47.33208 ], [ -122.06516, 47.33218 ], [ -122.06526, 47.33218 ], [ -122.06526, 47.33228 ], [ -122.06536, 47.33228 ], [ -122.06536, 47.33238 ], [ -122.06546, 47.33238 ], [ -122.06546, 47.33268 ], [ -122.06556, 47.33268 ], [ -122.06556, 47.33298 ], [ -122.06566, 47.33298 ], [ -122.06566, 47.33328 ], [ -122.06576, 47.33328 ], [ -122.06576, 47.33398 ], [ -122.06566, 47.33398 ], [ -122.06566, 47.33418 ], [ -122.06556, 47.33418 ], [ -122.06556, 47.33538 ], [ -122.06566, 47.33538 ], [ -122.06566, 47.33598 ], [ -122.06556, 47.33598 ], [ -122.06556, 47.33618 ], [ -122.06546, 47.33618 ], [ -122.06546, 47.33628 ], [ -122.06536, 47.33628 ], [ -122.06536, 47.33638 ], [ -122.06516, 47.33638 ], [ -122.06516, 47.33648 ], [ -122.06506, 47.33648 ], [ -122.06506, 47.33658 ], [ -122.06496, 47.33658 ], [ -122.06496, 47.33668 ], [ -122.06486, 47.33668 ], [ -122.06486, 47.33678 ], [ -122.06466, 47.33678 ], [ -122.06466, 47.33688 ], [ -122.06426, 47.33688 ], [ -122.06426, 47.33698 ], [ -122.06396, 47.33698 ], [ -122.06396, 47.33708 ], [ -122.06356, 47.33708 ], [ -122.06356, 47.33718 ], [ -122.06216, 47.33718 ], [ -122.06216, 47.33728 ] ] ] } },
{ "type": "Feature", "properties": { "slick_id": 65, "centroid": [ -121.768971, 47.331137 ], "bounding_box": [ -121.76996000000001, 47.32798, -121.76796, 47.333679999999994 ], "area_km2": 0.0898, "perimeter_m": 1714.33, "orientation": 98.13, "compactness": 0.3842, "confidence": 0.3204 }, "geometry": { "type": "Polygon", "coordinates": [ [ [ -121.76936, 47.33368 ], [ -121.76916, 47.33368 ], [ -121.76916, 47.33358 ], [ -121.76906, 47.33358 ], [ -121.76906, 47.33348 ], [ -121.76886, 47.33348 ], [ -121.76886, 47.33338 ], [ -121.76876, 47.33338 ], [ -121.76876, 47.33318 ], [ -121.76866, 47.33318 ], [ -121.76866, 47.33308 ], [ -121.76856, 47.33308 ], [ -121.76856, 47.33298 ], [ -121.76846, 47.33298 ], [ -121.76846, 47.33288 ], [ -121.76836, 47.33288 ], [ -121.76836, 47.33278 ], [ -121.76826, 47.33278 ], [ -121.76826, 47.33258 ], [ -121.76816, 47.33258 ], [ -121.76816, 47.33248 ], [ -121.76806, 47.33248 ], [ -121.76806, 47.33218 ], [ -121.76796, 47.33218 ], [ -121.76796, 47.33138 ], [ -121.76806, 47.33138 ], [ -121.76806, 47.33058 ], [ -121.76816, 47.33058 ], [ -121.76816, 47.32998 ], [ -121.76826, 47.32998 ], [ -121.76826, 47.32958 ], [ -121.76836, 47.32958 ], [ -121.76836, 47.32938 ], [ -121.76846, 47.32938 ], [ -121.76846, 47.32918 ], [ -121.76856, 47.32918 ], [ -121.76856, 47.32888 ], [ -121.76866, 47.32888 ], [ -121.76866, 47.32868 ], [ -121.76876, 47.32868 ], [ -121.76876, 47.32848 ], [ -121.76886, 47.32848 ], [ -121.76886, 47.32838 ], [ -121.76896, 47.32838 ], [ -121.76896, 47.32828 ], [ -121.76906, 47.32828 ], [ -121.76906, 47.32818 ], [ -121.76916, 47.32818 ], [ -121.76916, 47.32798 ], [ -121.76926, 47.32798 ], [ -121.76926, 47.32848 ], [ -121.76936, 47.32848 ], [ -121.76936, 47.32878 ], [ -121.76946, 47.32878 ], [ -121.76946, 47.32918 ], [ -121.76956, 47.32918 ], [ -121.76956, 47.33028 ], [ -121.76966, 47.33028 ], [ -121.76966, 47.33078 ], [ -121.76976, 47.33078 ], [ -121.76976, 47.33138 ], [ -121.76986, 47.33138 ], [ -121.76986, 47.33198 ], [ -121.76996, 47.33198 ], [ -121.76996, 47.33258 ], [ -121.76986, 47.33258 ], [ -121.76986, 47.33298 ], [ -121.76976, 47.33298 ], [ -121.76976, 47.33318 ], [ -121.76966, 47.33318 ], [ -121.76966, 47.33328 ], [ -121.76956, 47.33328 ], [ -121.76956, 47.33338 ], [ -121.76946, 47.33338 ], [ -121.76946, 47.33348 ], [ -121.76936, 47.33348 ], [ -121.76936, 47.33368 ] ] ] } },
{ "type": "Feature", "properties": { "slick_id": 66, "centroid": [ -122.04747, 47.328792 ], "bounding_box": [ -122.05046, 47.32628, -122.04416, 47.33098 ], "area_km2": 0.26, "perimeter_m": 2560.36, "orientation": 3.47, "compactness": 0.4984, "confidence": 0.4164 }, "geometry": { "type": "Polygon", "coordinates": [ [ [ -122.04566, 47.33098 ], [ -122.04556, 47.33098 ], [ -122.04556, 47.33088 ], [ -122.04526, 47.33088 ], [ -122.04526, 47.33038 ], [ -122.04506, 47.33038 ], [ -122.04506, 47.33028 ], [ -122.04496, 47.33028 ], [ -122.04496, 47.33018 ], [ -122.04476, 47.33018 ], [ -122.04476, 47.33008 ], [ -122.04466, 47.33008 ], [ -122.04466, 47.32998 ], [ -122.04456, 47.32998 ], [ -122.04456, 47.32988 ], [ -122.04446, 47.32988 ], [ -122.04446, 47.32978 ], [ -122.04436, 47.32978 ], [ -122.04436, 47.32958 ], [ -122.04426, 47.32958 ], [ -122.04426, 47.32948 ], [ -122.04416, 47.32948 ], [ -122.04416, 47.32878 ], [ -122.04426, 47.32878 ], [ -122.04426, 47.32858 ], [ -122.04436, 47.32858 ], [ -122.04436, 47.32848 ], [ -122.04446, 47.32848 ], [ -122.04446, 47.32838 ], [ -122.04466, 47.32838 ], [ -122.04466, 47.32828 ], [ -122.04476, 47.32828 ], [ -122.04476, 47.32818 ], [ -122.04496, 47.32818 ], [ -122.04496, 47.32808 ], [ -122.04506, 47.32808 ], [ -122.04506, 47.32798 ], [ -122.04526, 47.32798 ], [ -122.04526, 47.32788 ], [ -122.04546, 47.32788 ], [ -122.04546, 47.32778 ], [ -122.04556, 47.32778 ], [ -122.04556, 47.32768 ], [ -122.04566, 47.32768 ], [ -122.04566, 47.32758 ], [ -122.04576, 47.32758 ], [ -122.04576, 47.32708 ], [ -122.04586, 47.32708 ], [ -122.04586, 47.32688 ], [ -122.04596, 47.32688 ], [ -122.04596, 47.32678 ], [ -122.04616, 47.32678 ], [ -122.04616, 47.32668 ], [ -122.04646, 47.32668 ], [ -122.04646, 47.32658 ], [ -122.04676, 47.32658 ], [ -122.04676, 47.32648 ], [ -122.04736, 47.32648 ], [ -122.04736, 47.32658 ], [ -122.04756, 47.32658 ], [ -122.04756, 47.32668 ], [ -122.04786, 47.32668 ], [ -122.04786, 47.32658 ], [ -122.04806, 47.32658 ], [ -122.04806, 47.32648 ], [ -122.04816, 47.32648 ], [ -122.04816, 47.32638 ], [ -122.04836, 47.32638 ], [ -122.04836, 47.32628 ], [ -122.04856, 47.32628 ], [ -122.04856, 47.32638 ], [ -122.04886, 47.32638 ], [ -122.04886, 47.32648 ], [ -122.04896, 47.32648 ], [ -122.04896, 47.32658 ], [ -122.04906, 47.32658 ], [ -122.04906, 47.32668 ], [ -122.04916, 47.32668 ], [ -122.04916, 47.32678 ], [ -122.04936, 47.32678 ], [ -122.04936, 47.32688 ], [ -122.04946, 47.32688 ], [ -122.04946, 47.32728 ], [ -122.04956, 47.32728 ], [ -122.04956, 47.32758 ], [ -122.04966, 47.32758 ], [ -122.04966, 47.32778 ], [ -122.04976, 47.32778 ], [ -122.04976, 47.32788 ], [ -122.04986, 47.32788 ], [ -122.04986, 47.32798 ], [ -122.05006, 47.32798 ], [ -122.05006, 47.32808 ], [ -122.05016, 47.32808 ], [ -122.05016, 47.32828 ], [ -122.05026, 47.32828 ], [ -122.05026, 47.32838 ], [ -122.05036, 47.32838 ], [ -122.05036, 47.32898 ], [ -122.05046, 47.32898 ], [ -122.05046, 47.32988 ], [ -122.05036, 47.32988 ], [ -122.05036, 47.33008 ], [ -122.05026, 47.33008 ], [ -122.05026, 47.33018 ], [ -122.05016, 47.33018 ], [ -122.05016, 47.33038 ], [ -122.04996, 47.33038 ], [ -122.04996, 47.33048 ], [ -122.04986, 47.33048 ], [ -122.04986, 47.33058 ], [ -122.04946, 47.33058 ], [ -122.04946, 47.33068 ], [ -122.04896, 47.33068 ], [ -122.04896, 47.33078 ], [ -122.04806, 47.33078 ], [ -122.04806, 47.33068 ], [ -122.04746, 47.33068 ], [ -122.04746, 47.33058 ], [ -122.04656, 47.33058 ], [ -122.04656, 47.33048 ], [ -122.04646, 47.33048 ], [ -122.04646, 47.33058 ], [ -122.04626, 47.33058 ], [ -122.04626, 47.33068 ], [ -122.04616, 47.33068 ], [ -122.04616, 47.33078 ], [ -122.04596, 47.33078 ], [ -122.04596, 47.33088 ], [ -122.04566, 47.33088 ], [ -122.04566, 47.33098 ] ] ] } },
{ "type": "Feature", "properties": { "slick_id": 67, "centroid": [ -122.076272, 47.316056 ], "bounding_box": [ -122.07826, 47.312979999999996, -122.07436000000001, 47.31798 ], "area_km2": 0.119, "perimeter_m": 2359.98, "orientation": 65.77, "compactness": 0.2684, "confidence": 0.3556 }, "geometry": { "type": "Polygon", "coordinates": [ [ [ -122.07696, 47.31798 ], [ -122.07676, 47.31798 ], [ -122.07676, 47.31788 ], [ -122.07656, 47.31788 ], [ -122.07656, 47.31778 ], [ -122.07636, 47.31778 ], [ -122.07636, 47.31768 ], [ -122.07566, 47.31768 ], [ -122.07566, 47.31778 ], [ -122.07466, 47.31778 ], [ -122.07466, 47.31768 ], [ -122.07456, 47.31768 ], [ -122.07456, 47.31748 ], [ -122.07446, 47.31748 ], [ -122.07446, 47.31658 ], [ -122.07436, 47.31658 ], [ -122.07436, 47.31638 ], [ -122.07446, 47.31638 ], [ -122.07446, 47.31608 ], [ -122.07456, 47.31608 ], [ -122.07456, 47.31578 ], [ -122.07466, 47.31578 ], [ -122.07466, 47.31538 ], [ -122.07476, 47.31538 ], [ -122.07476, 47.31518 ], [ -122.07496, 47.31518 ], [ -122.07496, 47.31508 ], [ -122.07516, 47.31508 ], [ -122.07516, 47.31498 ], [ -122.07536, 47.31498 ], [ -122.07536, 47.31488 ], [ -122.07566, 47.31488 ], [ -122.07566, 47.31478 ], [ -122.07586, 47.31478 ], [ -122.07586, 47.31458 ], [ -122.07596, 47.31458 ], [ -122.07596, 47.31438 ], [ -122.07646, 47.31438 ], [ -122.07646, 47.31458 ], [ -122.07636, 47.31458 ], [ -122.07636, 47.31498 ], [ -122.07646, 47.31498 ], [ -122.07646, 47.31508 ], [ -122.07656, 47.31508 ], [ -122.07656, 47.31518 ], [ -122.07676, 47.31518 ], [ -122.07676, 47.31528 ], [ -122.07716, 47.31528 ], [ -122.07716, 47.31518 ], [ -122.07736, 47.31518 ], [ -122.07736, 47.31508 ], [ -122.07746, 47.31508 ], [ -122.07746, 47.31488 ], [ -122.07756, 47.31488 ], [ -122.07756, 47.31478 ], [ -122.07766, 47.31478 ], [ -122.07766, 47.31468 ], [ -122.07776, 47.31468 ], [ -122.07776, 47.31458 ], [ -122.07786, 47.31458 ], [ -122.07786, 47.31438 ], [ -122.07796, 47.31438 ], [ -122.07796, 47.31388 ], [ -122.07786, 47.31388 ], [ -122.07786, 47.31368 ], [ -122.07776, 47.31368 ], [ -122.07776, 47.31358 ], [ -122.07766, 47.31358 ], [ -122.07766, 47.31338 ], [ -122.07756, 47.31338 ], [ -122.07756, 47.31328 ], [ -122.07746, 47.31328 ], [ -122.07746, 47.31308 ], [ -122.07756, 47.31308 ], [ -122.07756, 47.31298 ], [ -122.07786, 47.31298 ], [ -122.07786, 47.31308 ], [ -122.07806, 47.31308 ], [ -122.07806, 47.31318 ], [ -122.07816, 47.31318 ], [ -122.07816, 47.31338 ], [ -122.07826, 47.31338 ], [ -122.07826, 47.31428 ], [ -122.07816, 47.31428 ], [ -122.07816, 47.31468 ], [ -122.07826, 47.31468 ], [ -122.07826, 47.31528 ], [ -122.07816, 47.31528 ], [ -122.07816, 47.31558 ], [ -122.07806, 47.31558 ], [ -122.07806, 47.31568 ], [ -122.07796, 47.31568 ], [ -122.07796, 47.31578 ], [ -122.07786, 47.31578 ], [ -122.07786, 47.31588 ], [ -122.07776, 47.31588 ], [ -122.07776, 47.31598 ], [ -122.07766, 47.31598 ], [ -122.07766, 47.31608 ], [ -122.07756, 47.31608 ], [ -122.07756, 47.31618 ], [ -122.07746, 47.31618 ], [ -122.07746, 47.31638 ], [ -122.07736, 47.31638 ], [ -122.07736, 47.31728 ], [ -122.07726, 47.31728 ], [ -122.07726, 47.31758 ], [ -122.07716, 47.31758 ], [ -122.07716, 47.31768 ], [ -122.07706, 47.31768 ], [ -122.07706, 47.31788 ], [ -122.07696, 47.31788 ], [ -122.07696, 47.31798 ] ] ] } },
{ "type": "Feature", "properties": { "slick_id": 68, "centroid": [ -121.955697, 47.31392 ], "bounding_box": [ -121.95756, 47.31178, -121.95376, 47.31608 ], "area_km2": 0.1382, "perimeter_m": 1825.65, "orientation": 101.31, "compactness": 0.521, "confidence": 0.3835 }, "geometry": { "type": "Polygon", "coordinates": [ [ [ -121.95526, 47.31608 ], [ -121.95476, 47.31608 ], [ -121.95476, 47.31598 ], [ -121.95466, 47.31598 ], [ -121.95466, 47.31588 ], [ -121.95456, 47.31588 ], [ -121.95456, 47.31578 ], [ -121.95446, 47.31578 ], [ -121.95446, 47.31568 ], [ -121.95436, 47.31568 ], [ -121.95436, 47.31558 ], [ -121.95426, 47.31558 ], [ -121.95426, 47.31548 ], [ -121.95416, 47.31548 ], [ -121.95416, 47.31528 ], [ -121.95406, 47.31528 ], [ -121.95406, 47.31438 ], [ -121.95396, 47.31438 ], [ -121.95396, 47.31408 ], [ -121.95386, 47.31408 ], [ -121.95386, 47.31378 ], [ -121.95376, 47.31378 ], [ -121.95376, 47.31358 ], [ -121.95386, 47.31358 ], [ -121.95386, 47.31338 ], [ -121.95396, 47.31338 ], [ -121.95396, 47.31328 ], [ -121.95416, 47.31328 ], [ -121.95416, 47.31318 ], [ -121.95436, 47.31318 ], [ -121.95436, 47.31308 ], [ -121.95456, 47.31308 ], [ -121.95456, 47.31298 ], [ -121.95466, 47.31298 ], [ -121.95466, 47.31288 ], [ -121.95476, 47.31288 ], [ -121.95476, 47.31278 ], [ -121.95486, 47.31278 ], [ -121.95486, 47.31268 ], [ -121.95496, 47.31268 ], [ -121.95496, 47.31258 ], [ -121.95506, 47.31258 ], [ -121.95506, 47.31248 ], [ -121.95516, 47.31248 ], [ -121.95516, 47.31208 ], [ -121.95526, 47.31208 ], [ -121.95526, 47.31198 ], [ -121.95556, 47.31198 ], [ -121.95556, 47.31188 ], [ -121.95636, 47.31188 ], [ -121.95636, 47.31198 ], [ -121.95656, 47.31198 ], [ -121.95656, 47.31188 ], [ -121.95676, 47.31188 ], [ -121.95676, 47.31178 ], [ -121.95686, 47.31178 ], [ -121.95686, 47.31188 ], [ -121.95706, 47.31188 ], [ -121.95706, 47.31198 ], [ -121.95716, 47.31198 ], [ -121.95716, 47.31208 ], [ -121.95726, 47.31208 ], [ -121.95726, 47.31238 ], [ -121.95736, 47.31238 ], [ -121.95736, 47.31258 ], [ -121.95746, 47.31258 ], [ -121.95746, 47.31278 ], [ -121.95756, 47.31278 ], [ -121.95756, 47.31308 ], [ -121.95746, 47.31308 ], [ -121.95746, 47.31348 ], [ -121.95736, 47.31348 ], [ -121.95736, 47.31378 ], [ -121.95726, 47.31378 ], [ -121.95726, 47.31398 ], [ -121.95716, 47.31398 ], [ -121.95716, 47.31418 ], [ -121.95706, 47.31418 ], [ -121.95706, 47.31448 ], [ -121.95696, 47.31448 ], [ -121.95696, 47.31478 ], [ -121.95686, 47.31478 ], [ -121.95686, 47.31508 ], [ -121.95676, 47.31508 ], [ -121.95676, 47.31538 ], [ -121.95666, 47.31538 ], [ -121.95666, 47.31548 ], [ -121.95656, 47.31548 ], [ -121.95656, 47.31558 ], [ -121.95646, 47.31558 ], [ -121.95646, 47.31568 ], [ -121.95636, 47.31568 ], [ -121.95636, 47.31578 ], [ -121.95616, 47.31578 ], [ -121.95616, 47.31588 ], [ -121.95556, 47.31588 ], [ -121.95556, 47.31598 ], [ -121.95526, 47.31598 ], [ -121.95526, 47.31608 ] ] ] } },
{ "type": "Feature", "properties": { "slick_id": 69, "centroid": [ -122.394722, 47.309742 ], "bounding_box": [ -122.39576000000001, 47.30918, -122.39386, 47.310379999999995 ], "area_km2": 0.0133, "perimeter_m": 712.45, "orientation": 161.57, "compactness": 0.3283, "confidence": 0.4326 }, "geometry": { "type": "Polygon", "coordinates": [ [ [ -122.39536, 47.31038 ], [ -122.39516, 47.31038 ], [ -122.39516, 47.31028 ], [ -122.39506, 47.31028 ], [ -122.39506, 47.31018 ], [ -122.39496, 47.31018 ], [ -122.39496, 47.30998 ], [ -122.39476, 47.30998 ], [ -122.39476, 47.30988 ], [ -122.39436, 47.30988 ], [ -122.39436, 47.30998 ], [ -122.39396, 47.30998 ], [ -122.39396, 47.30968 ], [ -122.39386, 47.30968 ], [ -122.39386, 47.30958 ], [ -122.39396, 47.30958 ], [ -122.39396, 47.30928 ], [ -122.39406, 47.30928 ], [ -122.39406, 47.30918 ], [ -122.39466, 47.30918 ], [ -122.39466, 47.30928 ], [ -122.39476, 47.30928 ], [ -122.39476, 47.30938 ], [ -122.39486, 47.30938 ], [ -122.39486, 47.30958 ], [ -122.39506, 47.30958 ], [ -122.39506, 47.30968 ], [ -122.39526, 47.30968 ], [ -122.39526, 47.30978 ], [ -122.39546, 47.30978 ], [ -122.39546, 47.30988 ], [ -122.39556, 47.30988 ], [ -122.39556, 47.30998 ], [ -122.39576, 47.30998 ], [ -122.39576, 47.31018 ], [ -122.39556, 47.31018 ], [ -122.39556, 47.31028 ], [ -122.39536, 47.31028 ], [ -122.39536, 47.31038 ] ] ] } },
{ "type": "Feature", "properties": { "slick_id": 70, "centroid": [ -122.400414, 47.308528 ], "bounding_box": [ -122.40186, 47.30468, -122.39916000000001, 47.312979999999996 ], "area_km2": 0.2262, "perimeter_m": 2449.04, "orientation": 90.0, "compactness": 0.4738, "confidence": 0.5649 }, "geometry": { "type": "Polygon", "coordinates": [ [ [ -122.39976, 47.31298 ], [ -122.39966, 47.31298 ], [ -122.39966, 47.31288 ], [ -122.39956, 47.31288 ], [ -122.39956, 47.31268 ], [ -122.39946, 47.31268 ], [ -122.39946, 47.31248 ], [ -122.39936, 47.31248 ], [ -122.39936, 47.31228 ], [ -122.39926, 47.31228 ], [ -122.39926, 47.31098 ], [ -122.39916, 47.31098 ], [ -122.39916, 47.30678 ], [ -122.39926, 47.30678 ], [ -122.39926, 47.30568 ], [ -122.39936, 47.30568 ], [ -122.39936, 47.30548 ], [ -122.39946, 47.30548 ], [ -122.39946, 47.30518 ], [ -122.39956, 47.30518 ], [ -122.39956, 47.30488 ], [ -122.39966, 47.30488 ], [ -122.39966, 47.30478 ], [ -122.39976, 47.30478 ], [ -122.39976, 47.30468 ], [ -122.40086, 47.30468 ], [ -122.40086, 47.30478 ], [ -122.40106, 47.30478 ], [ -122.40106, 47.30488 ], [ -122.40126, 47.30488 ], [ -122.40126, 47.30508 ], [ -122.40136, 47.30508 ], [ -122.40136, 47.30518 ], [ -122.40146, 47.30518 ], [ -122.40146, 47.30548 ], [ -122.40156, 47.30548 ], [ -122.40156, 47.30568 ], [ -122.40166, 47.30568 ], [ -122.40166, 47.30608 ], [ -122.40176, 47.30608 ], [ -122.40176, 47.30668 ], [ -122.40186, 47.30668 ], [ -122.40186, 47.30888 ], [ -122.40176, 47.30888 ], [ -122.40176, 47.31008 ], [ -122.40166, 47.31008 ], [ -122.40166, 47.31048 ], [ -122.40156, 47.31048 ], [ -122.40156, 47.31068 ], [ -122.40146, 47.31068 ], [ -122.40146, 47.31098 ], [ -122.40136, 47.31098 ], [ -122.40136, 47.31118 ], [ -122.40126, 47.31118 ], [ -122.40126, 47.31138 ], [ -122.40116, 47.31138 ], [ -122.40116, 47.31158 ], [ -122.40106, 47.31158 ], [ -122.40106, 47.31168 ], [ -122.40096, 47.31168 ], [ -122.40096, 47.31188 ], [ -122.40086, 47.31188 ], [ -122.40086, 47.31198 ], [ -122.40076, 47.31198 ], [ -122.40076, 47.31208 ], [ -122.40066, 47.31208 ], [ -122.40066, 47.31218 ], [ -122.40056, 47.31218 ], [ -122.40056, 47.31228 ], [ -122.40046, 47.31228 ], [ -122.40046, 47.31238 ], [ -122.40036, 47.31238 ], [ -122.40036, 47.31248 ], [ -122.40026, 47.31248 ], [ -122.40026, 47.31258 ], [ -122.40016, 47.31258 ], [ -122.40016, 47.31268 ], [ -122.40006, 47.31268 ], [ -122.40006, 47.31278 ], [ -122.39996, 47.31278 ], [ -122.39996, 47.31288 ], [ -122.39976, 47.31288 ], [ -122.39976, 47.31298 ] ] ] } },
{ "type": "Feature", "properties": { "slick_id": 71, "centroid": [ -122.055197, 47.303834 ], "bounding_box": [ -122.05876, 47.30188, -122.05196000000001, 47.306079999999994 ], "area_km2": 0.2944, "perimeter_m": 2471.3, "orientation": 0.0, "compactness": 0.6058, "confidence": 0.4934 }, "geometry": { "type": "Polygon", "coordinates": [ [ [ -122.05536, 47.30608 ], [ -122.05426, 47.30608 ], [ -122.05426, 47.30598 ], [ -122.05376, 47.30598 ], [ -122.05376, 47.30608 ], [ -122.05366, 47.30608 ], [ -122.05366, 47.30598 ], [ -122.05336, 47.30598 ], [ -122.05336, 47.30588 ], [ -122.05316, 47.30588 ], [ -122.05316, 47.30578 ], [ -122.05296, 47.30578 ], [ -122.05296, 47.30568 ], [ -122.05286, 47.30568 ], [ -122.05286, 47.30558 ], [ -122.05276, 47.30558 ], [ -122.05276, 47.30548 ], [ -122.05266, 47.30548 ], [ -122.05266, 47.30538 ], [ -122.05256, 47.30538 ], [ -122.05256, 47.30528 ], [ -122.05246, 47.30528 ], [ -122.05246, 47.30508 ], [ -122.05236, 47.30508 ], [ -122.05236, 47.30498 ], [ -122.05226, 47.30498 ], [ -122.05226, 47.30488 ], [ -122.05216, 47.30488 ], [ -122.05216, 47.30478 ], [ -122.05206, 47.30478 ], [ -122.05206, 47.30458 ], [ -122.05196, 47.30458 ], [ -122.05196, 47.30338 ], [ -122.05206, 47.30338 ], [ -122.05206, 47.30308 ], [ -122.05216, 47.30308 ], [ -122.05216, 47.30278 ], [ -122.05226, 47.30278 ], [ -122.05226, 47.30248 ], [ -122.05236, 47.30248 ], [ -122.05236, 47.30228 ], [ -122.05246, 47.30228 ], [ -122.05246, 47.30198 ], [ -122.05256, 47.30198 ], [ -122.05256, 47.30188 ], [ -122.05746, 47.30188 ], [ -122.05746, 47.30198 ], [ -122.05766, 47.30198 ], [ -122.05766, 47.30208 ], [ -122.05776, 47.30208 ], [ -122.05776, 47.30218 ], [ -122.05796, 47.30218 ], [ -122.05796, 47.30228 ], [ -122.05806, 47.30228 ], [ -122.05806, 47.30238 ], [ -122.05826, 47.30238 ], [ -122.05826, 47.30248 ], [ -122.05836, 47.30248 ], [ -122.05836, 47.30258 ], [ -122.05846, 47.30258 ], [ -122.05846, 47.30268 ], [ -122.05856, 47.30268 ], [ -122.05856, 47.30288 ], [ -122.05866, 47.30288 ], [ -122.05866, 47.30318 ], [ -122.05876, 47.30318 ], [ -122.05876, 47.30358 ], [ -122.05866, 47.30358 ], [ -122.05866, 47.30398 ], [ -122.05856, 47.30398 ], [ -122.05856, 47.30408 ], [ -122.05836, 47.30408 ], [ -122.05836, 47.30418 ], [ -122.05826, 47.30418 ], [ -122.05826, 47.30438 ], [ -122.05816, 47.30438 ], [ -122.05816, 47.30448 ], [ -122.05806, 47.30448 ], [ -122.05806, 47.30468 ], [ -122.05796, 47.30468 ], [ -122.05796, 47.30488 ], [ -122.05786, 47.30488 ], [ -122.05786, 47.30508 ], [ -122.05776, 47.30508 ], [ -122.05776, 47.30528 ], [ -122.05766, 47.30528 ], [ -122.05766, 47.30538 ], [ -122.05746, 47.30538 ], [ -122.05746, 47.30548 ], [ -122.05736, 47.30548 ], [ -122.05736, 47.30558 ], [ -122.05726, 47.30558 ], [ -122.05726, 47.30568 ], [ -122.05706, 47.30568 ], [ -122.05706, 47.30578 ], [ -122.05596, 47.30578 ], [ -122.05596, 47.30588 ], [ -122.05576, 47.30588 ], [ -122.05576, 47.30598 ], [ -122.05536, 47.30598 ], [ -122.05536, 47.30608 ] ] ] } },
{ "type": "Feature", "properties": { "slick_id": 72, "centroid": [ -122.400887, 47.296776 ], "bounding_box": [ -122.40186, 47.295379999999994, -122.40006000000001, 47.29808 ], "area_km2": 0.0461, "perimeter_m": 1001.88, "orientation": 90.0, "compactness": 0.5771, "confidence": 0.3291 }, "geometry": { "type": "Polygon", "coordinates": [ [ [ -122.40096, 47.29808 ], [ -122.40036, 47.29808 ], [ -122.40036, 47.29798 ], [ -122.40026, 47.29798 ], [ -122.40026, 47.29788 ], [ -122.40016, 47.29788 ], [ -122.40016, 47.29768 ], [ -122.40006, 47.29768 ], [ -122.40006, 47.29638 ], [ -122.40016, 47.29638 ], [ -122.40016, 47.29608 ], [ -122.40026, 47.29608 ], [ -122.40026, 47.29578 ], [ -122.40036, 47.29578 ], [ -122.40036, 47.29558 ], [ -122.40046, 47.29558 ], [ -122.40046, 47.29548 ], [ -122.40066, 47.29548 ], [ -122.40066, 47.29538 ], [ -122.40106, 47.29538 ], [ -122.40106, 47.29548 ], [ -122.40116, 47.29548 ], [ -122.40116, 47.29558 ], [ -122.40126, 47.29558 ], [ -122.40126, 47.29568 ], [ -122.40136, 47.29568 ], [ -122.40136, 47.29578 ], [ -122.40146, 47.29578 ], [ -122.40146, 47.29588 ], [ -122.40156, 47.29588 ], [ -122.40156, 47.29608 ], [ -122.40166, 47.29608 ], [ -122.40166, 47.29628 ], [ -122.40176, 47.29628 ], [ -122.40176, 47.29658 ], [ -122.40186, 47.29658 ], [ -122.40186, 47.29718 ], [ -122.40176, 47.29718 ], [ -122.40176, 47.29738 ], [ -122.40166, 47.29738 ], [ -122.40166, 47.29748 ], [ -122.40156, 47.29748 ], [ -122.40156, 47.29758 ], [ -122.40146, 47.29758 ], [ -122.40146, 47.29768 ], [ -122.40136, 47.29768 ], [ -122.40136, 47.29778 ], [ -122.40126, 47.29778 ], [ -122.40126, 47.29788 ], [ -122.40106, 47.29788 ], [ -122.40106, 47.29798 ], [ -122.40096, 47.29798 ], [ -122.40096, 47.29808 ] ] ] } },
{ "type": "Feature", "properties": { "slick_id": 73, "centroid": [ -122.101718, 47.28146 ], "bounding_box": [ -122.10406, 47.28048, -122.09956000000001, 47.28268 ], "area_km2": 0.0822, "perimeter_m": 1536.22, "orientation": 10.12, "compactness": 0.4375, "confidence": 0.3469 }, "geometry": { "type": "Polygon", "coordinates": [ [ [ -122.10016, 47.28268 ], [ -122.10006, 47.28268 ], [ -122.10006, 47.28258 ], [ -122.09976, 47.28258 ], [ -122.09976, 47.28248 ], [ -122.09966, 47.28248 ], [ -122.09966, 47.28218 ], [ -122.09956, 47.28218 ], [ -122.09956, 47.28198 ], [ -122.09966, 47.28198 ], [ -122.09966, 47.28128 ], [ -122.09976, 47.28128 ], [ -122.09976, 47.28118 ], [ -122.09986, 47.28118 ], [ -122.09986, 47.28108 ], [ -122.09996, 47.28108 ], [ -122.09996, 47.28098 ], [ -122.10016, 47.28098 ], [ -122.10016, 47.28088 ], [ -122.10036, 47.28088 ], [ -122.10036, 47.28078 ], [ -122.10076, 47.28078 ], [ -122.10076, 47.28068 ], [ -122.10206, 47.28068 ], [ -122.10206, 47.28058 ], [ -122.10246, 47.28058 ], [ -122.10246, 47.28048 ], [ -122.10356, 47.28048 ], [ -122.10356, 47.28058 ], [ -122.10386, 47.28058 ], [ -122.10386, 47.28068 ], [ -122.10396, 47.28068 ], [ -122.10396, 47.28078 ], [ -122.10406, 47.28078 ], [ -122.10406, 47.28138 ], [ -122.10396, 47.28138 ], [ -122.10396, 47.28148 ], [ -122.10386, 47.28148 ], [ -122.10386, 47.28158 ], [ -122.10366, 47.28158 ], [ -122.10366, 47.28168 ], [ -122.10356, 47.28168 ], [ -122.10356, 47.28178 ], [ -122.10336, 47.28178 ], [ -122.10336, 47.28198 ], [ -122.10316, 47.28198 ], [ -122.10316, 47.28208 ], [ -122.10296, 47.28208 ], [ -122.10296, 47.28218 ], [ -122.10266, 47.28218 ], [ -122.10266, 47.28208 ], [ -122.10236, 47.28208 ], [ -122.10236, 47.28198 ], [ -122.10196, 47.28198 ], [ -122.10196, 47.28208 ], [ -122.10176, 47.28208 ], [ -122.10176, 47.28218 ], [ -122.10156, 47.28218 ], [ -122.10156, 47.28228 ], [ -122.10136, 47.28228 ], [ -122.10136, 47.28238 ], [ -122.10116, 47.28238 ], [ -122.10116, 47.28248 ], [ -122.10066, 47.28248 ], [ -122.10066, 47.28258 ], [ -122.10016, 47.28258 ], [ -122.10016, 47.28268 ] ] ] } },
{ "type": "Feature", "properties": { "slick_id": 74, "centroid": [ -122.166451, 47.283413 ], "bounding_box": [ -122.17116, 47.279779999999995, -122.16136, 47.28838 ], "area_km2": 0.579, "perimeter_m": 4230.16, "orientation": 137.44, "compactness": 0.4066, "confidence": 0.5397 }, "geometry": { "type": "Polygon", "coordinates": [ [ [ -122.16696, 47.28838 ], [ -122.16676, 47.28838 ], [ -122.16676, 47.28828 ], [ -122.16666, 47.28828 ], [ -122.16666, 47.28818 ], [ -122.16656, 47.28818 ], [ -122.16656, 47.28808 ], [ -122.16646, 47.28808 ], [ -122.16646, 47.28798 ], [ -122.16636, 47.28798 ], [ -122.16636, 47.28788 ], [ -122.16626, 47.28788 ], [ -122.16626, 47.28768 ], [ -122.16616, 47.28768 ], [ -122.16616, 47.28748 ], [ -122.16606, 47.28748 ], [ -122.16606, 47.28728 ], [ -122.16596, 47.28728 ], [ -122.16596, 47.28718 ], [ -122.16586, 47.28718 ], [ -122.16586, 47.28708 ], [ -122.16566, 47.28708 ], [ -122.16566, 47.28698 ], [ -122.16546, 47.28698 ], [ -122.16546, 47.28688 ], [ -122.16536, 47.28688 ], [ -122.16536, 47.28678 ], [ -122.16526, 47.28678 ], [ -122.16526, 47.28668 ], [ -122.16516, 47.28668 ], [ -122.16516, 47.28648 ], [ -122.16506, 47.28648 ], [ -122.16506, 47.28628 ], [ -122.16496, 47.28628 ], [ -122.16496, 47.28608 ], [ -122.16486, 47.28608 ], [ -122.16486, 47.28598 ], [ -122.16476, 47.28598 ], [ -122.16476, 47.28588 ], [ -122.16466, 47.28588 ], [ -122.16466, 47.28578 ], [ -122.16446, 47.28578 ], [ -122.16446, 47.28568 ], [ -122.16436, 47.28568 ], [ -122.16436, 47.28558 ], [ -122.16426, 47.28558 ], [ -122.16426, 47.28548 ], [ -122.16416, 47.28548 ], [ -122.16416, 47.28528 ], [ -122.16406, 47.28528 ], [ -122.16406, 47.28518 ], [ -122.16396, 47.28518 ], [ -122.16396, 47.28508 ], [ -122.16386, 47.28508 ], [ -122.16386, 47.28498 ], [ -122.16376, 47.28498 ], [ -122.16376, 47.28488 ], [ -122.16366, 47.28488 ], [ -122.16366, 47.28478 ], [ -122.16346, 47.28478 ], [ -122.16346, 47.28468 ], [ -122.16326, 47.28468 ], [ -122.16326, 47.28458 ], [ -122.16286, 47.28458 ], [ -122.16286, 47.28448 ], [ -122.16266, 47.28448 ], [ -122.16266, 47.28438 ], [ -122.16256, 47.28438 ], [ -122.16256, 47.28428 ], [ -122.16246, 47.28428 ], [ -122.16246, 47.28418 ], [ -122.16236, 47.28418 ], [ -122.16236, 47.28408 ], [ -122.16216, 47.28408 ], [ -122.16216, 47.28398 ], [ -122.16206, 47.28398 ], [ -122.16206, 47.28388 ], [ -122.16186, 47.28388 ], [ -122.16186, 47.28368 ], [ -122.16176, 47.28368 ], [ -122.16176, 47.28358 ], [ -122.16166, 47.28358 ], [ -122.16166, 47.28348 ], [ -122.16146, 47.28348 ], [ -122.16146, 47.28338 ], [ -122.16136, 47.28338 ], [ -122.16136, 47.28288 ], [ -122.16146, 47.28288 ], [ -122.16146, 47.28258 ], [ -122.16156, 47.28258 ], [ -122.16156, 47.28238 ], [ -122.16176, 47.28238 ], [ -122.16176, 47.28228 ], [ -122.16186, 47.28228 ], [ -122.16186, 47.28208 ], [ -122.16196, 47.28208 ], [ -122.16196, 47.28198 ], [ -122.16206, 47.28198 ], [ -122.16206, 47.28188 ], [ -122.16226, 47.28188 ], [ -122.16226, 47.28178 ], [ -122.16236, 47.28178 ], [ -122.16236, 47.28168 ], [ -122.16246, 47.28168 ], [ -122.16246, 47.28158 ], [ -122.16256, 47.28158 ], [ -122.16256, 47.28148 ], [ -122.16266, 47.28148 ], [ -122.16266, 47.28138 ], [ -122.16286, 47.28138 ], [ -122.16286, 47.28128 ], [ -122.16296, 47.28128 ], [ -122.16296, 47.28118 ], [ -122.16306, 47.28118 ], [ -122.16306, 47.28108 ], [ -122.16316, 47.28108 ], [ -122.16316, 47.28098 ], [ -122.16326, 47.28098 ], [ -122.16326, 47.28088 ], [ -122.16336, 47.28088 ], [ -122.16336, 47.28078 ], [ -122.16346, 47.28078 ], [ -122.16346, 47.28068 ], [ -122.16366, 47.28068 ], [ -122.16366, 47.28058 ], [ -122.16386, 47.28058 ], [ -122.16386, 47.28048 ], [ -122.16406, 47.28048 ], [ -122.16406, 47.28038 ], [ -122.16466, 47.28038 ], [ -122.16466, 47.28028 ], [ -122.16506, 47.28028 ], [ -122.16506, 47.28038 ], [ -122.16516, 47.28038 ], [ -122.16516, 47.28028 ], [ -122.16536, 47.28028 ], [ -122.16536, 47.28018 ], [ -122.16546, 47.28018 ], [ -122.16546, 47.28008 ], [ -122.16556, 47.28008 ], [ -122.16556, 47.27998 ], [ -122.16566, 47.27998 ], [ -122.16566, 47.27988 ], [ -122.16596, 47.27988 ], [ -122.16596, 47.27978 ], [ -122.16676, 47.27978 ], [ -122.16676, 47.27988 ], [ -122.16706, 47.27988 ], [ -122.16706, 47.27998 ], [ -122.16726, 47.27998 ], [ -122.16726, 47.28008 ], [ -122.16746, 47.28008 ], [ -122.16746, 47.28018 ], [ -122.16756, 47.28018 ], [ -122.16756, 47.28028 ], [ -122.16766, 47.28028 ], [ -122.16766, 47.28038 ], [ -122.16786, 47.28038 ], [ -122.16786, 47.28048 ], [ -122.16796, 47.28048 ], [ -122.16796, 47.28058 ], [ -122.16806, 47.28058 ], [ -122.16806, 47.28068 ], [ -122.16826, 47.28068 ], [ -122.16826, 47.28078 ], [ -122.16836, 47.28078 ], [ -122.16836, 47.28088 ], [ -122.16856, 47.28088 ], [ -122.16856, 47.28098 ], [ -122.16886, 47.28098 ], [ -122.16886, 47.28108 ], [ -122.16916, 47.28108 ], [ -122.16916, 47.28118 ], [ -122.16936, 47.28118 ], [ -122.16936, 47.28128 ], [ -122.16946, 47.28128 ], [ -122.16946, 47.28138 ], [ -122.16956, 47.28138 ], [ -122.16956, 47.28158 ], [ -122.16966, 47.28158 ], [ -122.16966, 47.28168 ], [ -122.16986, 47.28168 ], [ -122.16986, 47.28178 ], [ -122.17016, 47.28178 ], [ -122.17016, 47.28188 ], [ -122.17046, 47.28188 ], [ -122.17046, 47.28198 ], [ -122.17066, 47.28198 ], [ -122.17066, 47.28208 ], [ -122.17086, 47.28208 ], [ -122.17086, 47.28228 ], [ -122.17096, 47.28228 ], [ -122.17096, 47.28268 ], [ -122.17086, 47.28268 ], [ -122.17086, 47.28348 ], [ -122.17096, 47.28348 ], [ -122.17096, 47.28368 ], [ -122.17106, 47.28368 ], [ -122.17106, 47.28388 ], [ -122.17116, 47.28388 ], [ -122.17116, 47.28448 ], [ -122.17106, 47.28448 ], [ -122.17106, 47.28468 ], [ -122.17096, 47.28468 ], [ -122.17096, 47.28478 ], [ -122.17086, 47.28478 ], [ -122.17086, 47.28498 ], [ -122.17076, 47.28498 ], [ -122.17076, 47.28508 ], [ -122.17066, 47.28508 ], [ -122.17066, 47.28518 ], [ -122.17046, 47.28518 ], [ -122.17046, 47.28528 ], [ -122.17036, 47.28528 ], [ -122.17036, 47.28518 ], [ -122.17016, 47.28518 ], [ -122.17016, 47.28508 ], [ -122.16996, 47.28508 ], [ -122.16996, 47.28518 ], [ -122.16976, 47.28518 ], [ -122.16976, 47.28528 ], [ -122.16966, 47.28528 ], [ -122.16966, 47.28538 ], [ -122.16956, 47.28538 ], [ -122.16956, 47.28548 ], [ -122.16946, 47.28548 ], [ -122.16946, 47.28568 ], [ -122.16936, 47.28568 ], [ -122.16936, 47.28578 ], [ -122.16926, 47.28578 ], [ -122.16926, 47.28588 ], [ -122.16906, 47.28588 ], [ -122.16906, 47.28598 ], [ -122.16886, 47.28598 ], [ -122.16886, 47.28608 ], [ -122.16876, 47.28608 ], [ -122.16876, 47.28598 ], [ -122.16836, 47.28598 ], [ -122.16836, 47.28608 ], [ -122.16796, 47.28608 ], [ -122.16796, 47.28618 ], [ -122.16776, 47.28618 ], [ -122.16776, 47.28628 ], [ -122.16766, 47.28628 ], [ -122.16766, 47.28638 ], [ -122.16746, 47.28638 ], [ -122.16746, 47.28648 ], [ -122.16736, 47.28648 ], [ -122.16736, 47.28668 ], [ -122.16726, 47.28668 ], [ -122.16726, 47.28728 ], [ -122.16716, 47.28728 ], [ -122.16716, 47.28798 ], [ -122.16726, 47.28798 ], [ -122.16726, 47.28808 ], [ -122.16716, 47.28808 ], [ -122.16716, 47.28818 ], [ -122.16706, 47.28818 ], [ -122.16706, 47.28828 ], [ -122.16696, 47.28828 ], [ -122.16696, 47.28838 ] ] ] } },
{ "type": "Feature", "properties": { "slick_id": 75, "centroid": [ -121.768412, 47.27905 ], "bounding_box": [ -121.76996000000001, 47.276779999999995, -121.76586, 47.281879999999994 ], "area_km2": 0.1635, "perimeter_m": 2159.61, "orientation": 91.59, "compactness": 0.4404, "confidence": 0.3326 }, "geometry": { "type": "Polygon", "coordinates": [ [ [ -121.76946, 47.28188 ], [ -121.76916, 47.28188 ], [ -121.76916, 47.28178 ], [ -121.76886, 47.28178 ], [ -121.76886, 47.28168 ], [ -121.76866, 47.28168 ], [ -121.76866, 47.28158 ], [ -121.76846, 47.28158 ], [ -121.76846, 47.28148 ], [ -121.76826, 47.28148 ], [ -121.76826, 47.28138 ], [ -121.76806, 47.28138 ], [ -121.76806, 47.28128 ], [ -121.76796, 47.28128 ], [ -121.76796, 47.28118 ], [ -121.76786, 47.28118 ], [ -121.76786, 47.28108 ], [ -121.76776, 47.28108 ], [ -121.76776, 47.28098 ], [ -121.76766, 47.28098 ], [ -121.76766, 47.28088 ], [ -121.76756, 47.28088 ], [ -121.76756, 47.28068 ], [ -121.76746, 47.28068 ], [ -121.76746, 47.28048 ], [ -121.76736, 47.28048 ], [ -121.76736, 47.28038 ], [ -121.76726, 47.28038 ], [ -121.76726, 47.28018 ], [ -121.76716, 47.28018 ], [ -121.76716, 47.27988 ], [ -121.76706, 47.27988 ], [ -121.76706, 47.27958 ], [ -121.76696, 47.27958 ], [ -121.76696, 47.27928 ], [ -121.76686, 47.27928 ], [ -121.76686, 47.27888 ], [ -121.76676, 47.27888 ], [ -121.76676, 47.27828 ], [ -121.76686, 47.27828 ], [ -121.76686, 47.27778 ], [ -121.76696, 47.27778 ], [ -121.76696, 47.27728 ], [ -121.76676, 47.27728 ], [ -121.76676, 47.27718 ], [ -121.76646, 47.27718 ], [ -121.76646, 47.27708 ], [ -121.76626, 47.27708 ], [ -121.76626, 47.27698 ], [ -121.76586, 47.27698 ], [ -121.76586, 47.27688 ], [ -121.76636, 47.27688 ], [ -121.76636, 47.27678 ], [ -121.76976, 47.27678 ], [ -121.76976, 47.27688 ], [ -121.76986, 47.27688 ], [ -121.76986, 47.27698 ], [ -121.76976, 47.27698 ], [ -121.76976, 47.27718 ], [ -121.76966, 47.27718 ], [ -121.76966, 47.27738 ], [ -121.76956, 47.27738 ], [ -121.76956, 47.27778 ], [ -121.76966, 47.27778 ], [ -121.76966, 47.27838 ], [ -121.76976, 47.27838 ], [ -121.76976, 47.27918 ], [ -121.76986, 47.27918 ], [ -121.76986, 47.28048 ], [ -121.76996, 47.28048 ], [ -121.76996, 47.28098 ], [ -121.76986, 47.28098 ], [ -121.76986, 47.28158 ], [ -121.76976, 47.28158 ], [ -121.76976, 47.28178 ], [ -121.76946, 47.28178 ], [ -121.76946, 47.28188 ] ] ] } },
{ "type": "Feature", "properties": { "slick_id": 77, "centroid": [ -121.769198, 47.269268 ], "bounding_box": [ -121.77076000000001, 47.26878, -121.76816000000001, 47.27008 ], "area_km2": 0.0221, "perimeter_m": 868.3, "orientation": 0.0, "compactness": 0.3677, "confidence": 0.3451 }, "geometry": { "type": "Polygon", "coordinates": [ [ [ -121.76936, 47.27008 ], [ -121.76906, 47.27008 ], [ -121.76906, 47.26998 ], [ -121.76886, 47.26998 ], [ -121.76886, 47.26988 ], [ -121.76876, 47.26988 ], [ -121.76876, 47.26978 ], [ -121.76866, 47.26978 ], [ -121.76866, 47.26968 ], [ -121.76856, 47.26968 ], [ -121.76856, 47.26958 ], [ -121.76846, 47.26958 ], [ -121.76846, 47.26938 ], [ -121.76836, 47.26938 ], [ -121.76836, 47.26918 ], [ -121.76826, 47.26918 ], [ -121.76826, 47.26898 ], [ -121.76816, 47.26898 ], [ -121.76816, 47.26878 ], [ -121.77076, 47.26878 ], [ -121.77076, 47.26888 ], [ -121.77036, 47.26888 ], [ -121.77036, 47.26898 ], [ -121.77016, 47.26898 ], [ -121.77016, 47.26908 ], [ -121.76996, 47.26908 ], [ -121.76996, 47.26918 ], [ -121.76986, 47.26918 ], [ -121.76986, 47.26928 ], [ -121.76976, 47.26928 ], [ -121.76976, 47.26958 ], [ -121.76966, 47.26958 ], [ -121.76966, 47.26988 ], [ -121.76946, 47.26988 ], [ -121.76946, 47.26998 ], [ -121.76936, 47.26998 ], [ -121.76936, 47.27008 ] ] ] } }
]
}
